countystate_name,population,median_household_income,people_below_poverty,employed_population,unemployed_population,bachelors_degree,median_home_value,state,county,poverty_rate,employment_rate,unemployment_rate,education_rate
"Autauga County, Alabama",59285.0,69841.0,6275.0,27070.0,688.0,6518.0,197900.0,1,1,10.584464873070761,97.52143526190648,2.4785647380935227,10.994349329509994
"Baldwin County, Alabama",239945.0,75019.0,24819.0,113171.0,3615.0,35348.0,287000.0,1,3,10.343620413011315,96.90459472882024,3.095405271179765,14.731709350059388
"Barbour County, Alabama",24757.0,44290.0,4746.0,9074.0,518.0,1179.0,109900.0,1,5,19.17033566264087,94.59966638865721,5.400333611342786,4.762289453487902
"Bibb County, Alabama",22152.0,51215.0,4258.0,9375.0,936.0,1121.0,132600.0,1,7,19.22174070061394,90.92231597323247,9.07768402676753,5.060491152040448
"Blount County, Alabama",59292.0,61096.0,8269.0,27180.0,1586.0,4088.0,169700.0,1,9,13.946232206705794,94.4865466175346,5.513453382465411,6.894690683397423
"Bullock County, Alabama",10157.0,36723.0,2344.0,3848.0,226.0,493.0,79400.0,1,11,23.077680417446096,94.45262641138929,5.547373588610702,4.853795412031111
"Butler County, Alabama",18807.0,44881.0,3881.0,8026.0,545.0,1046.0,99700.0,1,13,20.635933429042378,93.64134873410337,6.358651265896628,5.561758919551231
"Calhoun County, Alabama",116141.0,55826.0,19558.0,52221.0,3362.0,9842.0,149500.0,1,15,16.83987566836862,93.95138801432093,6.0486119856790745,8.474182243996522
"Chambers County, Alabama",34450.0,49295.0,5214.0,15297.0,759.0,2386.0,129700.0,1,17,15.134978229317852,95.2727952167414,4.727204783258595,6.925979680696662
"Cherokee County, Alabama",25224.0,50769.0,3606.0,10758.0,370.0,1726.0,165900.0,1,19,14.295908658420553,96.67505391804457,3.324946081955428,6.842689502061529
"Chilton County, Alabama",45500.0,61873.0,6111.0,19943.0,1076.0,2858.0,142300.0,1,21,13.43076923076923,94.88082211332603,5.1191778866739615,6.281318681318682
"Choctaw County, Alabama",12525.0,44483.0,2413.0,4816.0,265.0,891.0,111800.0,1,23,19.265469061876246,94.78449124188153,5.215508758118481,7.11377245508982
"Clarke County, Alabama",22802.0,49167.0,4607.0,9256.0,1218.0,1545.0,126400.0,1,25,20.204368037891413,88.37120488829483,11.628795111705175,6.775721427944917
"Clay County, Alabama",14188.0,51852.0,2295.0,5657.0,197.0,1154.0,144700.0,1,27,16.17564138708768,96.63477963785446,3.3652203621455414,8.133634056949536
"Cleburne County, Alabama",15254.0,53319.0,1984.0,6018.0,93.0,1201.0,144200.0,1,29,13.006424544381801,98.47815414825725,1.5218458517427589,7.873344696473056
"Coffee County, Alabama",54231.0,64672.0,9409.0,22983.0,999.0,4497.0,180300.0,1,31,17.349855248842914,95.83437578183637,4.165624218163623,8.292305139127068
"Colbert County, Alabama",57648.0,56736.0,9626.0,26965.0,884.0,5274.0,161600.0,1,33,16.69789064668332,96.82573880570217,3.1742611942978205,9.148626144879266
"Conecuh County, Alabama",11411.0,42266.0,3125.0,3822.0,316.0,565.0,101300.0,1,35,27.38585575322058,92.36346060898984,7.63653939101015,4.9513627201822805
"Coosa County, Alabama",10323.0,57063.0,1161.0,4115.0,208.0,815.0,111800.0,1,37,11.246730601569311,95.18852648623641,4.81147351376359,7.894991765959508
"Covington County, Alabama",37647.0,50886.0,6681.0,15841.0,723.0,2596.0,142500.0,1,39,17.746433978803093,95.63511229171698,4.364887708283023,6.895635774430897
"Crenshaw County, Alabama",13144.0,49040.0,2081.0,5445.0,265.0,1046.0,108400.0,1,41,15.832318928788801,95.35901926444834,4.640980735551663,7.958003651856361
"Cullman County, Alabama",89463.0,60916.0,12299.0,41633.0,1739.0,7754.0,180500.0,1,43,13.747582799593127,95.99050078391589,4.00949921608411,8.66727026815555
"Dale County, Alabama",49516.0,53955.0,9078.0,19110.0,1299.0,4370.0,129100.0,1,45,18.33346796994911,93.6351609584007,6.364839041599295,8.825430163987399
"Dallas County, Alabama",37536.0,36810.0,10748.0,15567.0,1699.0,2868.0,97400.0,1,47,28.633844842284738,90.15985173172709,9.840148268272907,7.640664961636828
"DeKalb County, Alabama",71946.0,51149.0,14405.0,31994.0,1359.0,4115.0,135500.0,1,49,20.021960915130794,95.92540401163315,4.074595988366863,5.719567453367803
"Elmore County, Alabama",88669.0,75553.0,8652.0,41141.0,1607.0,9976.0,213600.0,1,51,9.757637956895872,96.24075980162814,3.7592401983718533,11.250831745029267
"Escambia County, Alabama",36695.0,44447.0,7238.0,14357.0,1313.0,2080.0,122700.0,1,53,19.724758141436162,91.62093171665603,8.379068283343969,5.668347186265159
"Etowah County, Alabama",103208.0,53070.0,17401.0,46145.0,2911.0,7698.0,160600.0,1,55,16.860127121928535,94.06596542726679,5.934034572733203,7.45872412991241
"Fayette County, Alabama",16173.0,50733.0,2967.0,6839.0,648.0,1107.0,121200.0,1,57,18.3453904655908,91.34499799652731,8.655002003472687,6.844741235392321
"Franklin County, Alabama",31978.0,51493.0,5476.0,13927.0,501.0,2036.0,128000.0,1,59,17.12427293764463,96.52758525090103,3.472414749098974,6.366877228094314
"Geneva County, Alabama",26726.0,50951.0,5035.0,11617.0,571.0,1812.0,120200.0,1,61,18.839332485220382,95.31506399737447,4.684936002625533,6.779914689815161
"Greene County, Alabama",7589.0,31495.0,2697.0,2457.0,82.0,396.0,86400.0,1,63,35.53827908815391,96.7703820401733,3.2296179598267036,5.218078798260641
"Hale County, Alabama",14749.0,41325.0,3454.0,5765.0,339.0,1100.0,126300.0,1,65,23.418536849955927,94.44626474442988,5.553735255570118,7.458132754763034
"Henry County, Alabama",17450.0,60135.0,2695.0,7709.0,254.0,1805.0,147800.0,1,67,15.444126074498568,96.81024739419817,3.1897526058018335,10.343839541547279
"Houston County, Alabama",107628.0,57531.0,19198.0,48670.0,2220.0,10662.0,178000.0,1,69,17.83736574125692,95.63764983297308,4.362350167026921,9.90634407403278
"Jackson County, Alabama",52839.0,49454.0,8758.0,22255.0,1197.0,3583.0,145800.0,1,71,16.574878404209013,94.89595770083575,5.1040422991642505,6.780976172902591
"Jefferson County, Alabama",669744.0,64589.0,106524.0,325383.0,15638.0,96623.0,224900.0,1,73,15.90518168135885,95.41435864653496,4.585641353465036,14.426855634391647
"Lamar County, Alabama",13809.0,47447.0,2061.0,5579.0,357.0,678.0,112700.0,1,75,14.925048881164457,93.98584905660378,6.014150943396227,4.909841407777536
"Lauderdale County, Alabama",95037.0,59082.0,12584.0,45158.0,1776.0,10681.0,185800.0,1,77,13.241158706609005,96.2159628414369,3.784037158563089,11.23878068541726
"Lawrence County, Alabama",33182.0,60040.0,4506.0,14789.0,304.0,2421.0,150700.0,1,79,13.579651618347297,97.9858212416352,2.014178758364805,7.296124404797783
"Lee County, Alabama",177663.0,61123.0,32119.0,86157.0,3197.0,24876.0,238700.0,1,81,18.078609502259894,96.42209638068805,3.57790361931195,14.001789905607808
"Limestone County, Alabama",107577.0,83534.0,10561.0,51739.0,1915.0,14425.0,255100.0,1,83,9.817154224415999,96.43083460692587,3.569165393074142,13.409000065069671
"Lowndes County, Alabama",10008.0,35160.0,2913.0,3908.0,283.0,636.0,80600.0,1,85,29.106714628297365,93.24743497971845,6.752565020281557,6.3549160671462825
"Macon County, Alabama",18951.0,45951.0,3611.0,8370.0,894.0,1311.0,95700.0,1,87,19.054403461558756,90.34974093264249,9.650259067357512,6.917840747190122
"Madison County, Alabama",397135.0,83528.0,40401.0,206284.0,7818.0,73736.0,267800.0,1,89,10.173114935727146,96.34846942111703,3.6515305788829626,18.566986037493546
"Marengo County, Alabama",19027.0,44205.0,4241.0,7592.0,182.0,1562.0,103400.0,1,91,22.289378251957746,97.65886287625418,2.341137123745819,8.209386661060599
"Marion County, Alabama",29190.0,50714.0,4809.0,12112.0,746.0,1752.0,104300.0,1,93,16.47482014388489,94.19816456680665,5.801835433193343,6.002055498458376
"Marshall County, Alabama",98712.0,60946.0,15841.0,43420.0,1607.0,9466.0,183400.0,1,95,16.047694302617714,96.43103027072645,3.5689697292735465,9.589512926493232
"Mobile County, Alabama",413162.0,58119.0,65948.0,189058.0,10044.0,45444.0,176600.0,1,97,15.961777704629176,94.95534951934185,5.044650480658155,10.999075423199617
"Monroe County, Alabama",19580.0,40225.0,4371.0,7187.0,853.0,842.0,114900.0,1,99,22.32379979570991,89.3905472636816,10.609452736318408,4.300306435137896
"Montgomery County, Alabama",227197.0,58153.0,41981.0,104540.0,6265.0,30013.0,160100.0,1,101,18.477796801894392,94.34592301791436,5.654076982085646,13.210121612521291
"Morgan County, Alabama",123742.0,64858.0,16441.0,57237.0,2288.0,12989.0,193000.0,1,103,13.286515491910588,96.1562368752625,3.8437631247375053,10.49684019977049
"Perry County, Alabama",8231.0,34368.0,2296.0,2561.0,404.0,545.0,87700.0,1,105,27.894545012756648,86.3743676222597,13.625632377740304,6.6213096829060865
"Pickens County, Alabama",18843.0,47014.0,3878.0,7351.0,477.0,1245.0,123300.0,1,107,20.58058695536804,93.90648952478283,6.093510475217169,6.607228148384016
"Pike County, Alabama",32953.0,47961.0,7130.0,15308.0,592.0,3102.0,149000.0,1,109,21.636876763875822,96.27672955974843,3.723270440251572,9.413406973568415
"Randolph County, Alabama",22310.0,51551.0,3983.0,9413.0,263.0,1899.0,184000.0,1,111,17.85298072613178,97.28193468375362,2.718065316246383,8.511878081577768
"Russell County, Alabama",58858.0,50046.0,12966.0,24059.0,1599.0,4323.0,152300.0,1,113,22.029290835570357,93.7680255670746,6.231974432925404,7.34479594957355
"St. Clair County, Alabama",92903.0,78993.0,10129.0,44513.0,1981.0,8822.0,218500.0,1,115,10.902769555342669,95.73923517012948,4.260764829870521,9.495925858153127
"Shelby County, Alabama",226955.0,93543.0,15442.0,118845.0,3463.0,46948.0,298700.0,1,117,6.803991980789144,97.16862347516107,2.8313765248389315,20.686039082637528
"Sumter County, Alabama",12020.0,37981.0,2801.0,4654.0,400.0,753.0,84100.0,1,119,23.302828618968384,92.08547685001979,7.914523149980214,6.264559068219635
"Talladega County, Alabama",81170.0,56249.0,13665.0,34911.0,2814.0,5312.0,137900.0,1,121,16.835037575458912,92.54075546719682,7.45924453280318,6.544289762227424
"Tallapoosa County, Alabama",41070.0,57185.0,6128.0,17794.0,1334.0,3560.0,144800.0,1,123,14.920866812758703,93.02593057298202,6.974069427017985,8.668127587046506
"Tuscaloosa County, Alabama",234036.0,63947.0,36620.0,117414.0,6310.0,26261.0,233700.0,1,125,15.647165393358286,94.8999385729527,5.100061427047299,11.22092327676084
"Walker County, Alabama",64886.0,54509.0,11429.0,27210.0,1188.0,4328.0,131100.0,1,127,17.61396911506334,95.81660680329601,4.183393196703993,6.6701599728755046
"Washington County, Alabama",15270.0,60503.0,2793.0,6208.0,383.0,917.0,152800.0,1,129,18.290766208251476,94.18904566833561,5.810954331664391,6.005239030779306
"Wilcox County, Alabama",10347.0,42236.0,2943.0,3842.0,465.0,554.0,84200.0,1,131,28.443026964337488,89.20362201068028,10.796377989319712,5.354208949453948
"Winston County, Alabama",23637.0,48032.0,4506.0,10098.0,421.0,1411.0,110500.0,1,133,19.0633329102678,95.99771841429794,4.002281585702063,5.969454668528154
"Aleutians East Borough, Alaska",3423.0,72692.0,423.0,2415.0,92.0,336.0,144300.0,2,13,12.357581069237511,96.3302752293578,3.669724770642202,9.815950920245399
"Aleutians West Census Area, Alaska",5178.0,107344.0,459.0,3786.0,154.0,581.0,419100.0,2,16,8.864426419466975,96.09137055837563,3.908629441624366,11.220548474314407
"Anchorage Municipality, Alaska",289069.0,98152.0,26226.0,148752.0,6811.0,45019.0,375900.0,2,20,9.072574368057454,95.62170953247238,4.378290467527625,15.573790340714499
"Bethel Census Area, Alaska",18487.0,70616.0,4351.0,7641.0,1077.0,566.0,120600.0,2,50,23.53545734840699,87.64624913971095,12.353750860289058,3.0616108616865905
"Bristol Bay Borough, Alaska",878.0,100625.0,83.0,472.0,19.0,140.0,269800.0,2,60,9.453302961275627,96.13034623217924,3.8696537678207736,15.945330296127564
"Chugach Census Area, Alaska",6964.0,88565.0,326.0,3672.0,319.0,985.0,330900.0,2,63,4.681217690982194,92.00701578551741,7.992984214482586,14.144170017231476
"Copper River Census Area, Alaska",2626.0,75053.0,295.0,1144.0,87.0,319.0,246700.0,2,66,11.233815689261235,92.93257514216084,7.067424857839155,12.147753236862147
"Denali Borough, Alaska",2029.0,88935.0,131.0,1362.0,17.0,261.0,262000.0,2,68,6.45638245441104,98.76722262509064,1.2327773749093547,12.863479546574666
"Dillingham Census Area, Alaska",4780.0,74250.0,774.0,2102.0,226.0,374.0,163800.0,2,70,16.19246861924686,90.29209621993127,9.70790378006873,7.8242677824267775
"Fairbanks North Star Borough, Alaska",95555.0,84722.0,5669.0,42991.0,2118.0,12151.0,282500.0,2,90,5.93270891109832,95.30470637788468,4.6952936221153205,12.716236722306526
"Haines Borough, Alaska",2077.0,72607.0,126.0,892.0,42.0,325.0,318900.0,2,100,6.066441983630236,95.50321199143468,4.496788008565311,15.647568608570053
"Hoonah-Angoon Census Area, Alaska",2313.0,62500.0,291.0,1263.0,213.0,278.0,278300.0,2,105,12.5810635538262,85.56910569105692,14.43089430894309,12.019022913964548
"Juneau City and Borough, Alaska",31969.0,100513.0,2565.0,17178.0,692.0,5864.0,432500.0,2,110,8.02339766648941,96.12758813654169,3.8724118634583102,18.342769558009323
"Kenai Peninsula Borough, Alaska",59843.0,77722.0,6790.0,26892.0,1858.0,8110.0,297500.0,2,122,11.346356298982336,93.53739130434782,6.4626086956521736,13.552128068445764
"Ketchikan Gateway Borough, Alaska",13870.0,89155.0,1300.0,7134.0,248.0,1817.0,379000.0,2,130,9.372746935832732,96.64047683554593,3.3595231644540777,13.100216294160058
"Kodiak Island Borough, Alaska",12878.0,83716.0,966.0,6382.0,306.0,1727.0,382700.0,2,150,7.501164777139308,95.42464114832536,4.5753588516746415,13.410467463891909
"Kusilvak Census Area, Alaska",8277.0,48233.0,2555.0,2936.0,531.0,194.0,72700.0,2,158,30.868672224235834,84.68416498413615,15.31583501586386,2.343844388063308
"Lake and Peninsula Borough, Alaska",1007.0,64000.0,152.0,559.0,53.0,80.0,166100.0,2,164,15.09433962264151,91.33986928104575,8.660130718954248,7.944389275074479
"Matanuska-Susitna Borough, Alaska",110677.0,90625.0,11111.0,50338.0,3024.0,11510.0,319200.0,2,170,10.039122852986619,94.33304598778157,5.666954012218432,10.399631359722436
"Nome Census Area, Alaska",9925.0,76643.0,2026.0,4404.0,696.0,466.0,201000.0,2,180,20.413098236775816,86.3529411764706,13.647058823529413,4.69521410579345
"North Slope Borough, Alaska",10891.0,86313.0,897.0,6594.0,437.0,647.0,219600.0,2,185,8.236158295840603,93.78466789930309,6.215332100696914,5.940684969240658
"Northwest Arctic Borough, Alaska",7611.0,81298.0,1384.0,2987.0,488.0,345.0,162500.0,2,188,18.184207068716333,85.9568345323741,14.043165467625899,4.532912889239259
"Petersburg Borough, Alaska",3394.0,77026.0,188.0,1796.0,76.0,467.0,301300.0,2,195,5.53918680023571,95.94017094017094,4.05982905982906,13.759575721862111
"Prince of Wales-Hyder Census Area, Alaska",5730.0,59079.0,858.0,2869.0,233.0,493.0,221800.0,2,198,14.973821989528796,92.48871695680207,7.511283043197937,8.603839441535776
"Sitka City and Borough, Alaska",8393.0,101207.0,688.0,4585.0,327.0,1330.0,442100.0,2,220,8.197307279876087,93.3428338762215,6.657166123778502,15.846538782318598
"Skagway Municipality, Alaska",1308.0,78594.0,81.0,876.0,83.0,221.0,430000.0,2,230,6.192660550458716,91.3451511991658,8.654848800834202,16.896024464831804
"Southeast Fairbanks Census Area, Alaska",6936.0,74223.0,911.0,3031.0,209.0,624.0,262800.0,2,240,13.13437139561707,93.54938271604938,6.450617283950617,8.996539792387544
"Wrangell City and Borough, Alaska",2106.0,64545.0,227.0,881.0,31.0,218.0,289700.0,2,275,10.778727445394113,96.60087719298247,3.399122807017544,10.351377018043685
"Yakutat City and Borough, Alaska",506.0,80625.0,39.0,296.0,4.0,43.0,185000.0,2,282,7.707509881422925,98.66666666666667,1.3333333333333335,8.49802371541502
"Yukon-Koyukuk Census Area, Alaska",5271.0,52642.0,1086.0,2666.0,173.0,302.0,87800.0,2,290,20.603301081388732,93.90630503698485,6.093694963015146,5.729463099981028
"Apache County, Arizona",65680.0,40338.0,20070.0,20532.0,2057.0,3769.0,68500.0,4,1,30.557247259439706,90.89379786621808,9.10620213378193,5.738428745432399
"Cochise County, Arizona",125458.0,58970.0,18544.0,46480.0,3392.0,15057.0,207400.0,4,3,14.781042261155127,93.19858838626884,6.801411613731152,12.001626042181448
"Coconino County, Arizona",144643.0,69748.0,23485.0,73416.0,4867.0,20482.0,413200.0,4,5,16.236527173800322,93.78281363769912,6.2171863623008825,14.16038107616684
"Gila County, Arizona",53610.0,59089.0,9297.0,20645.0,1521.0,4991.0,247000.0,4,7,17.341913822048124,93.13813949291708,6.861860507082921,9.309830255549338
"Graham County, Arizona",38860.0,67326.0,6319.0,15106.0,955.0,2407.0,202700.0,4,9,16.260936695831187,94.05391943216486,5.9460805678351285,6.1940298507462686
"Greenlee County, Arizona",9452.0,75239.0,1016.0,4265.0,151.0,946.0,136300.0,4,11,10.749047820567077,96.58061594202898,3.4193840579710146,10.008463817181548
"La Paz County, Arizona",16605.0,49506.0,3001.0,6087.0,660.0,1165.0,117600.0,4,12,18.072869617585063,90.2178746109382,9.782125389061806,7.015959048479374
"Maricopa County, Arizona",4491987.0,85518.0,497877.0,2322355.0,106930.0,681592.0,414700.0,4,13,11.083669654431324,95.59829332499069,4.401706675009313,15.173507848531173
"Mohave County, Arizona",217420.0,55799.0,35787.0,81599.0,5662.0,15551.0,253200.0,4,15,16.45984730015638,93.51141976369742,6.488580236302586,7.152515867905436
"Navajo County, Arizona",107744.0,52752.0,25979.0,37845.0,3317.0,7503.0,186100.0,4,17,24.111783486783487,91.94159661824013,8.058403381759875,6.963728838728839
"Pima County, Arizona",1049947.0,67929.0,146560.0,497064.0,28264.0,146720.0,286900.0,4,19,13.95879982513403,94.61974233240946,5.380257667590533,13.97403868957195
"Pinal County, Arizona",449219.0,77588.0,46664.0,192635.0,11246.0,47556.0,312100.0,4,21,10.387806392872964,94.48403725702738,5.515962742972617,10.586373238887937
"Santa Cruz County, Arizona",48209.0,53614.0,9707.0,21086.0,2210.0,4808.0,216100.0,4,23,20.135244456429298,90.51339285714286,9.486607142857142,9.973241510921198
"Yavapai County, Arizona",241656.0,66106.0,29898.0,100945.0,4252.0,32658.0,392900.0,4,25,12.372132287218195,95.95805964048404,4.041940359515956,13.514251663521701
"Yuma County, Arizona",207685.0,60417.0,32921.0,82451.0,6700.0,14330.0,195700.0,4,27,15.851409586633602,92.48466085629998,7.5153391437000145,6.899872402917881
"Arkansas County, Arkansas",16773.0,60831.0,2425.0,7987.0,543.0,1143.0,129400.0,5,1,14.457759494425565,93.63423212192262,6.365767878077374,6.814523341083885
"Ashley County, Arkansas",18722.0,44481.0,4215.0,6976.0,423.0,1131.0,88800.0,5,3,22.513620339707295,94.28301121773212,5.716988782267874,6.041021258412563
"Baxter County, Arkansas",42150.0,48427.0,6029.0,15746.0,882.0,4317.0,165400.0,5,5,14.303677342823251,94.69569401010344,5.30430598989656,10.241992882562277
"Benton County, Arkansas",294541.0,89879.0,22138.0,151308.0,4763.0,46597.0,285100.0,5,7,7.516101323754587,96.94818383940643,3.051816160593576,15.820208392040497
"Boone County, Arkansas",37896.0,54195.0,5018.0,17115.0,673.0,2866.0,169300.0,5,9,13.241503061009077,96.216550483472,3.7834495165279964,7.562803462106818
"Bradley County, Arkansas",10354.0,39565.0,2057.0,3953.0,175.0,723.0,97000.0,5,11,19.866718176550123,95.76065891472868,4.239341085271318,6.982808576395596
"Calhoun County, Arkansas",4717.0,63654.0,601.0,2004.0,144.0,374.0,97300.0,5,13,12.74114903540386,93.29608938547486,6.70391061452514,7.92876828492686
"Carroll County, Arkansas",28526.0,55187.0,4586.0,12099.0,477.0,2928.0,186300.0,5,15,16.076561733155717,96.20706106870229,3.7929389312977095,10.264320269228072
"Chicot County, Arkansas",9997.0,39683.0,2264.0,3704.0,314.0,844.0,90500.0,5,17,22.646794038211464,92.18516674962667,7.8148332503733196,8.44253275982795
"Clark County, Arkansas",21378.0,50985.0,3810.0,10097.0,447.0,2035.0,147100.0,5,19,17.82206006174572,95.76062215477997,4.23937784522003,9.519131817756572
"Clay County, Arkansas",14399.0,48500.0,2449.0,6666.0,418.0,962.0,88100.0,5,21,17.008125564275296,94.09937888198758,5.900621118012422,6.681019515244115
"Cleburne County, Arkansas",25048.0,55979.0,3415.0,9893.0,644.0,2334.0,174600.0,5,23,13.633823059725328,93.88820347347442,6.111796526525577,9.318109230277868
"Cleveland County, Arkansas",7491.0,50509.0,1153.0,2822.0,65.0,587.0,123400.0,5,25,15.39180349753037,97.7485278836162,2.2514721163837894,7.836069950607396
"Columbia County, Arkansas",22527.0,47363.0,4642.0,9712.0,300.0,1905.0,141700.0,5,27,20.606383450969947,97.00359568517779,2.9964043148222133,8.456518844053802
"Conway County, Arkansas",20872.0,51212.0,4261.0,9228.0,622.0,1799.0,137000.0,5,29,20.414909927175163,93.68527918781726,6.314720812182741,8.619202759678037
"Craighead County, Arkansas",112097.0,57615.0,20670.0,54575.0,3267.0,11967.0,198700.0,5,31,18.439387316342096,94.35185505342139,5.64814494657861,10.675575617545519
"Crawford County, Arkansas",60792.0,60362.0,9998.0,26311.0,1369.0,5652.0,170000.0,5,33,16.446242926700883,95.05419075144509,4.945809248554913,9.29727595736281
"Crittenden County, Arkansas",47609.0,54271.0,9684.0,22188.0,2088.0,3666.0,155100.0,5,35,20.340691885987944,91.39891250617895,8.601087493821058,7.700224747421706
"Cross County, Arkansas",16681.0,47012.0,3314.0,7721.0,656.0,1153.0,104000.0,5,37,19.86691445356993,92.16903426047512,7.830965739524889,6.9120556321563456
"Dallas County, Arkansas",6351.0,44694.0,675.0,2785.0,237.0,378.0,98200.0,5,39,10.628247520075579,92.15751158173396,7.842488418266049,5.951818611242324
"Desha County, Arkansas",11041.0,36064.0,3164.0,4158.0,178.0,567.0,89100.0,5,41,28.656824562992483,95.89483394833948,4.105166051660516,5.135404401775202
"Drew County, Arkansas",17143.0,41071.0,3720.0,6923.0,355.0,1721.0,127800.0,5,43,21.699819168173597,95.12228634240176,4.877713657598242,10.039083007641603
"Faulkner County, Arkansas",126001.0,65071.0,18099.0,61820.0,2025.0,15950.0,211300.0,5,45,14.364171712922913,96.82825593233613,3.171744067663874,12.658629693415133
"Franklin County, Arkansas",17220.0,51919.0,3197.0,7240.0,319.0,1080.0,118800.0,5,47,18.565621370499418,95.77986506151608,4.220134938483926,6.2717770034843205
"Fulton County, Arkansas",12239.0,38941.0,1782.0,4425.0,170.0,839.0,107200.0,5,49,14.560013072963477,96.30032644178455,3.6996735582154514,6.855135223465969
"Garland County, Arkansas",100062.0,55409.0,16237.0,45246.0,2656.0,12092.0,176400.0,5,51,16.226939297635464,94.45534633209469,5.5446536679053064,12.084507605284724
"Grant County, Arkansas",18111.0,72512.0,2205.0,8413.0,337.0,2010.0,154500.0,5,53,12.174921318535697,96.14857142857143,3.8514285714285714,11.098227596488321
"Greene County, Arkansas",46182.0,56793.0,7657.0,21557.0,1609.0,3244.0,162200.0,5,55,16.58005283443766,93.05447638780973,6.945523612190279,7.024381793772465
"Hempstead County, Arkansas",19778.0,47654.0,3702.0,7886.0,305.0,1200.0,100200.0,5,57,18.717767216098697,96.27640092784763,3.7235990721523624,6.0673475578926075
"Hot Spring County, Arkansas",33142.0,52644.0,5264.0,13632.0,494.0,2407.0,127900.0,5,59,15.883169392311869,96.50290244938411,3.497097550615886,7.262687828133487
"Howard County, Arkansas",12701.0,44492.0,2477.0,5609.0,418.0,984.0,135400.0,5,61,19.50240138571766,93.06454289032686,6.935457109673138,7.747421462876939
"Independence County, Arkansas",38120.0,56009.0,7287.0,17322.0,799.0,2827.0,120500.0,5,63,19.11594963273872,95.5907510623034,4.409248937696595,7.416054564533053
"Izard County, Arkansas",13866.0,47728.0,2692.0,4694.0,330.0,1350.0,122100.0,5,65,19.414394922832827,93.43152866242038,6.568471337579618,9.736045002163566
"Jackson County, Arkansas",16775.0,41215.0,3044.0,6518.0,629.0,1033.0,87300.0,5,67,18.146050670640832,91.19910451937876,8.80089548062124,6.157973174366617
"Jefferson County, Arkansas",65780.0,48552.0,12300.0,27435.0,2051.0,6459.0,106000.0,5,69,18.69869261173609,93.04415654887065,6.95584345112935,9.819093949528732
"Johnson County, Arkansas",25932.0,44808.0,4874.0,10799.0,525.0,2214.0,124800.0,5,71,18.795310812895263,95.36382903567645,4.6361709643235605,8.53771402128644
"Lafayette County, Arkansas",6211.0,37237.0,1658.0,2324.0,205.0,301.0,74600.0,5,73,26.694574142650136,91.8940292605773,8.105970739422697,4.846240540975688
"Lawrence County, Arkansas",16265.0,44164.0,2854.0,7004.0,444.0,1040.0,91100.0,5,75,17.54687980325853,94.03866809881848,5.961331901181525,6.394097755917614
"Lee County, Arkansas",8511.0,36860.0,1926.0,2801.0,495.0,326.0,77900.0,5,77,22.6295382446246,84.98179611650485,15.018203883495145,3.8303372106685467
"Lincoln County, Arkansas",12966.0,51667.0,1512.0,3836.0,90.0,687.0,106100.0,5,79,11.661267931513189,97.70759042282221,2.292409577177789,5.298472929199445
"Little River County, Arkansas",11959.0,52241.0,1927.0,5538.0,501.0,1028.0,113400.0,5,81,16.11338740697383,91.70392449080974,8.296075509190263,8.596036457897819
"Logan County, Arkansas",21240.0,54237.0,3009.0,9644.0,571.0,1635.0,126900.0,5,83,14.166666666666666,94.41018110621636,5.589818893783652,7.69774011299435
"Lonoke County, Arkansas",74747.0,71449.0,8232.0,35326.0,1575.0,7099.0,184100.0,5,85,11.013151029472755,95.73182298582694,4.268177014173058,9.497371131951784
"Madison County, Arkansas",17032.0,53888.0,2529.0,7939.0,342.0,1036.0,157800.0,5,87,14.84852043212776,95.87006400193214,4.129935998067866,6.082667919210897
"Marion County, Arkansas",17076.0,46953.0,3008.0,6442.0,416.0,1180.0,158400.0,5,89,17.615366596392597,93.93409157188685,6.065908428113152,6.910283438744437
"Miller County, Arkansas",42588.0,49983.0,8694.0,17819.0,1284.0,2704.0,148200.0,5,91,20.414201183431953,93.2785426372821,6.7214573627178975,6.349206349206349
"Mississippi County, Arkansas",39749.0,53428.0,8150.0,18690.0,1563.0,2442.0,115800.0,5,93,20.503660469445773,92.28262479632647,7.717375203673529,6.143550781151727
"Monroe County, Arkansas",6681.0,43955.0,1452.0,2698.0,254.0,570.0,82200.0,5,95,21.73327346205658,91.39566395663957,8.604336043360433,8.531656937584193
"Montgomery County, Arkansas",8571.0,49015.0,1762.0,3361.0,234.0,824.0,136000.0,5,97,20.55769455139424,93.49095966620305,6.509040333796941,9.613814024034536
"Nevada County, Arkansas",8228.0,41761.0,2298.0,3331.0,278.0,508.0,85700.0,5,99,27.929022848808945,92.29703518980327,7.70296481019673,6.174039863879436
"Newton County, Arkansas",7175.0,47395.0,945.0,3067.0,121.0,487.0,178800.0,5,101,13.170731707317074,96.20451693851945,3.795483061480552,6.7874564459930316
"Ouachita County, Arkansas",22317.0,49838.0,3913.0,8983.0,412.0,1460.0,99600.0,5,103,17.533718689788053,95.61468866418308,4.385311335816923,6.542097952233723
"Perry County, Arkansas",10073.0,60078.0,1558.0,4118.0,186.0,882.0,129300.0,5,105,15.467090241238957,95.67843866171005,4.321561338289963,8.756080611535788
"Phillips County, Arkansas",15910.0,38874.0,4534.0,6070.0,962.0,1007.0,76200.0,5,107,28.4978001257071,86.31968145620023,13.680318543799771,6.329352608422376
"Pike County, Arkansas",10182.0,51000.0,1871.0,4271.0,110.0,965.0,115400.0,5,109,18.375564722058535,97.48915772654645,2.5108422734535494,9.477509330190532
"Poinsett County, Arkansas",22740.0,47188.0,4466.0,9896.0,522.0,1309.0,101200.0,5,111,19.63940193491645,94.98944135150701,5.010558648492993,5.756376429199648
"Polk County, Arkansas",19348.0,49252.0,3611.0,8604.0,722.0,1604.0,122600.0,5,113,18.66342774446971,92.25820287368647,7.741797126313532,8.290262559437668
"Pope County, Arkansas",63830.0,54606.0,10633.0,28952.0,1367.0,6708.0,161700.0,5,115,16.65831113896287,95.49127609749662,4.508723902503381,10.509164969450103
"Prairie County, Arkansas",8162.0,51094.0,739.0,3715.0,151.0,662.0,87500.0,5,117,9.054153393776035,96.09415416451112,3.9058458354888774,8.11075716736094
"Pulaski County, Arkansas",398949.0,60385.0,63472.0,194750.0,9611.0,59781.0,199600.0,5,119,15.90980300740195,95.29704787116916,4.702952128830844,14.98462209455344
"Randolph County, Arkansas",18733.0,52838.0,3879.0,7831.0,494.0,1093.0,118100.0,5,121,20.706774141888644,94.06606606606607,5.933933933933934,5.8346233918753
"St. Francis County, Arkansas",22740.0,41784.0,5503.0,8577.0,635.0,1179.0,87700.0,5,123,24.199648197009672,93.10681719496309,6.893182805036909,5.1846965699208445
"Saline County, Arkansas",125724.0,76534.0,11244.0,62382.0,2393.0,16852.0,211700.0,5,125,8.943399828195094,96.30567348514087,3.6943265148591276,13.403964239126974
"Scott County, Arkansas",9839.0,45955.0,1678.0,4036.0,249.0,603.0,110900.0,5,127,17.054578717349326,94.18903150525088,5.810968494749124,6.128671612968797
"Searcy County, Arkansas",7861.0,41978.0,1896.0,3014.0,159.0,565.0,108100.0,5,129,24.119068820760717,94.98896942956193,5.011030570438072,7.187380740363822
"Sebastian County, Arkansas",128448.0,56450.0,20559.0,61296.0,3564.0,12795.0,166000.0,5,131,16.00569880418535,94.50508788159112,5.49491211840888,9.961229446935725
"Sevier County, Arkansas",15797.0,51641.0,3049.0,6901.0,336.0,680.0,111700.0,5,133,19.301133126543014,95.3571922067155,4.64280779328451,4.304614800278534
"Sharp County, Arkansas",17597.0,42950.0,2997.0,6524.0,425.0,1070.0,94600.0,5,135,17.03131215548105,93.88401208807022,6.115987911929774,6.08058191737228
"Stone County, Arkansas",12474.0,38531.0,2665.0,4254.0,188.0,902.0,149400.0,5,137,21.364438031104697,95.76767221972085,4.232327780279153,7.231040564373897
"Union County, Arkansas",38368.0,50221.0,7327.0,16970.0,741.0,3278.0,114700.0,5,139,19.09664303586322,95.81615944893004,4.183840551069957,8.543577981651376
"Van Buren County, Arkansas",15936.0,47266.0,3069.0,5842.0,252.0,1245.0,122300.0,5,141,19.25828313253012,95.86478503446013,4.135214965539875,7.8125
"Washington County, Arkansas",251863.0,66426.0,35887.0,129471.0,5473.0,31300.0,266000.0,5,143,14.24861928905794,95.94424353806023,4.055756461939768,12.427391081659474
"White County, Arkansas",77395.0,53435.0,12190.0,34263.0,1748.0,5722.0,159600.0,5,145,15.75037147102526,95.14592763322318,4.854072366776818,7.393242457523096
"Woodruff County, Arkansas",6157.0,49982.0,1361.0,2758.0,173.0,359.0,96800.0,5,147,22.104921227870715,94.09757761856021,5.902422381439782,5.830761734611012
"Yell County, Arkansas",20195.0,58870.0,2621.0,9144.0,316.0,1399.0,131300.0,5,149,12.97846001485516,96.65961945031712,3.3403805496828753,6.927457291408764
"Alameda County, California",1651949.0,126240.0,149752.0,908826.0,47017.0,341463.0,1057400.0,6,1,9.065170898133054,95.08109595404267,4.918904045957338,20.67031125052892
"Alpine County, California",1695.0,110781.0,209.0,806.0,29.0,264.0,466100.0,6,3,12.330383480825958,96.52694610778443,3.473053892215569,15.575221238938052
"Amador County, California",41029.0,81526.0,2931.0,17083.0,1043.0,5027.0,422800.0,6,5,7.143727607302153,94.24583471256757,5.754165287432418,12.25230934217261
"Butte County, California",209470.0,68574.0,37531.0,101141.0,7192.0,28185.0,408700.0,6,7,17.91712417052561,93.36121034218566,6.638789657814331,13.455387406311168
"Calaveras County, California",45995.0,79877.0,6083.0,19090.0,1117.0,5242.0,441800.0,6,9,13.225350581584955,94.4722125995942,5.5277874004058,11.396890966409392
"Colusa County, California",21895.0,75149.0,2332.0,10360.0,869.0,1579.0,375100.0,6,11,10.650833523635534,92.26110962685902,7.738890373140975,7.211692167161453
"Contra Costa County, California",1161458.0,125727.0,95048.0,608587.0,35999.0,221951.0,830800.0,6,13,8.183507281365317,94.4151750115578,5.584824988442194,19.109687995605523
"Del Norte County, California",27293.0,66780.0,2900.0,11094.0,712.0,2540.0,319600.0,6,15,10.625435093247352,93.96916821954939,6.030831780450619,9.30641556443044
"El Dorado County, California",192299.0,106190.0,15754.0,92417.0,4466.0,36513.0,640500.0,6,17,8.192450298753503,95.39031615453692,4.609683845463084,18.987618240344464
"Fresno County, California",1012152.0,71434.0,185717.0,465169.0,39771.0,98932.0,362600.0,6,19,18.348726278266504,92.12361864776013,7.87638135223987,9.774421233174465
"Glenn County, California",28623.0,70487.0,3511.0,13934.0,1028.0,2314.0,338400.0,6,21,12.266359221605002,93.12926079401149,6.870739205988505,8.084407644202216
"Humboldt County, California",135418.0,61135.0,25064.0,65509.0,5702.0,19521.0,418800.0,6,23,18.508617761302045,91.99281009956327,8.00718990043673,14.415365756398707
"Imperial County, California",179319.0,56393.0,33705.0,70148.0,8809.0,12731.0,279500.0,6,25,18.79611195690362,88.84329445141026,11.15670554858974,7.099638075162142
"Inyo County, California",18803.0,72432.0,1928.0,8742.0,240.0,2759.0,338400.0,6,27,10.253682922937829,97.32798931195725,2.6720106880427523,14.673190448332713
"Kern County, California",910433.0,67660.0,168825.0,395704.0,33049.0,68949.0,310600.0,6,29,18.543374416349142,92.29183236035666,7.708167639643337,7.5732096705633465
"Kings County, California",152830.0,68750.0,23427.0,58943.0,5787.0,8991.0,305700.0,6,31,15.32879670221815,91.05978680673567,8.940213193264329,5.88300726297193
"Lake County, California",68139.0,58738.0,11156.0,28095.0,3220.0,5743.0,316800.0,6,33,16.37241521008527,89.71738783330672,10.282612166693278,8.428359676543536
"Lassen County, California",31177.0,64395.0,3279.0,10329.0,787.0,2309.0,259500.0,6,35,10.517368572986497,92.9201151493343,7.0798848506657075,7.406100651121019
"Los Angeles County, California",9848406.0,87760.0,1322476.0,5203398.0,365701.0,1574014.0,783300.0,6,37,13.428325355392538,93.43339021267174,6.566609787328255,15.98242395774504
"Madera County, California",158790.0,75496.0,30187.0,67619.0,7165.0,11644.0,367700.0,6,39,19.010642987593677,90.41907359863073,9.580926401369277,7.332955475785628
"Marin County, California",258765.0,142785.0,19907.0,134541.0,8218.0,63089.0,1390000.0,6,41,7.69308059436168,94.2434452468846,5.75655475311539,24.3808088419995
"Mariposa County, California",17060.0,65378.0,2347.0,7939.0,549.0,2582.0,358000.0,6,43,13.757327080890974,93.5320452403393,6.467954759660698,15.134818288393904
"Mendocino County, California",90709.0,64688.0,13524.0,41537.0,3881.0,9871.0,486000.0,6,45,14.909215182616938,91.45492976352988,8.545070236470123,10.88205139512066
"Merced County, California",285597.0,65044.0,51655.0,124973.0,13441.0,17760.0,368400.0,6,47,18.086674579915055,90.28927709624749,9.710722903752512,6.218552715889873
"Modoc County, California",8646.0,56648.0,1717.0,3282.0,196.0,1031.0,212000.0,6,49,19.858894286375204,94.36457734330075,5.6354226566992525,11.924589405505435
"Mono County, California",13169.0,86953.0,1441.0,7603.0,155.0,1814.0,514300.0,6,51,10.94236464424026,98.0020623872132,1.9979376127868007,13.774774090667478
"Monterey County, California",435834.0,94486.0,52732.0,196118.0,10068.0,46167.0,723100.0,6,53,12.099101951660494,95.11703025423647,4.882969745763534,10.59279450432963
"Napa County, California",136070.0,108970.0,11238.0,71712.0,3643.0,23885.0,838800.0,6,55,8.25898434629235,95.16554973127198,4.834450268728021,17.553465128242816
"Nevada County, California",102452.0,84905.0,10745.0,46301.0,2162.0,19768.0,602800.0,6,57,10.487838207160427,95.53886470090585,4.461135299094154,19.294889314020224
"Orange County, California",3164063.0,113702.0,296493.0,1685097.0,90063.0,601466.0,915500.0,6,59,9.370641482170235,94.9264854998986,5.073514500101399,19.009292798531508
"Placer County, California",412435.0,114678.0,27419.0,202943.0,9116.0,80818.0,658800.0,6,61,6.6480778789384996,95.70119636516252,4.2988036348374745,19.595330173239418
"Plumas County, California",19607.0,64946.0,2075.0,7909.0,769.0,2031.0,327400.0,6,63,10.582955067067884,91.13851117769072,8.861488822309289,10.358545417452952
"Riverside County, California",2449909.0,89672.0,266955.0,1165810.0,76743.0,259990.0,510300.0,6,65,10.896527177131885,93.82376445914178,6.176235540858217,10.612230903270286
"Sacramento County, California",1584047.0,88724.0,197472.0,799922.0,51540.0,232818.0,498900.0,6,67,12.466296770234722,93.9468819512791,6.053118048720906,14.697669955500059
"San Benito County, California",66056.0,108289.0,5118.0,34210.0,2038.0,7009.0,751500.0,6,69,7.747971418190626,94.37762083425292,5.622379165747075,10.610693956642848
"San Bernardino County, California",2187816.0,82184.0,291226.0,1036527.0,74017.0,207111.0,475000.0,6,71,13.311265664022933,93.33506821881889,6.664931781181115,9.46656391579548
"San Diego County, California",3282782.0,102285.0,330602.0,1681203.0,104758.0,580152.0,791600.0,6,73,10.070787521072067,94.1343623964913,5.8656376035086994,17.672571617609698
"San Francisco County, California",836321.0,141446.0,87135.0,513866.0,28900.0,234704.0,1380500.0,6,75,10.4188463520586,94.6754218208215,5.324578179178504,28.06386542966158
"San Joaquin County, California",787416.0,88531.0,97063.0,372511.0,27442.0,73689.0,494500.0,6,77,12.326775173478822,93.13869379652108,6.861306203478909,9.358331555365906
"San Luis Obispo County, California",281486.0,93398.0,34424.0,138634.0,7005.0,46166.0,777200.0,6,79,12.229382633594565,95.19016197584438,4.809838024155617,16.40081567111686
"San Mateo County, California",745100.0,156000.0,47945.0,413668.0,18501.0,158423.0,1494500.0,6,81,6.434706750771708,95.71903584014588,4.280964159854131,21.261978257951952
"Santa Barbara County, California",443975.0,95977.0,58387.0,220540.0,13563.0,60231.0,735700.0,6,83,13.150965707528577,94.20639632982063,5.793603670179365,13.56630440903204
"Santa Clara County, California",1903297.0,159674.0,128470.0,1045969.0,46668.0,376766.0,1382800.0,6,85,6.749866153311858,95.72886512171928,4.27113487828071,19.795439177385347
"Santa Cruz County, California",266021.0,109266.0,28613.0,141139.0,7922.0,45391.0,1015200.0,6,87,10.755917765890663,94.68539725347341,5.31460274652659,17.062938640182544
"Shasta County, California",181554.0,71931.0,23179.0,81960.0,5115.0,20528.0,347200.0,6,89,12.767000451656257,94.12575366063737,5.874246339362618,11.30682882227877
"Sierra County, California",2731.0,60000.0,325.0,1206.0,147.0,325.0,334100.0,6,91,11.90040278286342,89.13525498891353,10.864745011086473,11.90040278286342
"Siskiyou County, California",43834.0,55499.0,7196.0,18136.0,1392.0,5070.0,284500.0,6,93,16.41648035771319,92.87177386317083,7.128226136829169,11.566364009672856
"Solano County, California",450824.0,99994.0,42767.0,222268.0,13027.0,60797.0,589600.0,6,95,9.486407112309903,94.46354576170339,5.536454238296606,13.485750536794846
"Sonoma County, California",485642.0,102840.0,41044.0,259553.0,13476.0,83196.0,779000.0,6,97,8.45149307514589,95.06426057305268,4.935739426947321,17.131137751677162
"Stanislaus County, California",552250.0,79661.0,71943.0,260457.0,20229.0,46297.0,426600.0,6,99,13.027252150294249,92.79301425792522,7.2069857420747745,8.383340878225441
"Sutter County, California",98971.0,75450.0,14494.0,45374.0,3188.0,8877.0,399400.0,6,101,14.644693900233403,93.43519624397678,6.564803756023228,8.969294035626598
"Tehama County, California",65520.0,61834.0,9988.0,27389.0,1839.0,5952.0,315600.0,6,103,15.244200244200245,93.70808813466539,6.291911865334611,9.084249084249084
"Trinity County, California",15886.0,53498.0,2830.0,5285.0,314.0,1164.0,329000.0,6,105,17.814427798061185,94.3918556885158,5.608144311484193,7.327206345209619
"Tulare County, California",475774.0,69489.0,83473.0,211259.0,18688.0,28892.0,303000.0,6,107,17.544674572381005,91.87290984444242,8.127090155557585,6.072631123180334
"Tuolumne County, California",54873.0,72259.0,5547.0,22875.0,1818.0,6706.0,406200.0,6,109,10.108796675960855,92.63758960029158,7.362410399708419,12.220946549304758
"Ventura County, California",838259.0,107327.0,74630.0,431017.0,23547.0,128351.0,768400.0,6,111,8.90297628775832,94.81987134924896,5.180128650751049,15.311616099558728
"Yolo County, California",217782.0,88818.0,34165.0,109730.0,5865.0,29769.0,593800.0,6,113,15.687706054678532,94.92625113542972,5.073748864570267,13.66917376091688
"Yuba County, California",83079.0,73313.0,12501.0,35025.0,2553.0,6282.0,380000.0,6,115,15.047123821904451,93.20613124700623,6.793868752993773,7.561477629725924
"Adams County, Colorado",524408.0,91387.0,48994.0,291990.0,13434.0,65757.0,458400.0,8,1,9.342725511433846,95.60152443815811,4.398475561841899,12.539282390810207
"Alamosa County, Colorado",16515.0,51445.0,2843.0,8124.0,203.0,1767.0,218800.0,8,3,17.214653345443537,97.56214723189625,2.4378527681037587,10.69936421435059
"Arapahoe County, Colorado",655709.0,97215.0,55261.0,372417.0,17434.0,127692.0,526000.0,8,5,8.427671421316468,95.52803506980872,4.471964930191278,19.47388246920509
"Archuleta County, Colorado",13730.0,76524.0,1134.0,6194.0,113.0,2764.0,451400.0,8,7,8.259286234522943,98.2083399397495,1.7916600602505155,20.131099781500364
"Baca County, Colorado",3460.0,40380.0,810.0,1526.0,20.0,439.0,122000.0,8,9,23.410404624277454,98.70633893919793,1.29366106080207,12.6878612716763
"Bent County, Colorado",5524.0,49194.0,1348.0,1669.0,77.0,381.0,137900.0,8,11,24.40260680666184,95.58991981672395,4.41008018327606,6.897175959449673
"Boulder County, Colorado",328317.0,102772.0,36145.0,186019.0,8593.0,75524.0,713900.0,8,13,11.009177106272292,95.58454771545433,4.41545228454566,23.00337783300895
"Broomfield County, Colorado",75110.0,121025.0,3695.0,43541.0,1416.0,18623.0,631600.0,8,14,4.919451471175609,96.8503236425918,3.1496763574081896,24.794301690853416
"Chaffee County, Colorado",19876.0,70909.0,1844.0,9600.0,501.0,4238.0,598500.0,8,15,9.277520627892937,95.04009504009504,4.95990495990496,21.322197625276715
"Cheyenne County, Colorado",1732.0,67768.0,193.0,934.0,18.0,196.0,187100.0,8,17,11.143187066974596,98.10924369747899,1.8907563025210083,11.316397228637413
"Clear Creek County, Colorado",9358.0,96667.0,631.0,5732.0,240.0,2238.0,572800.0,8,19,6.742893780722377,95.98124581379773,4.018754186202277,23.91536653131011
"Conejos County, Colorado",7536.0,47209.0,1032.0,3473.0,161.0,769.0,162100.0,8,21,13.694267515923567,95.56962025316456,4.430379746835443,10.204352441613588
"Costilla County, Colorado",3571.0,36519.0,793.0,1303.0,59.0,533.0,171300.0,8,23,22.206664799775975,95.66813509544787,4.331864904552129,14.925791094931393
"Crowley County, Colorado",5734.0,47563.0,762.0,1728.0,96.0,319.0,106700.0,8,25,13.289152424136727,94.73684210526315,5.263157894736842,5.563306592256715
"Custer County, Colorado",5073.0,72700.0,490.0,2179.0,122.0,910.0,358800.0,8,27,9.658978907944018,94.69795740982183,5.302042590178183,17.938103686181748
"Delta County, Colorado",31353.0,58330.0,4310.0,12659.0,399.0,3913.0,318000.0,8,29,13.746690906771281,96.94440189921887,3.0555981007811304,12.480464389372628
"Denver County, Colorado",713734.0,91681.0,78668.0,441933.0,20324.0,177645.0,586700.0,8,31,11.022033418612537,95.60331157775869,4.396688422241307,24.889524668854225
"Dolores County, Colorado",2385.0,70490.0,448.0,1229.0,31.0,352.0,231900.0,8,33,18.78406708595388,97.53968253968253,2.4603174603174605,14.758909853249477
"Douglas County, Colorado",368283.0,145737.0,11841.0,210044.0,7458.0,97722.0,674000.0,8,35,3.215190492094395,96.5710660131861,3.428933986813915,26.534485708001725
"Eagle County, Colorado",55374.0,103174.0,4553.0,33693.0,1414.0,13541.0,814700.0,8,37,8.222270379600534,95.97231321388897,4.027686786111032,24.453714739769566
"Elbert County, Colorado",27152.0,129477.0,1444.0,14635.0,438.0,4761.0,664600.0,8,39,5.318208603417796,97.09414184303058,2.9058581569694155,17.534619917501473
"El Paso County, Colorado",736008.0,87470.0,60977.0,365983.0,19993.0,121674.0,431000.0,8,41,8.284828425777981,94.82014425767406,5.179855742325948,16.531613786806666
"Fremont County, Colorado",49394.0,61027.0,5800.0,18379.0,803.0,5758.0,282100.0,8,43,11.742316880592785,95.8137837556042,4.186216244395788,11.657286310078147
"Garfield County, Colorado",62034.0,86172.0,5539.0,35265.0,1283.0,8700.0,490600.0,8,45,8.928974433375245,96.48954799168217,3.5104520083178286,14.0245671728407
"Gilpin County, Colorado",5877.0,88654.0,580.0,3601.0,107.0,1074.0,512600.0,8,47,9.868980772502978,97.1143473570658,2.885652642934196,18.27462991322103
"Grand County, Colorado",15794.0,84558.0,1420.0,9348.0,413.0,3165.0,507200.0,8,49,8.99075598328479,95.76887613973977,4.231123860260219,20.039255413448146
"Gunnison County, Colorado",17158.0,77358.0,2115.0,10784.0,395.0,4723.0,597200.0,8,51,12.326611493181023,96.46658914035244,3.533410859647553,27.52651824221937
"Hinsdale County, Colorado",939.0,64327.0,42.0,455.0,7.0,231.0,438800.0,8,53,4.472843450479233,98.48484848484848,1.5151515151515151,24.600638977635782
"Huerfano County, Colorado",6946.0,52139.0,1193.0,2492.0,276.0,786.0,256700.0,8,55,17.175352720990496,90.02890173410405,9.971098265895954,11.315865246184854
"Jackson County, Colorado",1422.0,41809.0,258.0,723.0,69.0,171.0,250000.0,8,57,18.143459915611814,91.28787878787878,8.712121212121213,12.025316455696203
"Jefferson County, Colorado",579715.0,107800.0,38319.0,335325.0,12987.0,137016.0,604400.0,8,59,6.609972141483316,96.27144628953353,3.7285537104664783,23.635062056355277
"Kiowa County, Colorado",1356.0,56389.0,170.0,675.0,0.0,130.0,148600.0,8,61,12.536873156342182,100.0,0.0,9.587020648967552
"Kit Carson County, Colorado",7015.0,59810.0,633.0,3541.0,99.0,618.0,221400.0,8,63,9.023521026372059,97.28021978021978,2.71978021978022,8.809693513898788
"Lake County, Colorado",7411.0,93655.0,525.0,4724.0,108.0,1399.0,401300.0,8,65,7.084064228849009,97.76490066225165,2.2350993377483444,18.877344487923356
"La Plata County, Colorado",56088.0,85296.0,6755.0,29998.0,939.0,12097.0,549100.0,8,67,12.04357438311225,96.96479943110192,3.035200568898083,21.56789331051205
"Larimer County, Colorado",363561.0,91364.0,39240.0,204039.0,9240.0,75554.0,532200.0,8,69,10.793236898347182,95.66764660374439,4.332353396255609,20.78165699841292
"Las Animas County, Colorado",14392.0,50408.0,2378.0,6282.0,351.0,1230.0,214500.0,8,71,16.523068371317397,94.70827679782904,5.291723202170964,8.546414674819344
"Lincoln County, Colorado",5561.0,54257.0,447.0,2161.0,39.0,891.0,232100.0,8,73,8.038122639812983,98.22727272727273,1.7727272727272727,16.022298147815142
"Logan County, Colorado",21067.0,55074.0,2506.0,10340.0,580.0,1713.0,228100.0,8,75,11.895381402193003,94.68864468864469,5.311355311355311,8.131200455688992
"Mesa County, Colorado",157316.0,71485.0,17123.0,78680.0,4022.0,23024.0,349400.0,8,77,10.884461847491673,95.13675606394041,4.863243936059587,14.635510691855883
"Mineral County, Colorado",799.0,52455.0,104.0,416.0,31.0,246.0,413000.0,8,79,13.016270337922403,93.0648769574944,6.935123042505594,30.78848560700876
"Moffat County, Colorado",13258.0,70975.0,1533.0,6591.0,264.0,1411.0,262500.0,8,81,11.562829989440338,96.14879649890591,3.8512035010940924,10.642630864383769
"Montezuma County, Colorado",26204.0,63005.0,3414.0,11674.0,523.0,3559.0,308100.0,8,83,13.02854526026561,95.71206034270723,4.287939657292776,13.581895893756679
"Montrose County, Colorado",43272.0,66072.0,5101.0,19766.0,838.0,5881.0,357900.0,8,85,11.788223331484563,95.93282857697535,4.067171423024655,13.590774634867813
"Morgan County, Colorado",29186.0,75407.0,3515.0,14579.0,612.0,2166.0,299300.0,8,87,12.043445487562531,95.97129879533935,4.0287012046606545,7.421366408552045
"Otero County, Colorado",18460.0,54897.0,4249.0,8296.0,380.0,1501.0,160700.0,8,89,23.017334777898157,95.62010142923006,4.37989857076994,8.131094257854821
"Ouray County, Colorado",5024.0,84556.0,253.0,2458.0,79.0,1479.0,670100.0,8,91,5.0358280254777075,96.88608592826172,3.1139140717382734,29.438694267515924
"Park County, Colorado",17739.0,95450.0,1266.0,9144.0,322.0,3754.0,489300.0,8,93,7.136817182479282,96.59835199661948,3.4016480033805196,21.162410507920402
"Phillips County, Colorado",4491.0,60372.0,695.0,2162.0,17.0,568.0,255300.0,8,95,15.475395234914274,99.21982560807709,0.7801743919229004,12.647517256735693
"Pitkin County, Colorado",17119.0,100318.0,1221.0,10342.0,159.0,5016.0,1131200.0,8,97,7.1324259594602495,98.48585848966765,1.5141415103323492,29.3007769145394
"Prowers County, Colorado",11931.0,57601.0,1994.0,5703.0,271.0,756.0,150900.0,8,99,16.712765065794986,95.46367592902578,4.536324070974222,6.336434498365602
"Pueblo County, Colorado",168726.0,62250.0,25321.0,75134.0,4068.0,19072.0,271800.0,8,101,15.007171390301435,94.86376606651348,5.136233933486528,11.30353353958489
"Rio Blanco County, Colorado",6518.0,72620.0,559.0,3019.0,131.0,802.0,243400.0,8,103,8.576250383553237,95.84126984126983,4.158730158730159,12.304387849033446
"Rio Grande County, Colorado",11394.0,62166.0,1662.0,5659.0,451.0,1785.0,215400.0,8,105,14.586624539231174,92.61865793780687,7.381342062193126,15.666140073723012
"Routt County, Colorado",24990.0,104803.0,1580.0,14385.0,354.0,6252.0,756200.0,8,107,6.322529011604641,97.5982088337065,2.401791166293507,25.018007202881154
"Saguache County, Colorado",6511.0,54283.0,1142.0,3149.0,248.0,777.0,200000.0,8,109,17.539548456458302,92.69944068295555,7.300559317044451,11.933650744893258
"San Juan County, Colorado",690.0,73889.0,116.0,446.0,30.0,167.0,406900.0,8,111,16.81159420289855,93.69747899159664,6.302521008403361,24.20289855072464
"San Miguel County, Colorado",8026.0,80117.0,674.0,5028.0,208.0,2986.0,613100.0,8,113,8.397707450784948,96.02750190985485,3.972498090145149,37.20408671816596
"Sedgwick County, Colorado",2346.0,52833.0,336.0,1149.0,26.0,315.0,142700.0,8,115,14.322250639386189,97.7872340425532,2.2127659574468086,13.427109974424553
"Summit County, Colorado",30857.0,106255.0,2277.0,19822.0,661.0,7808.0,850700.0,8,117,7.37920082963347,96.77293365229703,3.2270663477029733,25.303820851022458
"Teller County, Colorado",24774.0,80666.0,1871.0,12326.0,422.0,4368.0,445000.0,8,119,7.552272543795915,96.68967681204896,3.310323187951051,17.63138774521676
"Washington County, Colorado",4839.0,65164.0,353.0,2297.0,77.0,566.0,218300.0,8,121,7.294895639594958,96.75652906486943,3.243470935130581,11.696631535441208
"Weld County, Colorado",340711.0,93287.0,30256.0,183049.0,8676.0,45440.0,444500.0,8,123,8.880253352548054,95.47476854870257,4.525231451297431,13.336816246026691
"Yuma County, Colorado",9921.0,60051.0,1437.0,5026.0,263.0,1061.0,215600.0,8,125,14.484426973087391,95.02741539043298,4.972584609567026,10.694486442898901
"Capitol Planning Region, Connecticut",969029.0,91541.0,96546.0,524432.0,27606.0,154618.0,298200.0,9,110,9.963169316914149,94.99925729750488,5.000742702495118,15.955972421877984
"Greater Bridgeport Planning Region, Connecticut",326296.0,87135.0,42096.0,174555.0,12975.0,52136.0,397000.0,9,120,12.901169490278766,93.08110702287634,6.91889297712366,15.97813028661093
"Lower Connecticut River Valley Planning Region, Connecticut",174983.0,101117.0,11625.0,97319.0,3778.0,32817.0,359000.0,9,130,6.643502511672563,96.26299494544843,3.737005054551569,18.75439328391901
"Naugatuck Valley Planning Region, Connecticut",452303.0,86365.0,46175.0,243367.0,14835.0,61123.0,290800.0,9,140,10.208864411688625,94.2544984159689,5.745501584031108,13.51372862881741
"Northeastern Connecticut Planning Region, Connecticut",95829.0,87564.0,8137.0,52551.0,3275.0,10581.0,281300.0,9,150,8.491166557096495,94.13355784043277,5.866442159567227,11.04154274801991
"Northwest Hills Planning Region, Connecticut",112848.0,91035.0,10224.0,61858.0,3356.0,19137.0,311700.0,9,160,9.05997447894513,94.85386573435152,5.14613426564848,16.958209272649935
"South Central Connecticut Planning Region, Connecticut",566803.0,86266.0,63456.0,305737.0,18081.0,84323.0,328300.0,9,170,11.195424159716868,94.41630792605723,5.58369207394277,14.876950192571318
"Southeastern Connecticut Planning Region, Connecticut",279025.0,84185.0,28317.0,142740.0,7242.0,37885.0,293900.0,9,180,10.148552997043275,95.17142057046846,4.828579429531544,13.57763641250784
"Western Connecticut Planning Region, Connecticut",621232.0,124553.0,45372.0,342734.0,18690.0,129315.0,625400.0,9,190,7.303551652200787,94.82878834831112,5.171211651688875,20.815894866974013
"Kent County, Delaware",185043.0,72872.0,20323.0,89005.0,4868.0,20394.0,290600.0,10,1,10.982852634252579,94.81427034397537,5.185729656024629,11.021222094324022
"New Castle County, Delaware",573030.0,89901.0,56807.0,306242.0,15029.0,88735.0,329800.0,10,3,9.91344257717746,95.32201786031108,4.677982139688923,15.485227649512243
"Sussex County, Delaware",247799.0,78162.0,28116.0,112121.0,5743.0,35210.0,353300.0,10,5,11.346292761471998,95.12743500984186,4.872564990158149,14.209096889010853
"District of Columbia, District of Columbia",672079.0,106287.0,94140.0,397158.0,25748.0,126307.0,724600.0,11,1,14.007281882040653,93.91164939726558,6.088350602734414,18.7934751718176
"Alachua County, Florida",281751.0,59659.0,52015.0,141387.0,6123.0,39406.0,266800.0,12,1,18.461336428264673,95.84909497661175,4.150905023388245,13.986108301301503
"Baker County, Florida",28186.0,70833.0,3285.0,12076.0,522.0,1741.0,225000.0,12,3,11.654722202511886,95.85648515637402,4.143514843625972,6.176825374299297
"Bay County, Florida",181368.0,70188.0,20821.0,90175.0,3222.0,23148.0,276900.0,12,5,11.479974416655638,96.55021039219676,3.449789607803248,12.763001190948788
"Bradford County, Florida",27888.0,59740.0,4550.0,11128.0,738.0,1919.0,180300.0,12,7,16.315261044176708,93.78054946907129,6.219450530928704,6.881095811818703
"Brevard County, Florida",620533.0,75817.0,60603.0,293522.0,14187.0,94125.0,304400.0,12,9,9.766281567620094,95.38947512097468,4.610524879025313,15.168411671901413
"Broward County, Florida",1946127.0,74534.0,235824.0,1052505.0,58574.0,307201.0,380400.0,12,11,12.117605891085217,94.72818764462293,5.271812355377071,15.785249369645454
"Calhoun County, Florida",13593.0,46901.0,2506.0,4830.0,198.0,911.0,134000.0,12,13,18.435959685132055,96.06205250596659,3.9379474940334127,6.701978959758699
"Charlotte County, Florida",195083.0,66154.0,18219.0,74508.0,4137.0,25246.0,291000.0,12,15,9.339101818200458,94.739652870494,5.260347129506008,12.941158378741358
"Citrus County, Florida",158693.0,55355.0,24124.0,54846.0,3748.0,16064.0,223200.0,12,17,15.20167871298671,93.60344062532,6.396559374680002,10.122689721663841
"Clay County, Florida",223436.0,86094.0,20204.0,109601.0,4181.0,29312.0,281500.0,12,19,9.042410354642941,96.32542932977096,3.6745706702290346,13.118745412556615
"Collier County, Florida",387681.0,86173.0,40135.0,170348.0,6842.0,69373.0,486800.0,12,21,10.352583696389557,96.1386082736046,3.8613917263953947,17.894351283658473
"Columbia County, Florida",70755.0,55070.0,11237.0,30031.0,1892.0,5548.0,186400.0,12,23,15.881563140414103,94.07323873069573,5.926761269304263,7.841141968765458
"DeSoto County, Florida",34719.0,50868.0,7626.0,14137.0,1218.0,1902.0,151500.0,12,27,21.96491834442236,92.06773038098339,7.9322696190166075,5.478268383305971
"Dixie County, Florida",16952.0,47655.0,2961.0,6067.0,310.0,659.0,96900.0,12,29,17.466965549787634,95.13877999059119,4.861220009408813,3.887446908919302
"Duval County, Florida",1007189.0,68447.0,143754.0,510962.0,22980.0,154023.0,274900.0,12,31,14.27279289190013,95.69616175539666,4.303838244603346,15.292363200948383
"Escambia County, Florida",323275.0,65715.0,44136.0,151148.0,8944.0,40614.0,234200.0,12,33,13.652772407393085,94.41321240286835,5.586787597131649,12.563297502126671
"Flagler County, Florida",121710.0,72923.0,11360.0,51706.0,1891.0,18920.0,333400.0,12,35,9.333661983403172,96.47181745246935,3.528182547530646,15.545148303344014
"Franklin County, Florida",12418.0,62734.0,1874.0,4962.0,344.0,1385.0,254300.0,12,37,15.090996939925914,93.51677346400301,6.483226535996985,11.153164760831052
"Gadsden County, Florida",43642.0,46047.0,11243.0,16750.0,734.0,3973.0,154700.0,12,39,25.761880757068877,95.80187600091512,4.198123999084878,9.103615782961368
"Gilchrist County, Florida",18494.0,61070.0,1946.0,7750.0,249.0,1159.0,191000.0,12,41,10.522331566994701,96.8871108888611,3.1128891111388923,6.266897372120687
"Glades County, Florida",12324.0,38905.0,2341.0,4274.0,267.0,948.0,114800.0,12,43,18.995456020772476,94.12023783307642,5.879762166923585,7.6923076923076925
"Gulf County, Florida",14772.0,67361.0,1412.0,5666.0,182.0,1807.0,235700.0,12,45,9.558624424587055,96.88782489740082,3.112175102599179,12.232602220417006
"Hamilton County, Florida",13445.0,47696.0,2933.0,3967.0,314.0,768.0,110400.0,12,47,21.814801041279285,92.6652651249708,7.3347348750291985,5.712160654518408
"Hardee County, Florida",25508.0,54231.0,5727.0,10195.0,696.0,1420.0,129400.0,12,49,22.45177983377764,93.60940225874576,6.390597741254246,5.566880978516544
"Hendry County, Florida",40798.0,53044.0,8630.0,19619.0,861.0,2159.0,189700.0,12,51,21.15299769596549,95.7958984375,4.2041015625,5.291926074807589
"Hernando County, Florida",201512.0,63193.0,23818.0,86075.0,5025.0,20731.0,240700.0,12,53,11.819643495176466,94.4840834248079,5.515916575192096,10.287724800508158
"Highlands County, Florida",103808.0,55581.0,15723.0,37960.0,2224.0,10017.0,177900.0,12,55,15.14623150431566,94.4654588891101,5.534541110889907,9.649545314426634
"Hillsborough County, Florida",1489634.0,75011.0,193025.0,780230.0,35448.0,238277.0,333300.0,12,57,12.957880929140982,95.6541674533333,4.345832546666699,15.995674105182884
"Holmes County, Florida",19626.0,48236.0,2565.0,7919.0,347.0,1182.0,101400.0,12,59,13.069397737694894,95.8020808129688,4.197919187031212,6.022623051054723
"Indian River County, Florida",163856.0,71049.0,18567.0,68819.0,3614.0,25931.0,314700.0,12,61,11.331290889561567,95.01056148440628,4.989438515593721,15.825480910067377
"Jackson County, Florida",47652.0,47327.0,7647.0,17247.0,818.0,2928.0,113900.0,12,63,16.047595064215564,95.47190700249101,4.528092997508995,6.144547972802821
"Jefferson County, Florida",14713.0,56984.0,2740.0,6633.0,432.0,1291.0,198800.0,12,65,18.62298647454632,93.88535031847134,6.114649681528663,8.774553116291715
"Lafayette County, Florida",8035.0,60692.0,1174.0,3041.0,193.0,272.0,131600.0,12,67,14.6110765401369,94.0321583178726,5.967841682127396,3.3851897946484133
"Lake County, Florida",398696.0,69956.0,37240.0,178746.0,9093.0,51007.0,287900.0,12,69,9.340449866565002,95.15915225272707,4.840847747272931,12.793456668740092
"Lee County, Florida",792692.0,73099.0,91539.0,357140.0,14873.0,112874.0,326300.0,12,71,11.547864744440464,96.00202143473481,3.9979785652651922,14.23932624525036
"Leon County, Florida",295335.0,65074.0,51451.0,160534.0,9021.0,48822.0,279800.0,12,73,17.421233514483554,94.67960248886791,5.3203975111320805,16.53105795114023
"Levy County, Florida",44276.0,53805.0,7539.0,18211.0,697.0,3661.0,171400.0,12,75,17.027283404101546,96.31372963824836,3.6862703617516397,8.268587948324148
"Liberty County, Florida",7650.0,53824.0,1290.0,2688.0,184.0,470.0,117600.0,12,77,16.862745098039216,93.59331476323119,6.406685236768802,6.143790849673202
"Madison County, Florida",18113.0,48176.0,3413.0,6646.0,161.0,1103.0,105900.0,12,79,18.842820073980015,97.63478771852505,2.3652122814749523,6.089548942748302
"Manatee County, Florida",416020.0,75792.0,42741.0,190554.0,9624.0,66541.0,359800.0,12,81,10.273784914186818,95.19227887180409,4.807721128195905,15.994663718090477
"Marion County, Florida",387697.0,58535.0,55184.0,156188.0,8159.0,41315.0,220800.0,12,83,14.233795979850244,95.03550414671396,4.964495853286035,10.656517847700652
"Martin County, Florida",160464.0,80701.0,17817.0,72093.0,3260.0,29362.0,386500.0,12,85,11.103425067304816,95.67369580507743,4.326304194922565,18.29818526273806
"Miami-Dade County, Florida",2685296.0,68694.0,394945.0,1411127.0,61929.0,393474.0,425400.0,12,86,14.707689580589998,95.79588284491561,4.204117155084396,14.6529097723305
"Monroe County, Florida",81840.0,82430.0,8412.0,43029.0,1382.0,14615.0,723800.0,12,87,10.278592375366568,96.88815833915021,3.111841660849789,17.858015640273706
"Nassau County, Florida",94653.0,88900.0,8659.0,44037.0,1745.0,15047.0,351100.0,12,89,9.148151669783314,96.18845834607488,3.8115416539251235,15.89701330121602
"Okaloosa County, Florida",214281.0,79097.0,19364.0,98040.0,3063.0,31302.0,324800.0,12,91,9.036732141440446,96.97041630812141,3.0295836918785795,14.607921374270234
"Okeechobee County, Florida",40249.0,52288.0,7127.0,16134.0,965.0,3270.0,179000.0,12,93,17.707272230365973,94.3563951108252,5.643604889174806,8.124425451564015
"Orange County, Florida",1440471.0,77011.0,182784.0,783584.0,42894.0,240839.0,358300.0,12,95,12.689182913088844,94.81002519123317,5.18997480876684,16.719461898226342
"Osceola County, Florida",406943.0,68711.0,50246.0,211121.0,11041.0,53415.0,317600.0,12,97,12.347183757921872,95.03020318506316,4.969796814936847,13.12591689745247
"Palm Beach County, Florida",1507453.0,81115.0,164211.0,748874.0,40437.0,266606.0,407300.0,12,99,10.893274947875655,94.87692430486842,5.123075695131576,17.68585819922744
"Pasco County, Florida",588758.0,67384.0,64423.0,274142.0,13424.0,77238.0,265800.0,12,101,10.94218677283366,95.33185425258897,4.668145747411029,13.118802631981222
"Pinellas County, Florida",960565.0,70293.0,107618.0,485890.0,22153.0,171050.0,319000.0,12,103,11.203614539359648,95.639542322205,4.36045767779499,17.807228037665332
"Polk County, Florida",760961.0,63644.0,109496.0,348858.0,15310.0,80742.0,240000.0,12,105,14.389173689584617,95.79589639946398,4.204103600536016,10.610530631661806
"Putnam County, Florida",74235.0,47256.0,17409.0,28561.0,2027.0,5285.0,147300.0,12,107,23.451202263083452,93.37321825552505,6.6267817444749575,7.119283356907119
"St. Johns County, Florida",292243.0,106169.0,19379.0,141778.0,5531.0,63116.0,457600.0,12,109,6.631125467504782,96.24530748291006,3.754692517089927,21.597095567729596
"St. Lucie County, Florida",346237.0,69027.0,39878.0,160770.0,9339.0,41516.0,305800.0,12,111,11.51754434101497,94.50999065305187,5.490009346948133,11.990630695159673
"Santa Rosa County, Florida",193719.0,88968.0,15911.0,87857.0,3944.0,27038.0,302100.0,12,113,8.21344318316737,95.70375050380716,4.296249496192852,13.957329946985068
"Sarasota County, Florida",449011.0,80633.0,36101.0,191786.0,7048.0,82183.0,373100.0,12,115,8.040114830148926,96.45533460072221,3.5446653992777897,18.303115068450442
"Seminole County, Florida",474912.0,83030.0,43264.0,260000.0,10643.0,93962.0,357300.0,12,117,9.10989825483458,96.06751329241843,3.932486707581574,19.785139141567278
"Sumter County, Florida",137536.0,73297.0,11723.0,32301.0,1845.0,26375.0,356000.0,12,119,8.523586551884597,94.59673168160253,5.403268318397469,19.176797347603536
"Suwannee County, Florida",44484.0,55479.0,5998.0,18390.0,1047.0,3258.0,160900.0,12,121,13.483499685280101,94.61336626022533,5.386633739774656,7.32398165632587
"Taylor County, Florida",21422.0,44985.0,3225.0,7130.0,364.0,1684.0,100200.0,12,123,15.054616749136402,95.14278089137977,4.85721910862023,7.861077397068435
"Union County, Florida",15551.0,64922.0,1995.0,4487.0,149.0,727.0,160400.0,12,125,12.828756993119415,96.78602243313202,3.2139775668679897,4.674940518294644
"Volusia County, Florida",568229.0,66581.0,67642.0,260546.0,10431.0,75136.0,278000.0,12,127,11.904003491550062,96.1505958070242,3.8494041929757876,13.222837975534512
"Wakulla County, Florida",34608.0,74183.0,1758.0,16352.0,513.0,3425.0,216300.0,12,129,5.079750346740638,96.95819745034095,3.041802549659057,9.896555709662506
"Walton County, Florida",79846.0,79281.0,8912.0,38398.0,2005.0,13232.0,376400.0,12,131,11.161485860281042,95.0374972155533,4.9625027844467,16.571900909250306
"Washington County, Florida",25259.0,52723.0,4279.0,9455.0,376.0,1313.0,156000.0,12,133,16.9404964567085,96.17536364561083,3.824636354389177,5.198147195059187
"Appling County, Georgia",18426.0,43728.0,4310.0,7536.0,273.0,614.0,81400.0,13,1,23.390860740258333,96.5040338071456,3.495966192854399,3.332247910561163
"Atkinson County, Georgia",8261.0,38438.0,2062.0,3696.0,105.0,290.0,76300.0,13,3,24.96065851591817,97.23756906077348,2.7624309392265194,3.5104708873017794
"Bacon County, Georgia",11129.0,50310.0,2223.0,4527.0,146.0,423.0,104100.0,13,5,19.974840506784076,96.87566873528782,3.1243312647121764,3.800880582262557
"Baker County, Georgia",2830.0,44405.0,832.0,1005.0,96.0,204.0,120100.0,13,7,29.39929328621908,91.28065395095368,8.71934604904632,7.208480565371024
"Baldwin County, Georgia",43669.0,55413.0,8518.0,17304.0,956.0,3839.0,164700.0,13,9,19.505827932858548,94.7645125958379,5.235487404162103,8.791133298220705
"Banks County, Georgia",18757.0,68830.0,2396.0,8915.0,238.0,1546.0,251700.0,13,11,12.773897744841925,97.39975964164755,2.600240358352453,8.242256224342912
"Barrow County, Georgia",86982.0,77477.0,8797.0,44927.0,1498.0,8049.0,255200.0,13,13,10.113586719091307,96.77329025309639,3.2267097469036083,9.253638683865626
"Bartow County, Georgia",111153.0,79431.0,11092.0,56361.0,2580.0,11616.0,262200.0,13,15,9.97903790271068,95.62274138545325,4.37725861454675,10.450460176513454
"Ben Hill County, Georgia",17138.0,39081.0,4308.0,7209.0,360.0,917.0,114600.0,13,17,25.137122184618978,95.24375743162902,4.756242568370987,5.350682693429805
"Berrien County, Georgia",18257.0,50414.0,3979.0,8008.0,334.0,1030.0,115200.0,13,19,21.79438023771704,95.99616398945096,4.003836010549029,5.64167168757189
"Bibb County, Georgia",156543.0,50747.0,37337.0,69565.0,5221.0,13337.0,165800.0,13,21,23.850954689765754,93.01874682427193,6.981253175728078,8.519703851337972
"Bleckley County, Georgia",12414.0,53005.0,2289.0,5288.0,392.0,901.0,132900.0,13,23,18.438859352344128,93.09859154929578,6.901408450704226,7.257934589979056
"Brantley County, Georgia",18171.0,47801.0,3054.0,7504.0,212.0,661.0,91800.0,13,25,16.807000165098234,97.25246241575947,2.747537584240539,3.6376644103241427
"Brooks County, Georgia",16285.0,47656.0,4056.0,7118.0,460.0,982.0,118100.0,13,27,24.906355541909733,93.92979678015307,6.070203219846925,6.030089038992938
"Bryan County, Georgia",46681.0,94234.0,3357.0,22249.0,1250.0,6495.0,317100.0,13,29,7.191362652899466,94.68062470743436,5.319375292565641,13.913583685011034
"Bulloch County, Georgia",81372.0,56832.0,16801.0,40143.0,3179.0,8620.0,191600.0,13,31,20.6471513542742,92.66192696551406,7.338073034485943,10.593324485080863
"Burke County, Georgia",24427.0,50739.0,4611.0,10970.0,633.0,1698.0,107800.0,13,33,18.876652884103656,94.54451434973714,5.4554856502628635,6.951324354198224
"Butts County, Georgia",26074.0,59221.0,3032.0,11072.0,551.0,1456.0,227800.0,13,35,11.62844212625604,95.25939946657489,4.740600533425106,5.584106773030605
"Calhoun County, Georgia",5528.0,55714.0,866.0,1657.0,122.0,284.0,82200.0,13,37,15.665701881331403,93.14221472737493,6.857785272625071,5.137481910274964
"Camden County, Georgia",56036.0,72399.0,8095.0,22760.0,1067.0,5189.0,233900.0,13,39,14.446070383325004,95.52188693498972,4.478113065010282,9.260118495253051
"Candler County, Georgia",10972.0,50431.0,1870.0,4731.0,191.0,570.0,135600.0,13,43,17.043383157127234,96.11946363266965,3.8805363673303535,5.195041924899744
"Carroll County, Georgia",122187.0,72327.0,18511.0,61601.0,3729.0,10694.0,227500.0,13,45,15.149729512959645,94.29205571712842,5.707944282871575,8.752158576607986
"Catoosa County, Georgia",68356.0,72425.0,5898.0,34130.0,1326.0,7329.0,214200.0,13,47,8.628357422903623,96.2601534296029,3.7398465703971118,10.72180935104453
"Charlton County, Georgia",12711.0,48534.0,2697.0,5392.0,544.0,727.0,119000.0,13,49,21.217842813311304,90.83557951482479,9.164420485175203,5.7194555896467625
"Chatham County, Georgia",298143.0,69575.0,41100.0,151528.0,8611.0,45020.0,273300.0,13,51,13.785331200128798,94.6227964455879,5.377203554412104,15.100136511673929
"Chattahoochee County, Georgia",9181.0,59221.0,772.0,1370.0,108.0,739.0,99800.0,13,53,8.408670079512035,92.69282814614344,7.307171853856563,8.049232109791962
"Chattooga County, Georgia",24975.0,47785.0,4696.0,9825.0,476.0,1039.0,98700.0,13,55,18.802802802802805,95.37908940879525,4.620910591204738,4.16016016016016
"Cherokee County, Georgia",274539.0,105442.0,17693.0,149547.0,4806.0,51466.0,389800.0,13,57,6.444621711305134,96.88635789391849,3.1136421060815147,18.746334764823942
"Clarke County, Georgia",129267.0,52267.0,30727.0,68114.0,3494.0,18006.0,271900.0,13,59,23.770181098037398,95.12065690984247,4.8793430901575245,13.9293091044118
"Clay County, Georgia",2853.0,48715.0,644.0,1175.0,52.0,256.0,92500.0,13,61,22.57273045916579,95.76202118989406,4.2379788101059495,8.973010865755345
"Clayton County, Georgia",298771.0,58507.0,49531.0,150139.0,10101.0,26504.0,194500.0,13,63,16.578248892964844,93.69633050424363,6.303669495756366,8.871008230383806
"Clinch County, Georgia",6722.0,55549.0,1517.0,2690.0,92.0,423.0,86300.0,13,65,22.567688188039273,96.69302659956865,3.3069734004313442,6.292770008925914
"Cobb County, Georgia",769152.0,98712.0,64760.0,432640.0,19668.0,166502.0,373700.0,13,67,8.419662173406557,95.65163561113224,4.348364388867763,21.647476701614245
"Coffee County, Georgia",43161.0,50175.0,7799.0,17807.0,864.0,2435.0,125700.0,13,69,18.06955353212391,95.37250281184726,4.62749718815275,5.641667245893283
"Colquitt County, Georgia",45907.0,49691.0,10835.0,21046.0,862.0,2608.0,121400.0,13,71,23.602065044546585,96.0653642505021,3.9346357494979003,5.681050820136363
"Columbia County, Georgia",159638.0,96122.0,10805.0,77272.0,3692.0,23009.0,287400.0,13,73,6.768438592315112,95.43994861913937,4.56005138086063,14.413234944060937
"Cook County, Georgia",17363.0,50133.0,3494.0,7966.0,351.0,1204.0,123000.0,13,75,20.123250590335772,95.77972826740411,4.220271732595888,6.934285549732189
"Coweta County, Georgia",150071.0,94142.0,12222.0,76396.0,2138.0,22536.0,321900.0,13,77,8.144145104650466,97.27761224437823,2.722387755621769,15.016892004451227
"Crawford County, Georgia",12183.0,60905.0,1593.0,5523.0,229.0,674.0,144800.0,13,79,13.0755971435607,96.01877607788595,3.9812239221140473,5.5322991053106785
"Crisp County, Georgia",19995.0,42745.0,4695.0,8929.0,780.0,1291.0,120800.0,13,81,23.48087021755439,91.96621691214337,8.033783087856627,6.456614153538384
"Dade County, Georgia",16196.0,58936.0,1280.0,7522.0,335.0,1526.0,166600.0,13,83,7.9031859718449,95.736286114293,4.263713885707013,9.422079525808842
"Dawson County, Georgia",28704.0,88986.0,2634.0,14622.0,649.0,5040.0,351900.0,13,85,9.176421404682273,95.75011459629363,4.249885403706371,17.558528428093645
"Decatur County, Georgia",29118.0,50485.0,6976.0,11824.0,821.0,1727.0,146200.0,13,87,23.957689401744624,93.50731514432582,6.49268485567418,5.93103921972663
"DeKalb County, Georgia",762105.0,77683.0,101298.0,412850.0,26350.0,135014.0,331400.0,13,89,13.291869230617829,94.00045537340618,5.999544626593807,17.715931531744314
"Dodge County, Georgia",19909.0,50152.0,4040.0,7668.0,262.0,1336.0,108700.0,13,91,20.292330101963934,96.69609079445145,3.3039092055485497,6.710532924807875
"Dooly County, Georgia",11026.0,56545.0,1777.0,4288.0,246.0,775.0,96400.0,13,93,16.116452022492293,94.57432730480811,5.425672695191883,7.028840921458371
"Dougherty County, Georgia",83915.0,46784.0,21255.0,36286.0,3909.0,6520.0,129200.0,13,95,25.329202168861347,90.27490981465355,9.725090185346435,7.769767026157422
"Douglas County, Georgia",146141.0,80764.0,16295.0,75827.0,4648.0,18094.0,262200.0,13,97,11.150190569381625,94.22429325877602,5.775706741223983,12.381193504902798
"Early County, Georgia",10683.0,53750.0,2216.0,4438.0,304.0,627.0,130100.0,13,99,20.743236918468593,93.58920286798819,6.41079713201181,5.869137882617243
"Echols County, Georgia",3705.0,61723.0,458.0,1853.0,66.0,193.0,112600.0,13,101,12.361673414304994,96.56070870244919,3.4392912975508074,5.209176788124156
"Effingham County, Georgia",67265.0,85465.0,4946.0,33643.0,1945.0,8428.0,245300.0,13,103,7.353006764290493,94.5346746094189,5.465325390581095,12.529547312867017
"Elbert County, Georgia",19725.0,49727.0,3989.0,9223.0,587.0,1253.0,114600.0,13,105,20.223067173637517,94.01630988786953,5.983690112130479,6.35234474017744
"Emanuel County, Georgia",22961.0,50053.0,5410.0,10187.0,986.0,1147.0,88200.0,13,107,23.561691563956273,91.17515439004742,8.824845609952565,4.995427028439528
"Evans County, Georgia",10740.0,53908.0,1870.0,4600.0,253.0,654.0,139700.0,13,109,17.411545623836126,94.7867298578199,5.213270142180095,6.089385474860335
"Fannin County, Georgia",25605.0,58073.0,3059.0,11030.0,465.0,2660.0,274600.0,13,111,11.9468853739504,95.95476294040888,4.045237059591127,10.388595977348174
"Fayette County, Georgia",120689.0,108986.0,6603.0,57798.0,2137.0,24748.0,405600.0,13,113,5.471086843042862,96.43447067656628,3.56552932343372,20.50559703038388
"Floyd County, Georgia",98985.0,62540.0,15943.0,46440.0,1978.0,9328.0,194100.0,13,115,16.10648077991615,95.91474245115454,4.085257548845471,9.423650047987069
"Forsyth County, Georgia",260062.0,138000.0,11712.0,139547.0,4675.0,59894.0,493800.0,13,117,4.5035414631895465,96.75846958161722,3.241530418382771,23.030661919080835
"Franklin County, Georgia",23840.0,52264.0,4685.0,10356.0,521.0,1589.0,160600.0,13,119,19.651845637583893,95.21007630780545,4.789923692194539,6.6652684563758395
"Fulton County, Georgia",1068507.0,91490.0,133805.0,602038.0,32429.0,248277.0,431200.0,13,121,12.522613328691342,94.88878066156316,5.11121933843683,23.23587959648369
"Gilmer County, Georgia",31976.0,72542.0,4667.0,13950.0,254.0,3515.0,278900.0,13,123,14.595321491118337,98.21177133201915,1.7882286679808506,10.99261946459845
"Glascock County, Georgia",2913.0,55250.0,347.0,1233.0,13.0,272.0,122800.0,13,125,11.912118091314795,98.95666131621188,1.043338683788122,9.337452797802952
"Glynn County, Georgia",84987.0,68546.0,13668.0,38922.0,1774.0,11022.0,268300.0,13,127,16.08245967030252,95.64084922351091,4.3591507764890896,12.969042324120158
"Gordon County, Georgia",58336.0,61997.0,7438.0,27854.0,1009.0,4103.0,205600.0,13,129,12.750274273176082,96.50417489519454,3.4958251048054603,7.033392759188152
"Grady County, Georgia",26056.0,54312.0,5318.0,11945.0,339.0,1629.0,136500.0,13,131,20.40988639852625,97.24031260175838,2.759687398241615,6.251918943813325
"Greene County, Georgia",19586.0,84530.0,1705.0,8267.0,424.0,3395.0,342200.0,13,133,8.70519759011539,95.12138994361983,4.878610056380164,17.333809864188705
"Gwinnett County, Georgia",966972.0,84823.0,100570.0,509837.0,20730.0,156415.0,345700.0,13,135,10.400507977480217,96.09285914879742,3.9071408512025814,16.175752762230964
"Habersham County, Georgia",46948.0,65622.0,6064.0,21585.0,486.0,4628.0,212000.0,13,137,12.916418164778051,97.7980154954465,2.2019845045534865,9.85771491863338
"Hall County, Georgia",208395.0,77430.0,26231.0,103928.0,4083.0,23186.0,313600.0,13,139,12.587154202356102,96.21982946181407,3.7801705381859256,11.125986707934452
"Hancock County, Georgia",8630.0,33182.0,2154.0,2401.0,142.0,377.0,87400.0,13,141,24.95944380069525,94.41604404246952,5.583955957530476,4.368482039397451
"Haralson County, Georgia",30720.0,65016.0,4596.0,14566.0,772.0,2244.0,210400.0,13,143,14.960937499999998,94.96674925022819,5.033250749771809,7.3046875
"Harris County, Georgia",35509.0,89184.0,2586.0,16705.0,969.0,4802.0,278700.0,13,145,7.282660733898448,94.51737014824036,5.482629851759647,13.52333211298544
"Hart County, Georgia",26484.0,57241.0,2940.0,11728.0,441.0,2518.0,206500.0,13,147,11.10104213864975,96.3760374722656,3.623962527734407,9.50762724663948
"Heard County, Georgia",11616.0,62907.0,2136.0,4867.0,254.0,635.0,161000.0,13,149,18.388429752066116,95.04003124389767,4.959968756102324,5.466597796143251
"Henry County, Georgia",245417.0,81612.0,22940.0,127449.0,7182.0,29470.0,277400.0,13,151,9.347355725153514,94.66541881141788,5.334581188582124,12.008133095914301
"Houston County, Georgia",166902.0,80743.0,16644.0,80034.0,4013.0,20771.0,205600.0,13,153,9.972319085451343,95.22529061120564,4.774709388794365,12.445027620999149
"Irwin County, Georgia",9385.0,53915.0,1657.0,4431.0,160.0,466.0,105300.0,13,155,17.65583377730421,96.51492049662383,3.485079503376171,4.965370271710176
"Jackson County, Georgia",80640.0,85012.0,6613.0,40071.0,1368.0,10096.0,312700.0,13,157,8.200644841269842,96.69876203576341,3.3012379642365883,12.519841269841269
"Jasper County, Georgia",15345.0,59574.0,2125.0,7133.0,517.0,1192.0,219700.0,13,159,13.848159009449331,93.24183006535948,6.758169934640524,7.768002606712285
"Jeff Davis County, Georgia",14838.0,40879.0,3935.0,6089.0,297.0,670.0,109300.0,13,161,26.51974659657636,95.3492013780144,4.650798621985594,4.515433346812238
"Jefferson County, Georgia",15468.0,46561.0,2810.0,6703.0,336.0,858.0,93100.0,13,163,18.166537367468322,95.22659468674529,4.773405313254724,5.546935608999224
"Jenkins County, Georgia",8674.0,36906.0,1769.0,3195.0,160.0,239.0,81100.0,13,165,20.39428176158635,95.23099850968704,4.769001490312966,2.755360848512797
"Johnson County, Georgia",9192.0,54183.0,1351.0,3394.0,240.0,324.0,91200.0,13,167,14.69756309834639,93.3957072096863,6.604292790313703,3.524804177545692
"Jones County, Georgia",28526.0,68259.0,3800.0,13464.0,493.0,2345.0,174600.0,13,169,13.32118067727687,96.46772228989038,3.5322777101096223,8.220570707424805
"Lamar County, Georgia",19098.0,68457.0,1895.0,8734.0,308.0,1424.0,201400.0,13,171,9.922504974342864,96.59367396593674,3.40632603406326,7.456278144308305
"Lanier County, Georgia",10094.0,44361.0,2726.0,4017.0,137.0,801.0,161100.0,13,173,27.006142262730336,96.70197400096293,3.2980259990370726,7.935407172577769
"Laurens County, Georgia",49619.0,49705.0,10944.0,21634.0,1230.0,3089.0,137400.0,13,175,22.056067232310202,94.62036389083275,5.37963610916725,6.225437836312703
"Lee County, Georgia",33337.0,88024.0,2256.0,17103.0,621.0,3945.0,226900.0,13,177,6.767255601883793,96.49627623561273,3.5037237643872716,11.83369829318775
"Liberty County, Georgia",66826.0,59013.0,9289.0,25636.0,2057.0,5218.0,180200.0,13,179,13.900278334779875,92.57213014119091,7.4278698588090855,7.808338072007902
"Lincoln County, Georgia",7773.0,50688.0,1393.0,3287.0,125.0,559.0,163600.0,13,181,17.9210086195806,96.33645955451348,3.663540445486518,7.191560530039881
"Long County, Georgia",17512.0,64747.0,2746.0,7094.0,383.0,877.0,196500.0,13,183,15.680676107811786,94.87762471579511,5.122375284204895,5.007994518044769
"Lowndes County, Georgia",119055.0,55887.0,23253.0,53524.0,3053.0,11738.0,197900.0,13,185,19.531309058838353,94.60381427081677,5.396185729183237,9.859308722859183
"Lumpkin County, Georgia",33931.0,72388.0,4893.0,16205.0,908.0,4026.0,277200.0,13,187,14.420441484188501,94.69409221060013,5.305907789399871,11.865255960625976
"McDuffie County, Georgia",21687.0,54058.0,4052.0,9692.0,358.0,1651.0,155100.0,13,189,18.68400424217273,96.43781094527363,3.5621890547263684,7.6128556277954536
"McIntosh County, Georgia",11187.0,50348.0,2475.0,4426.0,143.0,1098.0,173900.0,13,191,22.123893805309734,96.87021230028454,3.1297876997154734,9.814963797264681
"Macon County, Georgia",11953.0,37177.0,2537.0,4035.0,348.0,657.0,87000.0,13,193,21.224797122061407,92.06023271731691,7.939767282683094,5.496528068267381
"Madison County, Georgia",30914.0,58784.0,5772.0,14038.0,655.0,2117.0,198800.0,13,195,18.671152228763667,95.54209487511059,4.457905124889403,6.848030018761726
"Marion County, Georgia",7474.0,50484.0,1247.0,3166.0,131.0,568.0,122100.0,13,197,16.684506288466686,96.02669093114953,3.97330906885047,7.5996788868076
"Meriwether County, Georgia",20757.0,56458.0,4052.0,8599.0,541.0,1167.0,154600.0,13,199,19.521125403478344,94.08096280087528,5.919037199124726,5.622199739846798
"Miller County, Georgia",5873.0,58407.0,1377.0,2701.0,145.0,549.0,118300.0,13,201,23.44627958453942,94.90513000702741,5.094869992972593,9.34786310233271
"Mitchell County, Georgia",21441.0,51908.0,5042.0,8492.0,562.0,948.0,105500.0,13,205,23.51569423067954,93.7927987629777,6.207201237022311,4.421435567370925
"Monroe County, Georgia",28919.0,82863.0,3162.0,14260.0,572.0,3086.0,243200.0,13,207,10.933988035547564,96.14347357065803,3.856526429341963,10.671185034060652
"Montgomery County, Georgia",8675.0,51188.0,1279.0,3796.0,231.0,619.0,118200.0,13,209,14.743515850144092,94.26371989073752,5.736280109262478,7.1354466858789625
"Morgan County, Georgia",20614.0,85692.0,1522.0,10155.0,299.0,2770.0,323100.0,13,211,7.383331716309305,97.13985077482303,2.860149225176966,13.437469680799458
"Murray County, Georgia",40282.0,67880.0,5198.0,19972.0,1002.0,2380.0,173300.0,13,213,12.904026612382701,95.22265662248498,4.7773433775150185,5.908346159574996
"Muscogee County, Georgia",204383.0,56622.0,37491.0,89294.0,5775.0,23697.0,182300.0,13,215,18.34350215037454,93.92546466250829,6.074535337491717,11.594408536913539
"Newton County, Georgia",115530.0,73732.0,13984.0,58334.0,3850.0,10697.0,233300.0,13,217,12.104215355318965,93.80869677087354,6.191303229126464,9.259066909027958
"Oconee County, Georgia",42788.0,115925.0,2586.0,21490.0,650.0,7676.0,425100.0,13,219,6.043750584275965,97.06413730803975,2.935862691960253,17.939609236234457
"Oglethorpe County, Georgia",15221.0,69784.0,1676.0,7358.0,246.0,1602.0,198700.0,13,221,11.0111030812693,96.76486059968438,3.235139400315623,10.524932658826621
"Paulding County, Georgia",174292.0,94557.0,10525.0,89927.0,4011.0,21024.0,289000.0,13,223,6.038716636449177,95.7301624475718,4.269837552428197,12.062515778119478
"Peach County, Georgia",28269.0,68365.0,4730.0,13407.0,896.0,2227.0,186100.0,13,225,16.732109377763628,93.7355799482626,6.264420051737398,7.877887438536914
"Pickens County, Georgia",34197.0,75293.0,4502.0,16543.0,626.0,4316.0,289600.0,13,227,13.16489750562915,96.35389364552391,3.6461063544760903,12.620990145334385
"Pierce County, Georgia",19996.0,56691.0,2605.0,9098.0,366.0,1185.0,132100.0,13,229,13.02760552110422,96.13271344040575,3.867286559594252,5.9261852370474095
"Pike County, Georgia",19540.0,84184.0,1830.0,9210.0,402.0,1808.0,265700.0,13,231,9.365404298874104,95.81772784019975,4.18227215980025,9.25281473899693
"Polk County, Georgia",43365.0,55308.0,8302.0,18960.0,1095.0,2550.0,163500.0,13,233,19.144471347861177,94.54001495886313,5.459985041136874,5.88031822898651
"Pulaski County, Georgia",9893.0,47688.0,1577.0,3753.0,197.0,548.0,144300.0,13,235,15.940564035176388,95.0126582278481,4.987341772151899,5.539270191044173
"Putnam County, Georgia",22524.0,64163.0,4121.0,10015.0,437.0,2994.0,222000.0,13,237,18.296039779790448,95.81898201301186,4.181017986988136,13.292488012786361
"Quitman County, Georgia",2092.0,36838.0,324.0,762.0,237.0,80.0,103000.0,13,239,15.487571701720842,76.27627627627628,23.723723723723726,3.824091778202677
"Rabun County, Georgia",17107.0,61466.0,2497.0,7321.0,151.0,2267.0,272600.0,13,241,14.596364061495295,97.97912205567452,2.020877944325482,13.251885193195767
"Randolph County, Georgia",6270.0,25425.0,1628.0,2690.0,278.0,389.0,90900.0,13,243,25.964912280701753,90.63342318059298,9.366576819407008,6.2041467304625195
"Richmond County, Georgia",206040.0,53197.0,41459.0,94040.0,7429.0,19968.0,163300.0,13,245,20.121821005629975,92.67855207009038,7.321447929909628,9.691322073383809
"Rockdale County, Georgia",94293.0,72349.0,10026.0,47557.0,2749.0,11122.0,256600.0,13,247,10.632814737043047,94.53544308829962,5.464556911700394,11.795149162716214
"Schley County, Georgia",4539.0,59647.0,601.0,1992.0,81.0,338.0,152900.0,13,249,13.24080193875303,96.09261939218524,3.907380607814761,7.446574135272087
"Screven County, Georgia",14057.0,53017.0,2472.0,5950.0,339.0,814.0,122300.0,13,251,17.585544568542364,94.60963587215774,5.390364127842264,5.790709255175357
"Seminole County, Georgia",9117.0,49559.0,1700.0,3646.0,183.0,708.0,111600.0,13,253,18.646484589228912,95.22068425176286,4.779315748237138,7.765712405396512
"Spalding County, Georgia",68215.0,60217.0,12519.0,30991.0,1681.0,5178.0,196600.0,13,255,18.35226856263285,94.85492164544564,5.145078354554358,7.5907058564831775
"Stephens County, Georgia",26842.0,52264.0,3587.0,11986.0,620.0,1711.0,168200.0,13,257,13.363385738767603,95.08170712359194,4.91829287640806,6.374338722896952
"Stewart County, Georgia",4978.0,35000.0,1018.0,1500.0,71.0,319.0,53000.0,13,259,20.449979911611088,95.48058561425843,4.519414385741566,6.408196062675773
"Sumter County, Georgia",29174.0,41877.0,6209.0,13316.0,642.0,2212.0,122300.0,13,261,21.282648933982312,95.40048717581315,4.599512824186847,7.582093645026393
"Talbot County, Georgia",5753.0,45098.0,1232.0,2444.0,94.0,371.0,127200.0,13,263,21.414913957934992,96.29629629629629,3.7037037037037033,6.44880931687815
"Taliaferro County, Georgia",1740.0,48036.0,370.0,723.0,33.0,66.0,73100.0,13,265,21.26436781609195,95.63492063492063,4.365079365079365,3.793103448275862
"Tattnall County, Georgia",24215.0,52351.0,4463.0,9213.0,638.0,1378.0,122400.0,13,267,18.43072475738179,93.5235001522688,6.476499847731194,5.690687590336569
"Taylor County, Georgia",7786.0,41743.0,2242.0,3267.0,236.0,626.0,82900.0,13,269,28.79527356794246,93.26291749928632,6.737082500713674,8.040071923966092
"Telfair County, Georgia",12174.0,44948.0,3026.0,3435.0,171.0,470.0,108200.0,13,271,24.85625102677838,95.25790349417638,4.7420965058236275,3.8606867093806474
"Terrell County, Georgia",8941.0,43812.0,2838.0,3474.0,281.0,415.0,111500.0,13,273,31.74141594899899,92.51664447403462,7.483355525965379,4.641538977742981
"Thomas County, Georgia",45696.0,60140.0,8069.0,22428.0,1459.0,4753.0,185300.0,13,275,17.658000700280112,93.8920751873404,6.107924812659606,10.401348039215687
"Tift County, Georgia",41322.0,53165.0,8266.0,17928.0,597.0,2707.0,143100.0,13,277,20.003872029427423,96.77732793522267,3.222672064777328,6.550989787522385
"Toombs County, Georgia",26943.0,54130.0,5252.0,11660.0,458.0,1945.0,127100.0,13,279,19.493003748654566,96.2204984320845,3.7795015679154975,7.218943695950711
"Towns County, Georgia",12739.0,58400.0,1529.0,4806.0,170.0,1741.0,311900.0,13,281,12.002511971112332,96.58360128617363,3.4163987138263665,13.666692833032421
"Treutlen County, Georgia",6387.0,43750.0,1511.0,2655.0,215.0,432.0,98400.0,13,283,23.657429152966962,92.50871080139372,7.491289198606271,6.763738844527947
"Troup County, Georgia",69821.0,54905.0,12589.0,33036.0,1830.0,5926.0,187800.0,13,285,18.030392002406153,94.75133367750817,5.248666322491826,8.487417825582561
"Turner County, Georgia",8915.0,39565.0,1869.0,3827.0,443.0,493.0,95200.0,13,287,20.964666292765003,89.62529274004683,10.374707259953162,5.530005608524958
"Twiggs County, Georgia",7869.0,55439.0,1160.0,2908.0,116.0,411.0,104500.0,13,289,14.741390265599186,96.16402116402116,3.835978835978836,5.22302706824247
"Union County, Georgia",25598.0,65697.0,2598.0,10072.0,363.0,3302.0,272600.0,13,291,10.149230408625675,96.52132247244849,3.4786775275515094,12.899445269161653
"Upson County, Georgia",27856.0,50904.0,5749.0,11766.0,317.0,1885.0,149500.0,13,293,20.638282596209077,97.37647935115452,2.6235206488454854,6.766944284893739
"Walker County, Georgia",68449.0,55887.0,9223.0,32363.0,1623.0,6009.0,173900.0,13,295,13.474265511548744,95.2245042076149,4.7754957923851,8.778798813715321
"Walton County, Georgia",100361.0,82381.0,12060.0,50439.0,2719.0,10762.0,300500.0,13,297,12.016620001793525,94.88505963354528,5.11494036645472,10.723288926973625
"Ware County, Georgia",35958.0,44833.0,7690.0,13944.0,670.0,2505.0,106500.0,13,299,21.38606151621336,95.4153551389079,4.584644861092103,6.966460871016185
"Warren County, Georgia",5175.0,46776.0,1112.0,2138.0,165.0,347.0,78000.0,13,301,21.487922705314013,92.83543204515848,7.164567954841511,6.705314009661836
"Washington County, Georgia",19893.0,44009.0,2807.0,8232.0,395.0,1719.0,115600.0,13,303,14.110491127532299,95.42135157065029,4.578648429349716,8.641230583622379
"Wayne County, Georgia",30519.0,49562.0,5874.0,12362.0,824.0,1733.0,149800.0,13,305,19.247026442543987,93.75094797512513,6.249052024874867,5.678429830597333
"Webster County, Georgia",2348.0,40764.0,620.0,1152.0,64.0,147.0,92200.0,13,307,26.405451448040886,94.73684210526315,5.263157894736842,6.260647359454855
"Wheeler County, Georgia",7434.0,45262.0,1406.0,3006.0,196.0,564.0,74600.0,13,309,18.913101963949423,93.8788257339163,6.121174266083697,7.586763518966909
"White County, Georgia",28454.0,69747.0,3261.0,13365.0,442.0,2669.0,262200.0,13,311,11.460603078653266,96.79872528427609,3.2012747157239083,9.380052013776622
"Whitfield County, Georgia",103118.0,64262.0,13995.0,50297.0,2733.0,7373.0,198900.0,13,313,13.571830330301207,94.84631340750519,5.153686592494814,7.15006109505615
"Wilcox County, Georgia",8784.0,48036.0,1620.0,2997.0,190.0,460.0,71200.0,13,315,18.442622950819672,94.03828051459053,5.961719485409476,5.2367941712204
"Wilkes County, Georgia",9553.0,52542.0,1603.0,3926.0,96.0,841.0,105000.0,13,317,16.78006908824453,97.61312779711587,2.3868722028841374,8.803517219721552
"Wilkinson County, Georgia",8795.0,46673.0,1761.0,3711.0,198.0,483.0,90800.0,13,319,20.022740193291643,94.93476592478895,5.065234075211052,5.491756679931779
"Worth County, Georgia",20575.0,57201.0,4096.0,9113.0,584.0,1139.0,112400.0,13,321,19.907654921020658,93.97751882025369,6.022481179746313,5.535844471445929
"Hawaii County, Hawaii",203684.0,77215.0,29257.0,94540.0,5842.0,28088.0,486400.0,15,1,14.363916655211012,94.18023151561037,5.819768484389631,13.789988413424718
"Honolulu County, Hawaii",1003666.0,104264.0,88808.0,485957.0,23328.0,167802.0,873000.0,15,3,8.848361905255334,95.4194606163543,4.580539383645699,16.718908481506798
"Kalawao County, Hawaii",43.0,86250.0,13.0,30.0,0.0,7.0,,15,5,30.23255813953488,100.0,0.0,16.27906976744186
"Kauai County, Hawaii",73610.0,93612.0,6414.0,37255.0,1448.0,11014.0,817900.0,15,7,8.713490014943622,96.25868795700592,3.7413120429940836,14.962640945523706
"Maui County, Hawaii",164632.0,95076.0,15969.0,85690.0,4760.0,23730.0,858600.0,15,9,9.699815345740802,94.73742399115534,5.262576008844666,14.413965693182371
"Ada County, Idaho",508052.0,88907.0,42195.0,269755.0,8378.0,99716.0,476000.0,16,1,8.30525221827687,96.98777203711893,3.0122279628810675,19.627124782502577
"Adams County, Idaho",4599.0,59286.0,686.0,1885.0,125.0,484.0,327300.0,16,3,14.916286149162861,93.78109452736318,6.218905472636816,10.524026962383125
"Bannock County, Idaho",88457.0,64080.0,10398.0,42517.0,1965.0,11078.0,267200.0,16,5,11.75486394519371,95.58248280203229,4.417517197967717,12.52359903682015
"Bear Lake County, Idaho",6552.0,67304.0,660.0,2863.0,75.0,597.0,234200.0,16,7,10.073260073260073,97.44724302246426,2.5527569775357386,9.111721611721611
"Benewah County, Idaho",9913.0,56553.0,1466.0,4227.0,166.0,924.0,255800.0,16,9,14.788661353777869,96.2212610972001,3.7787389027999088,9.321093513568043
"Bingham County, Idaho",48993.0,76842.0,5300.0,23461.0,1361.0,4483.0,258000.0,16,11,10.817871940889514,94.51696076061559,5.483039239384417,9.15028677566183
"Blaine County, Idaho",24579.0,84470.0,1821.0,13867.0,360.0,5927.0,663800.0,16,13,7.408763578664714,97.46960005623112,2.53039994376889,24.114081126164614
"Boise County, Idaho",8045.0,77349.0,658.0,3644.0,108.0,1296.0,424100.0,16,15,8.178993163455562,97.12153518123668,2.878464818763326,16.109384711000622
"Bonner County, Idaho",49456.0,65168.0,5231.0,21130.0,826.0,7017.0,433400.0,16,17,10.577078615334843,96.23793040626708,3.7620695937329205,14.188369459721773
"Bonneville County, Idaho",127056.0,76646.0,11922.0,60476.0,2324.0,17310.0,327000.0,16,19,9.383264072534946,96.29936305732484,3.700636942675159,13.623913864752549
"Boundary County, Idaho",12695.0,62438.0,2154.0,4996.0,167.0,1038.0,344100.0,16,21,16.967309964552975,96.76544644586481,3.234553554135193,8.17644742024419
"Butte County, Idaho",2654.0,43281.0,561.0,1072.0,47.0,178.0,195800.0,16,23,21.137905048982667,95.79982126899017,4.20017873100983,6.706857573474001
"Camas County, Idaho",1155.0,55536.0,77.0,450.0,0.0,136.0,248900.0,16,25,6.666666666666667,100.0,0.0,11.774891774891776
"Canyon County, Idaho",242405.0,72355.0,24145.0,118337.0,3980.0,24882.0,350300.0,16,27,9.960603122872879,96.74615956898877,3.2538404310112248,10.264639755780616
"Caribou County, Idaho",7118.0,66653.0,513.0,3439.0,99.0,446.0,220200.0,16,29,7.20708064062939,97.20180893159977,2.798191068400226,6.265805001404889
"Cassia County, Idaho",25165.0,67042.0,2546.0,12139.0,306.0,2086.0,257300.0,16,31,10.117226306377907,97.54118119726797,2.458818802732021,8.289290681502086
"Clark County, Idaho",776.0,52083.0,98.0,369.0,7.0,65.0,203000.0,16,33,12.628865979381443,98.13829787234043,1.8617021276595744,8.376288659793813
"Clearwater County, Idaho",8921.0,57961.0,1019.0,3527.0,122.0,940.0,240800.0,16,35,11.422486268355565,96.65661825157578,3.3433817484242256,10.536935321152336
"Custer County, Idaho",4411.0,56957.0,503.0,1909.0,41.0,787.0,295600.0,16,37,11.403309907050556,97.8974358974359,2.1025641025641026,17.841759238267965
"Elmore County, Idaho",29046.0,58976.0,3435.0,10880.0,720.0,2919.0,278300.0,16,39,11.826068994009502,93.79310344827586,6.206896551724138,10.049576533774013
"Franklin County, Idaho",14715.0,65991.0,1218.0,6702.0,120.0,1342.0,304000.0,16,41,8.277268093781855,98.2409850483729,1.759014951627089,9.119945633707102
"Fremont County, Idaho",13701.0,72767.0,1282.0,6251.0,289.0,1569.0,281800.0,16,43,9.35698124224509,95.58103975535168,4.418960244648318,11.451718852638495
"Gem County, Idaho",19854.0,66245.0,2013.0,9145.0,259.0,2417.0,367300.0,16,45,10.139014808099125,97.24585282858358,2.7541471714164185,12.173869245492092
"Gooding County, Idaho",15740.0,62395.0,2391.0,7573.0,382.0,1119.0,231800.0,16,47,15.190597204574333,95.19798868636077,4.802011313639221,7.109275730622618
"Idaho County, Idaho",17120.0,60975.0,1791.0,7043.0,261.0,2064.0,284600.0,16,49,10.461448598130842,96.42661555312158,3.5733844468784226,12.05607476635514
"Jefferson County, Idaho",32234.0,82952.0,2967.0,15182.0,376.0,3624.0,335000.0,16,51,9.204566606688589,97.58323691991258,2.416763080087415,11.242787119190917
"Jerome County, Idaho",24788.0,69338.0,3421.0,11911.0,447.0,1377.0,254000.0,16,53,13.801032757786025,96.38290985596375,3.6170901440362515,5.5551073099887045
"Kootenai County, Idaho",177736.0,77034.0,16237.0,85768.0,2804.0,23688.0,467400.0,16,55,9.135459332943242,96.83421397281307,3.165786027186921,13.327631993518477
"Latah County, Idaho",40315.0,65179.0,5439.0,21073.0,1293.0,6424.0,342500.0,16,57,13.491256356194963,94.2189036931056,5.781096306894393,15.93451568894952
"Lemhi County, Idaho",8166.0,52057.0,947.0,3608.0,121.0,857.0,282100.0,16,59,11.59686505020818,96.7551622418879,3.2448377581120944,10.494734264021552
"Lewis County, Idaho",3649.0,49643.0,629.0,1383.0,48.0,386.0,202400.0,16,61,17.23759934228556,96.64570230607966,3.3542976939203357,10.578240613866813
"Lincoln County, Idaho",5276.0,66038.0,487.0,2722.0,155.0,244.0,206700.0,16,63,9.230477634571645,94.612443517553,5.3875564824469935,4.624715693707354
"Madison County, Idaho",53578.0,58259.0,11836.0,30113.0,2642.0,5121.0,365000.0,16,65,22.09115681809698,91.93405586933294,8.065944130667074,9.558027548620702
"Minidoka County, Idaho",21922.0,70060.0,3250.0,10339.0,314.0,1326.0,235300.0,16,67,14.825289663351885,97.05247348164836,2.947526518351638,6.048718182647569
"Nez Perce County, Idaho",42477.0,71466.0,5382.0,20541.0,596.0,5372.0,291300.0,16,69,12.670386326717988,97.18029994795856,2.819700052041444,12.646844174494431
"Oneida County, Idaho",4681.0,72563.0,549.0,2294.0,35.0,539.0,228100.0,16,71,11.728263191625722,98.49720910261915,1.5027908973808501,11.51463362529374
"Owyhee County, Idaho",12284.0,59773.0,1620.0,5338.0,114.0,766.0,281600.0,16,73,13.187886681862585,97.9090242112986,2.090975788701394,6.235753826115272
"Payette County, Idaho",26190.0,65723.0,2332.0,11537.0,384.0,2414.0,310700.0,16,75,8.904161893852615,96.77879372535861,3.2212062746413888,9.217258495609011
"Power County, Idaho",8018.0,59760.0,646.0,3928.0,231.0,604.0,191200.0,16,77,8.056872037914692,94.44578023563356,5.554219764366435,7.533050636068846
"Shoshone County, Idaho",13580.0,49975.0,2015.0,5995.0,305.0,728.0,222700.0,16,79,14.8379970544919,95.15873015873015,4.841269841269842,5.360824742268041
"Teton County, Idaho",12101.0,90740.0,1136.0,7091.0,105.0,2900.0,595900.0,16,81,9.38765391289976,98.54085603112841,1.4591439688715953,23.964961573423686
"Twin Falls County, Idaho",92121.0,65338.0,9742.0,44712.0,1424.0,8289.0,292700.0,16,83,10.575221719260536,96.91347320964107,3.086526790358939,8.997948350538964
"Valley County, Idaho",12136.0,76125.0,1702.0,5270.0,154.0,2397.0,599500.0,16,85,14.02439024390244,97.16076696165192,2.8392330383480826,19.75115359261701
"Washington County, Idaho",10866.0,53608.0,1640.0,4127.0,193.0,962.0,250300.0,16,87,15.092950487759985,95.5324074074074,4.467592592592593,8.853303883673846
"Adams County, Illinois",65166.0,64962.0,7788.0,34047.0,1212.0,8163.0,155900.0,17,1,11.95101740171255,96.56257976686803,3.4374202331319665,12.52647085903692
"Alexander County, Illinois",5042.0,43523.0,1034.0,1937.0,183.0,259.0,58700.0,17,3,20.50773502578342,91.3679245283019,8.632075471698112,5.136850456168187
"Bond County, Illinois",16627.0,61603.0,1846.0,7596.0,330.0,1400.0,133100.0,17,5,11.102423768569194,95.83648750946253,4.163512490537472,8.420039694472846
"Boone County, Illinois",53316.0,81638.0,5538.0,27802.0,2170.0,5104.0,198600.0,17,7,10.387125815890165,92.75990924863206,7.240090751367943,9.573111261159877
"Brown County, Illinois",6320.0,72288.0,399.0,2288.0,50.0,552.0,142200.0,17,9,6.313291139240507,97.86142001710864,2.1385799828913603,8.734177215189872
"Bureau County, Illinois",33027.0,65894.0,4094.0,16831.0,836.0,3375.0,121900.0,17,11,12.395918490931662,95.26801381106017,4.731986188939832,10.218911799436825
"Calhoun County, Illinois",4406.0,92095.0,251.0,1928.0,72.0,415.0,174000.0,17,13,5.696777122106219,96.39999999999999,3.5999999999999996,9.418974126191557
"Carroll County, Illinois",15621.0,60871.0,1950.0,6984.0,300.0,1536.0,113500.0,17,15,12.483195698098713,95.88138385502472,4.118616144975288,9.832917226810062
"Cass County, Illinois",12826.0,64907.0,1387.0,5963.0,295.0,1306.0,95500.0,17,17,10.813971620146576,95.2860338766379,4.713966123362097,10.182441914860439
"Champaign County, Illinois",206098.0,63091.0,34513.0,104531.0,4703.0,25336.0,205100.0,17,19,16.745916990946057,95.69456396360107,4.305436036398923,12.293180913934147
"Christian County, Illinois",33684.0,59253.0,3562.0,15545.0,731.0,2799.0,112100.0,17,21,10.574753592209952,95.50872450233473,4.491275497665273,8.309583184894906
"Clark County, Illinois",15328.0,70625.0,1425.0,7280.0,290.0,1546.0,123100.0,17,23,9.296711899791232,96.16908850726553,3.830911492734478,10.086116910229645
"Clay County, Illinois",13173.0,57266.0,2160.0,5975.0,352.0,924.0,94300.0,17,25,16.397176041903894,94.43654180496286,5.563458195037143,7.014347529036666
"Clinton County, Illinois",36899.0,82314.0,2613.0,18693.0,614.0,4486.0,180500.0,17,27,7.081492723380037,96.81980628787487,3.180193712125136,12.15751104365972
"Coles County, Illinois",46689.0,56040.0,7950.0,24388.0,1655.0,5034.0,121900.0,17,29,17.02756537942556,93.64512536958107,6.354874630418922,10.781982908179657
"Cook County, Illinois",5185812.0,81797.0,680528.0,2781922.0,191304.0,884983.0,305200.0,17,31,13.122882202440042,93.56577670180471,6.434223298195294,17.065466314629223
"Crawford County, Illinois",18588.0,67614.0,1963.0,8423.0,337.0,1939.0,113700.0,17,33,10.560576716160964,96.15296803652969,3.8470319634703194,10.431461157736175
"Cumberland County, Illinois",10378.0,69826.0,1013.0,5525.0,131.0,922.0,117700.0,17,35,9.76103295432646,97.68387553041018,2.3161244695898158,8.8841780689921
"DeKalb County, Illinois",100512.0,69022.0,15291.0,55987.0,3977.0,12069.0,231900.0,17,37,15.213108882521489,93.36768727903409,6.632312720965913,12.007521489971348
"De Witt County, Illinois",15461.0,64802.0,1535.0,7796.0,377.0,1607.0,124200.0,17,39,9.928206454951168,95.38725070353603,4.612749296463966,10.393894314727378
"Douglas County, Illinois",19686.0,74186.0,1718.0,9995.0,311.0,1847.0,142600.0,17,41,8.72701412171086,96.98234038424219,3.017659615757811,9.382302143655389
"DuPage County, Illinois",927263.0,110502.0,58877.0,509456.0,24539.0,195975.0,374100.0,17,43,6.3495470001499035,95.4046386202118,4.5953613797882005,21.134780531521262
"Edgar County, Illinois",16637.0,56909.0,1927.0,7796.0,346.0,1850.0,95700.0,17,45,11.582617058363889,95.75042986981086,4.249570130189142,11.119793231952876
"Edwards County, Illinois",6118.0,59386.0,1030.0,2889.0,175.0,385.0,97500.0,17,47,16.835567178816607,94.28851174934726,5.711488250652741,6.292906178489703
"Effingham County, Illinois",34505.0,75380.0,3622.0,17499.0,388.0,4232.0,179800.0,17,49,10.497029416026663,97.83082685749427,2.1691731425057306,12.264889146500508
"Fayette County, Illinois",21380.0,57113.0,3324.0,9323.0,314.0,1758.0,114700.0,17,51,15.547240411599624,96.74172460309225,3.2582753969077514,8.22263797942002
"Ford County, Illinois",13396.0,60782.0,1628.0,6526.0,354.0,1158.0,118100.0,17,53,12.15288145715139,94.85465116279069,5.145348837209302,8.644371454165423
"Franklin County, Illinois",37541.0,53471.0,6227.0,17028.0,1102.0,3117.0,87700.0,17,55,16.58719799685677,93.92167677881964,6.078323221180364,8.302922138461948
"Fulton County, Illinois",33259.0,58617.0,3942.0,15343.0,1019.0,2928.0,102500.0,17,57,11.852430920953728,93.7721549932771,6.2278450067228945,8.803632099582067
"Gallatin County, Illinois",4857.0,54626.0,750.0,2309.0,169.0,345.0,84700.0,17,59,15.441630636195184,93.17998385794995,6.820016142050041,7.103150092649783
"Greene County, Illinois",11837.0,60976.0,1642.0,5617.0,234.0,945.0,94400.0,17,61,13.871758046802398,96.00068364382157,3.999316356178431,7.983441750443525
"Grundy County, Illinois",52920.0,93060.0,3307.0,28269.0,1272.0,5742.0,259200.0,17,63,6.249055177626606,95.69412003655935,4.305879963440642,10.850340136054422
"Hamilton County, Illinois",7972.0,61520.0,989.0,3625.0,195.0,645.0,108800.0,17,65,12.405920722528851,94.89528795811518,5.104712041884817,8.090817862518817
"Hancock County, Illinois",17434.0,65044.0,2182.0,8470.0,376.0,2155.0,108400.0,17,67,12.515773775381438,95.74949129550079,4.250508704499208,12.360903980727315
"Hardin County, Illinois",3623.0,57155.0,373.0,1266.0,42.0,207.0,91700.0,17,69,10.295335357438587,96.78899082568807,3.211009174311927,5.713497101849296
"Henderson County, Illinois",6284.0,65651.0,714.0,2997.0,258.0,678.0,101600.0,17,71,11.362189688096754,92.07373271889401,7.92626728110599,10.789306174411204
"Henry County, Illinois",48948.0,69912.0,3877.0,24604.0,980.0,5790.0,145300.0,17,73,7.920650486230285,96.16948092557848,3.8305190744215136,11.828879627359647
"Iroquois County, Illinois",26746.0,62439.0,3495.0,12812.0,614.0,2241.0,125400.0,17,75,13.067374560681971,95.42678385222703,4.573216147772978,8.378823001570328
"Jackson County, Illinois",52706.0,45572.0,10753.0,24836.0,1791.0,5798.0,125000.0,17,77,20.401851781580845,93.27374469523416,6.726255304765839,11.000645087845786
"Jasper County, Illinois",9233.0,71094.0,795.0,4862.0,180.0,910.0,122900.0,17,79,8.610419148705729,96.42998809996033,3.5700119000396673,9.855951478392722
"Jefferson County, Illinois",36808.0,61102.0,4975.0,17232.0,1129.0,2996.0,118400.0,17,81,13.516083460117365,93.85109743478024,6.148902565219759,8.13953488372093
"Jersey County, Illinois",21336.0,79104.0,2028.0,10467.0,461.0,2023.0,168800.0,17,83,9.50506186726659,95.78147877013177,4.218521229868228,9.481627296587925
"Jo Daviess County, Illinois",21918.0,74954.0,1746.0,11320.0,334.0,3167.0,193900.0,17,85,7.966055297016152,97.1340312339111,2.8659687660888964,14.44931106852815
"Johnson County, Illinois",13350.0,65203.0,1903.0,4694.0,115.0,1187.0,148200.0,17,87,14.254681647940076,97.60865044707839,2.3913495529216053,8.891385767790263
"Kane County, Illinois",516097.0,100678.0,42101.0,282224.0,14051.0,82943.0,303000.0,17,89,8.157575029500268,95.25744662897647,4.742553371023543,16.071203669077715
"Kankakee County, Illinois",106833.0,68325.0,12883.0,52636.0,2667.0,8936.0,185700.0,17,91,12.059007984424289,95.17747680957633,4.822523190423666,8.364456675371843
"Kendall County, Illinois",135053.0,110474.0,6533.0,74544.0,2717.0,20327.0,298900.0,17,93,4.837360147497649,96.48334864938326,3.516651350616741,15.051128075644376
"Knox County, Illinois",49294.0,53291.0,7220.0,21723.0,983.0,4527.0,104900.0,17,95,14.646812999553699,95.67074781995947,4.329252180040518,9.183673469387756
"Lake County, Illinois",711885.0,108917.0,55934.0,376434.0,19095.0,129372.0,326600.0,17,97,7.857167941451218,95.17228825193601,4.827711748063985,18.17315999072884
"LaSalle County, Illinois",109049.0,72281.0,14227.0,55327.0,3145.0,9877.0,154900.0,17,99,13.046428669680601,94.62135723081133,5.378642769188671,9.057396216379793
"Lawrence County, Illinois",15137.0,53438.0,1974.0,6491.0,514.0,972.0,95500.0,17,101,13.040893175662285,92.66238401142041,7.337615988579587,6.421351654885381
"Lee County, Illinois",34058.0,68459.0,3676.0,15829.0,576.0,3089.0,155100.0,17,103,10.79335251629573,96.48887534288326,3.5111246571167327,9.069822068236538
"Livingston County, Illinois",35659.0,70796.0,3380.0,17227.0,623.0,3168.0,131500.0,17,105,9.47867298578199,96.50980392156863,3.4901960784313726,8.884152668330577
"Logan County, Illinois",27870.0,64188.0,3346.0,12933.0,571.0,2638.0,125900.0,17,107,12.005740940078939,95.77162322274881,4.228376777251184,9.465374955148906
"McDonough County, Illinois",27102.0,50434.0,4885.0,14200.0,1222.0,2789.0,103500.0,17,109,18.024500036897646,92.0762547010764,7.923745298923615,10.290753449929895
"McHenry County, Illinois",311366.0,102836.0,18764.0,174038.0,8137.0,49937.0,286900.0,17,111,6.026348413121536,95.53341567174421,4.466584328255798,16.03803883532563
"McLean County, Illinois",170882.0,78329.0,21011.0,88961.0,2691.0,33000.0,198300.0,17,113,12.295619199213492,97.06389385938114,2.9361061406188624,19.31157172785899
"Macon County, Illinois",102591.0,62449.0,14562.0,47245.0,3361.0,11341.0,121800.0,17,115,14.194227563821388,93.35849504011382,6.64150495988618,11.0545759374604
"Macoupin County, Illinois",44566.0,68518.0,6259.0,20809.0,914.0,4208.0,126100.0,17,117,14.044338733563702,95.79247801868986,4.207521981310132,9.442175649598349
"Madison County, Illinois",264631.0,74800.0,29306.0,135115.0,6411.0,36142.0,167900.0,17,119,11.07428834868175,95.47009030142871,4.529909698571287,13.657508001708038
"Marion County, Illinois",37294.0,60839.0,5841.0,17698.0,1140.0,3056.0,100100.0,17,121,15.662036788759586,93.948402165835,6.051597834164986,8.194347616238536
"Marshall County, Illinois",11715.0,69818.0,1334.0,5343.0,251.0,1108.0,137800.0,17,123,11.38711054204012,95.51304969610297,4.486950303897032,9.45795988049509
"Mason County, Illinois",12878.0,62127.0,1778.0,6017.0,365.0,1155.0,106100.0,17,125,13.806491691256406,94.28078972109056,5.719210278909433,8.968783972666564
"Massac County, Illinois",13958.0,62584.0,2032.0,6205.0,210.0,1147.0,118000.0,17,127,14.55795959306491,96.72642244738893,3.2735775526110675,8.217509671872762
"Menard County, Illinois",12169.0,81334.0,1174.0,5945.0,229.0,1375.0,179300.0,17,129,9.647464869751007,96.29089731130549,3.709102688694525,11.29920289259594
"Mercer County, Illinois",15619.0,71710.0,1217.0,7631.0,233.0,1408.0,139300.0,17,131,7.791792048146489,97.03713123092574,2.9628687690742623,9.014661630065945
"Monroe County, Illinois",34969.0,101635.0,1583.0,19205.0,404.0,6033.0,265600.0,17,133,4.526866653321513,97.93972155642817,2.0602784435718293,17.252423575166574
"Montgomery County, Illinois",28078.0,61863.0,3546.0,12068.0,705.0,2402.0,102200.0,17,135,12.629104637082413,94.48054489939717,5.519455100602834,8.554740366122942
"Morgan County, Illinois",32621.0,65175.0,3808.0,15251.0,851.0,3720.0,128700.0,17,137,11.673461880383803,94.7149422431996,5.285057756800398,11.403697004996781
"Moultrie County, Illinois",14469.0,71676.0,1393.0,6786.0,176.0,1266.0,121500.0,17,139,9.627479438800194,97.4719908072393,2.528009192760701,8.749740825212523
"Ogle County, Illinois",51536.0,79244.0,4541.0,26073.0,1396.0,5553.0,184100.0,17,141,8.811316361378454,94.91790745931777,5.082092540682224,10.774992238435269
"Peoria County, Illinois",179831.0,64938.0,26991.0,87642.0,5718.0,25149.0,152600.0,17,143,15.00909186958867,93.87532133676093,6.124678663239075,13.984796837030322
"Perry County, Illinois",20810.0,59286.0,3098.0,8527.0,431.0,1235.0,105200.0,17,145,14.887073522345027,95.18865818263005,4.811341817369948,5.934646804420952
"Piatt County, Illinois",16702.0,87516.0,987.0,8700.0,290.0,2454.0,173200.0,17,147,5.909471919530595,96.7741935483871,3.225806451612903,14.692851155550231
"Pike County, Illinois",14625.0,58029.0,2163.0,6778.0,312.0,1439.0,100100.0,17,149,14.78974358974359,95.59943582510579,4.4005641748942175,9.83931623931624
"Pope County, Illinois",3757.0,62500.0,516.0,1401.0,42.0,315.0,165300.0,17,151,13.734362523289859,97.0893970893971,2.9106029106029108,8.384349214799041
"Pulaski County, Illinois",5074.0,43227.0,1286.0,1862.0,45.0,254.0,81000.0,17,153,25.344895545920377,97.64027267960147,2.3597273203985316,5.005912495072921
"Putnam County, Illinois",5600.0,77526.0,555.0,2825.0,97.0,665.0,167800.0,17,155,9.910714285714285,96.68035592060232,3.3196440793976727,11.875
"Randolph County, Illinois",30142.0,68870.0,3343.0,13390.0,680.0,2057.0,134100.0,17,157,11.09083670625705,95.16702203269367,4.832977967306325,6.824364673876983
"Richland County, Illinois",15675.0,60404.0,1823.0,7780.0,329.0,1364.0,106600.0,17,159,11.629984051036683,95.94277962757431,4.057220372425699,8.701754385964913
"Rock Island County, Illinois",142995.0,66768.0,21244.0,70242.0,4019.0,14788.0,144700.0,17,161,14.856463512710235,94.58800716392184,5.411992836078157,10.341620336375398
"St. Clair County, Illinois",254777.0,70178.0,33836.0,124334.0,7061.0,30694.0,168800.0,17,163,13.280633652174254,94.62612732600175,5.37387267399825,12.047398313034536
"Saline County, Illinois",23387.0,54945.0,3907.0,10510.0,619.0,2463.0,92900.0,17,165,16.705862231154057,94.43795489262288,5.562045107377123,10.531491854449053
"Sangamon County, Illinois",195217.0,74114.0,24702.0,96656.0,5298.0,28645.0,170300.0,17,167,12.653611109688192,94.80353885085431,5.196461149145693,14.673414712858
"Schuyler County, Illinois",6826.0,66059.0,1293.0,3023.0,187.0,668.0,106200.0,17,169,18.942279519484327,94.17445482866043,5.825545171339564,9.786111924992676
"Scott County, Illinois",4847.0,73013.0,507.0,2318.0,61.0,607.0,101700.0,17,171,10.460078399009696,97.43589743589743,2.564102564102564,12.523210233133897
"Shelby County, Illinois",20867.0,68457.0,2053.0,10377.0,315.0,1984.0,130400.0,17,173,9.838500982412421,97.05387205387206,2.9461279461279464,9.507835338093642
"Stark County, Illinois",5324.0,62284.0,624.0,2486.0,77.0,563.0,103500.0,17,175,11.720510894064613,96.99570815450643,3.004291845493562,10.574755822689708
"Stephenson County, Illinois",44042.0,61943.0,5683.0,21333.0,1007.0,4425.0,127500.0,17,177,12.90359202579356,95.49239033124441,4.507609668755595,10.047227646337586
"Tazewell County, Illinois",130555.0,76704.0,11135.0,65180.0,2523.0,17957.0,164500.0,17,179,8.528972463712611,96.27342953783436,3.7265704621656357,13.7543564015166
"Union County, Illinois",16972.0,56420.0,3204.0,7087.0,368.0,1721.0,131700.0,17,181,18.878152250765968,95.06371562709592,4.936284372904091,10.140230968654254
"Vermilion County, Illinois",73179.0,54537.0,12065.0,32126.0,2040.0,4839.0,92900.0,17,183,16.486970305688793,94.02915178832758,5.970848211672423,6.612552781535687
"Wabash County, Illinois",11199.0,53650.0,1541.0,5148.0,229.0,963.0,103900.0,17,185,13.760157156889008,95.74111958341082,4.258880416589176,8.598982051968926
"Warren County, Illinois",16576.0,64650.0,1996.0,8250.0,427.0,1541.0,101300.0,17,187,12.041505791505791,95.07894433559986,4.921055664400138,9.29657335907336
"Washington County, Illinois",13682.0,75652.0,1050.0,7151.0,296.0,1611.0,149800.0,17,189,7.674316620377137,96.0252450651269,3.974754934873103,11.774594357550065
"Wayne County, Illinois",15994.0,53107.0,2202.0,7259.0,243.0,1245.0,109400.0,17,191,13.76766287357759,96.76086376966143,3.239136230338576,7.784169063398775
"White County, Illinois",13708.0,53097.0,2175.0,5951.0,238.0,958.0,100100.0,17,193,15.866647213306099,96.15446760381322,3.845532396186783,6.988619784067699
"Whiteside County, Illinois",55192.0,64536.0,6509.0,27660.0,1270.0,4836.0,125800.0,17,195,11.793375851572693,95.61009332872452,4.389906671275493,8.762139440498624
"Will County, Illinois",698450.0,107799.0,47993.0,378209.0,18332.0,106194.0,298000.0,17,197,6.871358007015535,95.37702280470367,4.6229771952963254,15.204237955472832
"Williamson County, Illinois",66902.0,65521.0,9213.0,31417.0,1361.0,7926.0,145600.0,17,199,13.770888762667783,95.84782476051011,4.152175239489901,11.847179456518491
"Winnebago County, Illinois",283289.0,64363.0,44717.0,138684.0,10044.0,30185.0,155100.0,17,201,15.784940467155447,93.24673228981766,6.753267710182347,10.655196636650205
"Woodford County, Illinois",38348.0,85629.0,2834.0,19093.0,576.0,6131.0,193800.0,17,203,7.390215917388129,97.07153388581015,2.928466114189842,15.987795973714405
"Adams County, Indiana",35995.0,63128.0,4411.0,15849.0,421.0,2357.0,173100.0,18,1,12.254479788859564,97.41241548862938,2.587584511370621,6.548131684956244
"Allen County, Indiana",388791.0,68839.0,46610.0,199586.0,9231.0,52988.0,194300.0,18,3,11.98844623460934,95.57938290464857,4.420617095351432,13.628916307219047
"Bartholomew County, Indiana",82881.0,80365.0,9813.0,42894.0,1578.0,11362.0,221100.0,18,5,11.839866796973975,96.45169994603347,3.548300053966541,13.708811428433537
"Benton County, Indiana",8708.0,61811.0,1038.0,4164.0,148.0,911.0,135400.0,18,7,11.920073495636196,96.56771799628943,3.4322820037105752,10.461644464859898
"Blackford County, Indiana",12007.0,47560.0,2069.0,5255.0,290.0,749.0,96700.0,18,9,17.231614891313402,94.77006311992785,5.229936880072137,6.238027817106688
"Boone County, Indiana",72827.0,104865.0,3689.0,39244.0,1189.0,14739.0,341800.0,18,11,5.065429030442006,97.0593327232706,2.940667276729404,20.23837313084433
"Brown County, Indiana",15543.0,72644.0,1321.0,7662.0,242.0,1829.0,242500.0,18,13,8.49900276651869,96.93825910931174,3.061740890688259,11.76735507945699
"Carroll County, Indiana",20443.0,64003.0,1698.0,10268.0,293.0,1458.0,167700.0,18,15,8.306021621092794,97.22564151122053,2.774358488779472,7.132025632245756
"Cass County, Indiana",37703.0,56525.0,4674.0,18930.0,640.0,2653.0,118700.0,18,17,12.396891494045567,96.72968829841594,3.2703117015840575,7.036575338832455
"Clark County, Indiana",122800.0,72298.0,11232.0,65380.0,2458.0,14990.0,212400.0,18,19,9.146579804560261,96.3766620478198,3.6233379521801936,12.206840390879478
"Clay County, Indiana",26431.0,67676.0,2744.0,12321.0,482.0,2168.0,128900.0,18,21,10.38174870417313,96.23525736155588,3.7647426384441145,8.202489500964775
"Clinton County, Indiana",32967.0,63690.0,2744.0,16299.0,513.0,2375.0,157300.0,18,23,8.323474990141657,96.94860813704497,3.051391862955032,7.204173870840537
"Crawford County, Indiana",10494.0,48993.0,2483.0,4430.0,113.0,533.0,115400.0,18,25,23.661139698875548,97.51265683469073,2.4873431653092672,5.0790928149418715
"Daviess County, Indiana",33442.0,68561.0,3419.0,15256.0,257.0,2246.0,187500.0,18,27,10.223670833084146,98.343324953265,1.6566750467349967,6.716105496082771
"Dearborn County, Indiana",50828.0,82693.0,4075.0,26129.0,599.0,6181.0,227100.0,18,29,8.01723459510506,97.75890451960491,2.2410954803950913,12.160620130636657
"Decatur County, Indiana",26411.0,74228.0,2416.0,13773.0,362.0,2638.0,189900.0,18,31,9.147703608345008,97.43898125221082,2.5610187477891757,9.988262466396577
"DeKalb County, Indiana",43584.0,70080.0,4354.0,22560.0,929.0,4172.0,177900.0,18,33,9.989904552129222,96.04495721401507,3.955042785984929,9.572320117474302
"Delaware County, Indiana",112109.0,56932.0,20789.0,56114.0,3465.0,10543.0,127600.0,18,35,18.5435602850797,94.18419241679115,5.815807583208849,9.404240515926464
"Dubois County, Indiana",43563.0,71918.0,4055.0,23011.0,480.0,5247.0,212500.0,18,37,9.308358010238047,97.95666425439529,2.0433357456046997,12.044625025824669
"Elkhart County, Indiana",206868.0,65617.0,25517.0,101598.0,3492.0,16723.0,194400.0,18,39,12.334918885472861,96.67713388524122,3.3228661147587784,8.083898911383104
"Fayette County, Indiana",23390.0,56659.0,3830.0,10796.0,445.0,2021.0,114800.0,18,41,16.374519025224455,96.04127746641757,3.958722533582421,8.640444634459172
"Floyd County, Indiana",80512.0,78179.0,7877.0,41473.0,1593.0,10770.0,235100.0,18,43,9.783634737678854,96.30102633167697,3.698973668323039,13.376887917329094
"Fountain County, Indiana",16546.0,62526.0,2032.0,8189.0,368.0,988.0,133200.0,18,45,12.280913816028043,95.69942736940517,4.300572630594834,5.971231717635683
"Franklin County, Indiana",22929.0,79702.0,1942.0,11607.0,371.0,2055.0,236700.0,18,47,8.469623620742292,96.90265486725663,3.0973451327433628,8.962449300013084
"Fulton County, Indiana",20411.0,62878.0,2541.0,9469.0,697.0,1483.0,144700.0,18,49,12.449169565430406,93.1438127090301,6.856187290969899,7.265690069080398
"Gibson County, Indiana",32986.0,67763.0,3300.0,16237.0,475.0,3038.0,170500.0,18,51,10.004244224822651,97.15773097175682,2.842269028243179,9.209967865154914
"Grant County, Indiana",66377.0,54007.0,11499.0,31982.0,2143.0,5323.0,116000.0,18,53,17.32377178842069,93.72014652014651,6.27985347985348,8.019344049896802
"Greene County, Indiana",30954.0,59753.0,4057.0,14810.0,953.0,2199.0,129900.0,18,55,13.106545196097436,93.95419653619234,6.045803463807651,7.104089939910835
"Hamilton County, Indiana",357176.0,117957.0,15422.0,196366.0,5507.0,91986.0,379100.0,18,57,4.317759311935852,97.27204727724856,2.7279527227514326,25.753690057562658
"Hancock County, Indiana",82013.0,91326.0,3642.0,44134.0,1178.0,13102.0,258100.0,18,59,4.440759391803739,97.40024717514125,2.599752824858757,15.975516076719545
"Harrison County, Indiana",39785.0,72468.0,2956.0,19391.0,728.0,4182.0,219200.0,18,61,7.42993590549202,96.38152989711219,3.6184701028878177,10.511499308784717
"Hendricks County, Indiana",179379.0,99988.0,8738.0,96984.0,2402.0,30754.0,281500.0,18,63,4.871250257833972,97.5831606061216,2.4168393938784134,17.14470478707095
"Henry County, Indiana",48896.0,60144.0,5957.0,21924.0,896.0,3765.0,140200.0,18,65,12.183000654450261,96.07361963190183,3.92638036809816,7.7000163612565435
"Howard County, Indiana",83610.0,62496.0,10292.0,39481.0,2259.0,7730.0,151500.0,18,67,12.309532352589404,94.58792525155727,5.41207474844274,9.245305585456286
"Huntington County, Indiana",36757.0,62734.0,3564.0,18781.0,592.0,3839.0,146400.0,18,69,9.696112305139156,96.9442006916843,3.055799308315697,10.444269118807302
"Jackson County, Indiana",46319.0,70208.0,5067.0,23094.0,715.0,4329.0,174500.0,18,71,10.939355340141194,96.99693393254651,3.0030660674534837,9.346056693797362
"Jasper County, Indiana",33198.0,79634.0,2259.0,16425.0,639.0,2795.0,204400.0,18,73,6.804626784746069,96.25527426160338,3.7447257383966246,8.41918187842641
"Jay County, Indiana",20281.0,54114.0,2639.0,9230.0,351.0,1018.0,110100.0,18,75,13.012178886642669,96.33649932157394,3.6635006784260513,5.019476357181599
"Jefferson County, Indiana",33074.0,59987.0,3489.0,15578.0,636.0,2617.0,180600.0,18,77,10.549071778436234,96.07746392006908,3.9225360799309237,7.912559714579428
"Jennings County, Indiana",27584.0,68476.0,3339.0,13584.0,588.0,1683.0,154600.0,18,79,12.104843387470998,95.85097375105842,4.149026248941575,6.101363109048724
"Johnson County, Indiana",163983.0,87227.0,11600.0,85126.0,2551.0,23120.0,260400.0,18,81,7.073904002244136,97.09045701837427,2.90954298162574,14.099022459645209
"Knox County, Indiana",36108.0,58863.0,4593.0,18311.0,459.0,2749.0,123500.0,18,83,12.720172814888667,97.5546084176878,2.4453915823122006,7.613271297219453
"Kosciusko County, Indiana",80357.0,73922.0,7615.0,41351.0,1201.0,8657.0,200300.0,18,85,9.476461291486741,97.17757097198721,2.822429028012784,10.773174707866147
"LaGrange County, Indiana",40596.0,83741.0,2310.0,18928.0,646.0,1660.0,249500.0,18,87,5.6902157848063855,96.69970368856646,3.3002963114335344,4.089072815055671
"Lake County, Indiana",498990.0,68985.0,72010.0,242498.0,15386.0,56932.0,214700.0,18,89,14.431150924868232,94.03375160925067,5.966248390749329,11.409447083107878
"LaPorte County, Indiana",112141.0,70452.0,14691.0,51922.0,2301.0,11407.0,180700.0,18,91,13.100471727557272,95.75641333013665,4.243586669863342,10.172015587519285
"Lawrence County, Indiana",45077.0,65551.0,4984.0,22470.0,769.0,3846.0,164500.0,18,93,11.056636422122148,96.6909075261414,3.3090924738586,8.532067351420903
"Madison County, Indiana",130949.0,62632.0,16142.0,63789.0,3647.0,12120.0,147700.0,18,95,12.326936440904475,94.59190936591732,5.4080906340826855,9.255511687756302
"Marion County, Indiana",971822.0,63450.0,144204.0,514788.0,26290.0,137893.0,207000.0,18,97,14.838519811241152,95.1411811236088,4.858818876391204,14.189121053032345
"Marshall County, Indiana",46225.0,68041.0,4979.0,22552.0,640.0,4098.0,184500.0,18,99,10.77122769064359,97.24042773370127,2.759572266298724,8.865332612222824
"Martin County, Indiana",9854.0,65345.0,1594.0,4893.0,104.0,567.0,150400.0,18,101,16.176172112847574,97.91875125075045,2.0812487492495495,5.754008524457073
"Miami County, Indiana",35772.0,61130.0,5083.0,16202.0,1049.0,2928.0,118000.0,18,103,14.209437548920945,93.91919309025563,6.080806909744362,8.185172760818517
"Monroe County, Indiana",139822.0,63372.0,25256.0,74246.0,4101.0,19639.0,261700.0,18,105,18.062965770765686,94.76559408784,5.234405912160006,14.045715266553188
"Montgomery County, Indiana",38155.0,66571.0,4388.0,19301.0,735.0,3259.0,166300.0,18,107,11.50045865548421,96.3316031143941,3.6683968856059095,8.541475560214913
"Morgan County, Indiana",72202.0,79088.0,6064.0,36442.0,1368.0,7030.0,220100.0,18,109,8.39865931691643,96.3819095477387,3.618090452261306,9.736572394116507
"Newton County, Indiana",13859.0,68596.0,1843.0,6851.0,595.0,1007.0,159300.0,18,111,13.298217764629483,92.00913242009132,7.9908675799086755,7.266036510570749
"Noble County, Indiana",47417.0,70908.0,3950.0,23716.0,742.0,3788.0,183400.0,18,113,8.330345656621043,96.96622781911849,3.033772180881511,7.988696037286205
"Ohio County, Indiana",5993.0,67942.0,529.0,2859.0,35.0,590.0,193500.0,18,115,8.826964792257634,98.790601243953,1.2093987560469939,9.844818955448023
"Orange County, Indiana",19746.0,64758.0,2575.0,9902.0,289.0,1399.0,143900.0,18,117,13.040615820925758,97.16416445883624,2.835835541163772,7.084979236301023
"Owen County, Indiana",21434.0,59586.0,2504.0,10368.0,474.0,1855.0,162400.0,18,119,11.682373798637679,95.62811289429995,4.371887105700056,8.654474199869366
"Parke County, Indiana",16346.0,66776.0,2623.0,6840.0,356.0,904.0,139300.0,18,121,16.04673926342836,95.05280711506391,4.947192884936076,5.530404992046984
"Perry County, Indiana",19218.0,61099.0,2285.0,8823.0,447.0,1627.0,146000.0,18,123,11.889894890207097,95.1779935275081,4.82200647249191,8.46602143823499
"Pike County, Indiana",12187.0,66250.0,1466.0,5751.0,177.0,954.0,128400.0,18,125,12.029211454828916,97.01417004048582,2.98582995951417,7.828013456962337
"Porter County, Indiana",174150.0,85828.0,15723.0,88113.0,3908.0,23044.0,261900.0,18,127,9.028423772609818,95.75314330424577,4.24685669575423,13.232271030720643
"Posey County, Indiana",25163.0,79124.0,2444.0,12442.0,280.0,2921.0,218000.0,18,129,9.712673369630012,97.79908819368023,2.2009118063197612,11.608313794062711
"Pulaski County, Indiana",12441.0,59956.0,1442.0,6047.0,170.0,805.0,134600.0,18,131,11.59070814243228,97.26556216824835,2.7344378317516487,6.470540953299573
"Putnam County, Indiana",37091.0,76182.0,2616.0,17525.0,366.0,3470.0,205800.0,18,133,7.052923889892426,97.9542786876083,2.0457213123917053,9.355369227036208
"Randolph County, Indiana",24425.0,61121.0,3594.0,11573.0,627.0,1475.0,106000.0,18,135,14.714431934493346,94.86065573770492,5.139344262295082,6.038894575230297
"Ripley County, Indiana",29039.0,71084.0,2733.0,15151.0,481.0,2306.0,205300.0,18,137,9.411481111608525,96.92297850562947,3.077021494370522,7.941044801818245
"Rush County, Indiana",16734.0,64393.0,2135.0,8099.0,459.0,1278.0,155900.0,18,139,12.758455838412813,94.63659733582612,5.363402664173873,7.637145930441018
"St. Joseph County, Indiana",272574.0,64885.0,38013.0,136381.0,6870.0,35053.0,179800.0,18,141,13.945937616940721,95.20422196005612,4.795778039943874,12.859993983285273
"Scott County, Indiana",24468.0,54583.0,3467.0,11493.0,387.0,1256.0,145400.0,18,143,14.16952754618277,96.74242424242424,3.257575757575758,5.133235246035638
"Shelby County, Indiana",45104.0,71301.0,5091.0,22992.0,931.0,4241.0,188300.0,18,145,11.287247250798154,96.10834761526564,3.8916523847343556,9.402713728272436
"Spencer County, Indiana",19871.0,70890.0,1294.0,10119.0,345.0,1902.0,180200.0,18,147,6.512002415580493,96.70298165137615,3.297018348623853,9.571737708218006
"Starke County, Indiana",23300.0,62933.0,3426.0,10071.0,340.0,1420.0,148400.0,18,149,14.703862660944205,96.73422341753914,3.265776582460859,6.094420600858369
"Steuben County, Indiana",34648.0,71483.0,2912.0,17872.0,1267.0,3794.0,204300.0,18,151,8.404525513738166,93.3800094048801,6.619990595119912,10.950126991456937
"Sullivan County, Indiana",20766.0,54985.0,2498.0,9301.0,473.0,1581.0,122200.0,18,153,12.0292786285274,95.16063024350318,4.839369756496828,7.613406529904652
"Switzerland County, Indiana",9914.0,65148.0,1083.0,4730.0,193.0,494.0,183200.0,18,155,10.923945935041356,96.07962624416007,3.920373755839935,4.98285253177325
"Tippecanoe County, Indiana",187399.0,58622.0,32500.0,95864.0,2799.0,23513.0,217600.0,18,157,17.342675254403705,97.16307024923223,2.8369297507677653,12.547025330978286
"Tipton County, Indiana",15329.0,78309.0,1741.0,7720.0,230.0,1891.0,166000.0,18,159,11.357557570617784,97.10691823899371,2.8930817610062896,12.336094983364863
"Union County, Indiana",7028.0,79500.0,446.0,3759.0,191.0,737.0,162200.0,18,161,6.346044393853159,95.16455696202532,4.8354430379746836,10.486624928856005
"Vanderburgh County, Indiana",179908.0,60938.0,24967.0,93187.0,4105.0,22013.0,172300.0,18,163,13.877648575938814,95.78074250709206,4.219257492907947,12.23569824577006
"Vermillion County, Indiana",15452.0,59363.0,2012.0,7227.0,432.0,1367.0,109500.0,18,165,13.020968159461557,94.35957696827262,5.64042303172738,8.84675122961429
"Vigo County, Indiana",106201.0,52525.0,19750.0,50733.0,3090.0,10536.0,140400.0,18,167,18.596811706104464,94.25895992419598,5.741040075804024,9.92081053850717
"Wabash County, Indiana",30901.0,68414.0,3136.0,15130.0,540.0,3083.0,143600.0,18,169,10.14853888223682,96.55392469687301,3.446075303126994,9.977023397301059
"Warren County, Indiana",8469.0,74635.0,1061.0,4409.0,204.0,759.0,160000.0,18,171,12.528043452591806,95.57771515282896,4.4222848471710385,8.96209705986539
"Warrick County, Indiana",64650.0,95027.0,4053.0,33307.0,952.0,9823.0,228900.0,18,173,6.269141531322505,97.22116816019148,2.7788318398085177,15.194122196442382
"Washington County, Indiana",28167.0,61358.0,3724.0,13693.0,494.0,1947.0,162400.0,18,175,13.221145311889801,96.51793895820117,3.48206104179883,6.912344232612631
"Wayne County, Indiana",66377.0,56652.0,10795.0,31810.0,1696.0,5559.0,126100.0,18,177,16.26316344516926,94.93822002029488,5.061779979705127,8.374888892236768
"Wells County, Indiana",28261.0,69741.0,1996.0,14725.0,306.0,2576.0,180000.0,18,179,7.06273663352323,97.9642073049032,2.0357926950968,9.115034853685291
"White County, Indiana",24709.0,66143.0,2422.0,11781.0,560.0,2204.0,163000.0,18,181,9.802096402120684,95.4622802041974,4.537719795802609,8.919826783763002
"Whitley County, Indiana",34388.0,75790.0,3627.0,18007.0,803.0,3821.0,205200.0,18,183,10.547283936256834,95.73099415204679,4.269005847953217,11.111434221239968
"Adair County, Iowa",7471.0,66176.0,753.0,3835.0,162.0,784.0,140600.0,19,1,10.078972025163967,95.94696022016512,4.053039779834877,10.493909784500067
"Adams County, Iowa",3641.0,68828.0,339.0,1804.0,53.0,524.0,116900.0,19,3,9.310628948091184,97.14593430263866,2.854065697361335,14.391650645427081
"Allamakee County, Iowa",14038.0,66000.0,1657.0,7056.0,252.0,1345.0,171900.0,19,5,11.803675737284514,96.55172413793103,3.4482758620689653,9.581136914090326
"Appanoose County, Iowa",12242.0,51146.0,2468.0,5406.0,375.0,1338.0,119800.0,19,7,20.160104558078746,93.51323300467047,6.4867669953295275,10.929586668844959
"Audubon County, Iowa",5622.0,54152.0,649.0,2800.0,52.0,653.0,110400.0,19,9,11.543934542867307,98.17671809256662,1.8232819074333801,11.615083600142299
"Benton County, Iowa",25698.0,84742.0,1979.0,13604.0,319.0,3045.0,198400.0,19,11,7.70098840376683,97.70882712059182,2.2911728794081734,11.849171141723092
"Black Hawk County, Iowa",130693.0,64581.0,18505.0,69901.0,3383.0,16070.0,182400.0,19,13,14.159136296511674,95.38371267943889,4.616287320561105,12.295991369086332
"Boone County, Iowa",26669.0,79741.0,1757.0,14303.0,191.0,3759.0,191200.0,19,15,6.588173534815704,98.68221332965365,1.3177866703463503,14.09501668603997
"Bremer County, Iowa",25118.0,83343.0,1767.0,13157.0,471.0,3996.0,207200.0,19,17,7.034795763993948,96.54388024655121,3.4561197534487818,15.908909945059321
"Buchanan County, Iowa",20645.0,78430.0,1439.0,11029.0,300.0,2202.0,171400.0,19,19,6.970210704771131,97.35192867861241,2.6480713213875893,10.66602082828772
"Buena Vista County, Iowa",20684.0,66564.0,1624.0,10809.0,541.0,1975.0,146900.0,19,21,7.851479404370528,95.23348017621144,4.766519823788546,9.548443241152583
"Butler County, Iowa",14301.0,69651.0,1500.0,7261.0,245.0,1580.0,156500.0,19,23,10.488777008600797,96.73594457767119,3.2640554223288034,11.048178449059506
"Calhoun County, Iowa",9858.0,66875.0,791.0,4432.0,125.0,1056.0,114400.0,19,25,8.023939947250962,97.25696730305026,2.7430326969497476,10.712111990261716
"Carroll County, Iowa",20677.0,68528.0,1693.0,10818.0,224.0,2504.0,175700.0,19,27,8.187841563089423,97.97138199601521,2.0286180039847856,12.110073995260434
"Cass County, Iowa",13115.0,61657.0,2243.0,6706.0,76.0,1468.0,133300.0,19,29,17.10255432710637,98.879386611619,1.1206133883810085,11.193290125810142
"Cedar County, Iowa",18427.0,79080.0,1308.0,9649.0,283.0,2094.0,199700.0,19,31,7.098279698268844,97.15062424486509,2.8493757551349175,11.363759700439573
"Cerro Gordo County, Iowa",42785.0,65537.0,3918.0,22546.0,590.0,5018.0,154100.0,19,33,9.157414981886175,97.44986168741356,2.550138312586445,11.728409489307
"Cherokee County, Iowa",11587.0,64478.0,1717.0,6156.0,184.0,1194.0,145100.0,19,35,14.81833088806421,97.09779179810725,2.902208201892744,10.30465176490895
"Chickasaw County, Iowa",11868.0,73421.0,827.0,6325.0,116.0,1158.0,164400.0,19,37,6.968318166498147,98.19903741655023,1.800962583449775,9.757330637007078
"Clarke County, Iowa",9690.0,66821.0,1304.0,4589.0,189.0,687.0,160200.0,19,39,13.45717234262126,96.04437002930096,3.955629970699037,7.089783281733745
"Clay County, Iowa",16446.0,64082.0,1848.0,8577.0,340.0,2119.0,171500.0,19,41,11.236774899671653,96.18705842772232,3.812941572277672,12.884591998054237
"Clayton County, Iowa",17069.0,62326.0,2294.0,8565.0,221.0,1413.0,155700.0,19,43,13.439568808951902,97.48463464602777,2.5153653539722285,8.27816509461597
"Clinton County, Iowa",46383.0,65177.0,5962.0,22646.0,865.0,5035.0,153800.0,19,45,12.853847314748936,96.32087108162138,3.679128918378631,10.855270249876032
"Crawford County, Iowa",16289.0,65039.0,2635.0,8284.0,144.0,1522.0,136300.0,19,47,16.1765608692983,98.29140958709066,1.7085904129093499,9.343728896801522
"Dallas County, Iowa",104136.0,102349.0,6038.0,59108.0,1733.0,23408.0,333400.0,19,49,5.798186986248751,97.15159185417728,2.8484081458227184,22.478297610816625
"Davis County, Iowa",9127.0,79505.0,647.0,4176.0,147.0,714.0,146000.0,19,51,7.088857236770023,96.59958362248439,3.4004163775156147,7.822942916621015
"Decatur County, Iowa",7669.0,57146.0,1067.0,3622.0,117.0,675.0,109500.0,19,53,13.913156865301865,96.87082107515378,3.129178924846215,8.801669057243448
"Delaware County, Iowa",17549.0,76205.0,1368.0,9720.0,205.0,1677.0,168700.0,19,55,7.795315972420081,97.9345088161209,2.065491183879093,9.556100062681635
"Des Moines County, Iowa",38597.0,60662.0,5354.0,19261.0,609.0,4269.0,137000.0,19,57,13.87154442055082,96.93507800704579,3.064921992954202,11.060445112314428
"Dickinson County, Iowa",17844.0,74570.0,1103.0,9534.0,231.0,3201.0,251600.0,19,59,6.1813494732122845,97.63440860215053,2.3655913978494625,17.938802958977806
"Dubuque County, Iowa",98948.0,75919.0,8982.0,53585.0,2022.0,14411.0,226100.0,19,61,9.077495250030319,96.36376715161761,3.636232848382398,14.564215547560336
"Emmet County, Iowa",9316.0,65181.0,904.0,5070.0,99.0,747.0,106200.0,19,63,9.703735508802062,98.08473592571096,1.9152640742890308,8.018462859596394
"Fayette County, Iowa",19393.0,58764.0,2333.0,9516.0,365.0,1724.0,130800.0,19,65,12.030113958644872,96.30604189859326,3.6939581014067397,8.889805599958748
"Floyd County, Iowa",15502.0,64500.0,1742.0,7711.0,273.0,1430.0,133300.0,19,67,11.23725970842472,96.58066132264528,3.4193386773547094,9.224616178557605
"Franklin County, Iowa",9977.0,63648.0,1481.0,4812.0,181.0,922.0,118500.0,19,69,14.84414152550867,96.3749248948528,3.625075105147206,9.241254886238348
"Fremont County, Iowa",6570.0,73750.0,489.0,3104.0,30.0,810.0,147500.0,19,71,7.442922374429224,99.04275686024249,0.9572431397574984,12.32876712328767
"Greene County, Iowa",8722.0,59159.0,897.0,4415.0,143.0,915.0,140500.0,19,73,10.284338454482917,96.86265906099166,3.1373409390083373,10.49071313918826
"Grundy County, Iowa",12352.0,83617.0,786.0,6493.0,142.0,1583.0,180500.0,19,75,6.363341968911918,97.85983421250943,2.14016578749058,12.815738341968913
"Guthrie County, Iowa",10646.0,79981.0,982.0,5585.0,184.0,1262.0,163900.0,19,77,9.224121735863235,96.8105390882302,3.1894609117698045,11.854217546496336
"Hamilton County, Iowa",14893.0,71750.0,1171.0,7450.0,294.0,1685.0,132300.0,19,79,7.862754314107298,96.20351239669421,3.796487603305785,11.314040153092057
"Hancock County, Iowa",10718.0,70212.0,1272.0,5557.0,124.0,1309.0,129300.0,19,81,11.867885799589475,97.81728568913923,2.182714310860764,12.213099458854265
"Hardin County, Iowa",16729.0,64906.0,1381.0,8558.0,316.0,1887.0,113000.0,19,83,8.25512582939805,96.43903538426865,3.5609646157313497,11.279813497519278
"Harrison County, Iowa",14645.0,77027.0,1079.0,7618.0,210.0,1591.0,165300.0,19,85,7.367702287470126,97.31732243229433,2.6826775677056722,10.863776032775691
"Henry County, Iowa",20228.0,64604.0,2248.0,9722.0,213.0,2124.0,148600.0,19,87,11.11330828554479,97.85606441872169,2.143935581278309,10.500296618548546
"Howard County, Iowa",9459.0,67336.0,778.0,4737.0,78.0,946.0,133900.0,19,89,8.224970927159319,98.38006230529595,1.61993769470405,10.001057194206576
"Humboldt County, Iowa",9573.0,66994.0,1294.0,4786.0,148.0,985.0,146900.0,19,91,13.517183745952158,97.0004053506283,2.9995946493717067,10.289355478951217
"Ida County, Iowa",6944.0,62841.0,701.0,3603.0,70.0,764.0,108800.0,19,93,10.09504608294931,98.09420092567383,1.905799074326164,11.002304147465438
"Iowa County, Iowa",16547.0,72185.0,1502.0,8799.0,213.0,2027.0,189800.0,19,95,9.077174110110594,97.6364846870839,2.3635153129161117,12.249954674563366
"Jackson County, Iowa",19429.0,71605.0,1977.0,9825.0,461.0,1907.0,170000.0,19,97,10.175510834319832,95.51818005055415,4.481819949445849,9.81522466416182
"Jasper County, Iowa",37864.0,70128.0,2942.0,19063.0,934.0,3553.0,176800.0,19,99,7.7699133741812805,95.32929939490924,4.670700605090763,9.383583350940206
"Jefferson County, Iowa",15676.0,56824.0,2141.0,8086.0,428.0,2746.0,161200.0,19,101,13.6578208726716,94.9729856706601,5.02701432933991,17.51722378157693
"Johnson County, Iowa",154881.0,74721.0,24608.0,89119.0,3255.0,28199.0,293100.0,19,103,15.888327167309097,96.47628120466798,3.5237187953320195,18.206881412180962
"Jones County, Iowa",20799.0,73071.0,2038.0,10212.0,297.0,2158.0,183400.0,19,105,9.798548007115727,97.17385098487011,2.8261490151298885,10.375498822058752
"Keokuk County, Iowa",9964.0,60856.0,1175.0,4741.0,169.0,796.0,112200.0,19,107,11.79245283018868,96.5580448065173,3.441955193482688,7.988759534323566
"Kossuth County, Iowa",14610.0,65656.0,1383.0,7397.0,157.0,1691.0,135100.0,19,109,9.46611909650924,97.92163092401377,2.0783690759862323,11.574264202600958
"Lee County, Iowa",33175.0,59803.0,4151.0,15466.0,615.0,3714.0,123600.0,19,111,12.51243406179352,96.17561096946707,3.8243890305329273,11.19517709118312
"Linn County, Iowa",229463.0,76421.0,22106.0,124976.0,4605.0,36831.0,204400.0,19,113,9.633797169914104,96.44623826023877,3.5537617397612307,16.05095374853462
"Louisa County, Iowa",10710.0,80223.0,1042.0,5533.0,213.0,1040.0,137600.0,19,115,9.729225023342671,96.2930734423947,3.7069265576052906,9.710550887021476
"Lucas County, Iowa",8685.0,67921.0,1415.0,4243.0,160.0,605.0,117000.0,19,117,16.29245826137018,96.36611401317283,3.633885986827164,6.966033390903857
"Lyon County, Iowa",12087.0,72881.0,634.0,6159.0,145.0,1303.0,215600.0,19,119,5.245304873004054,97.6998730964467,2.3001269035532994,10.780177049722843
"Madison County, Iowa",16760.0,89542.0,1127.0,9123.0,244.0,2201.0,236900.0,19,121,6.7243436754176615,97.39511049428846,2.6048895057115407,13.132458233890215
"Mahaska County, Iowa",22045.0,69019.0,2527.0,11625.0,383.0,2490.0,140900.0,19,123,11.462916761170334,96.81045969353764,3.1895403064623586,11.295078249036063
"Marion County, Iowa",33551.0,78059.0,2248.0,17219.0,323.0,5138.0,211100.0,19,125,6.700247384578701,98.1587048227112,1.8412951772887927,15.313999582724808
"Marshall County, Iowa",39971.0,72785.0,4275.0,20647.0,834.0,3874.0,134100.0,19,127,10.695254059192914,96.11749918532657,3.882500814673432,9.692026719371544
"Mills County, Iowa",14563.0,87810.0,989.0,7165.0,198.0,2277.0,228700.0,19,129,6.791183135342993,97.3108787179139,2.689121282086106,15.635514660440844
"Mitchell County, Iowa",10548.0,68704.0,713.0,5616.0,53.0,1201.0,164100.0,19,131,6.759575274933637,99.0650908449462,0.9349091550538013,11.386044747819492
"Monona County, Iowa",8619.0,62944.0,943.0,4264.0,89.0,783.0,122600.0,19,133,10.940944425107322,97.95543303468872,2.0445669653112795,9.084580577793247
"Monroe County, Iowa",7546.0,72518.0,676.0,3751.0,110.0,779.0,135900.0,19,135,8.958388550225285,97.15099715099716,2.849002849002849,10.323350119268486
"Montgomery County, Iowa",10254.0,63190.0,1201.0,4947.0,127.0,994.0,109900.0,19,137,11.712502438072947,97.49704375246354,2.5029562475364604,9.693778037838891
"Muscatine County, Iowa",42735.0,69512.0,4858.0,22057.0,815.0,4632.0,172400.0,19,139,11.367731367731368,96.43669115075201,3.563308849247989,10.838890838890839
"OBrien County, Iowa",14103.0,68216.0,1910.0,7095.0,85.0,1689.0,158900.0,19,141,13.54321775508757,98.81615598885793,1.1838440111420612,11.976175281854925
"Osceola County, Iowa",6114.0,69138.0,981.0,3161.0,155.0,470.0,123800.0,19,143,16.04514229636899,95.32569360675512,4.674306393244873,7.687275106313379
"Page County, Iowa",15168.0,57752.0,1887.0,6907.0,394.0,1471.0,120000.0,19,145,12.440664556962025,94.60347897548282,5.39652102451719,9.69804852320675
"Palo Alto County, Iowa",8902.0,68963.0,1002.0,4765.0,130.0,942.0,119300.0,19,147,11.25589755111211,97.34422880490297,2.6557711950970377,10.58189170972815
"Plymouth County, Iowa",25699.0,81600.0,1712.0,13776.0,256.0,3203.0,218600.0,19,149,6.661737810809759,98.17559863169897,1.8244013683010263,12.46351998132223
"Pocahontas County, Iowa",7040.0,63423.0,599.0,3542.0,195.0,732.0,93300.0,19,151,8.508522727272727,94.78191062349478,5.218089376505218,10.397727272727272
"Polk County, Iowa",497441.0,81621.0,49165.0,276461.0,12093.0,88699.0,248400.0,19,153,9.88358418385296,95.80910332208182,4.190896677918171,17.831059361813764
"Pottawattamie County, Iowa",93407.0,71446.0,9885.0,47338.0,1815.0,10234.0,183600.0,19,155,10.582718639930626,96.30744817203426,3.69255182796574,10.956352307642895
"Poweshiek County, Iowa",18582.0,64837.0,1886.0,9504.0,465.0,2017.0,184200.0,19,157,10.14960714670111,95.33554017454108,4.6644598254589225,10.854590463889787
"Ringgold County, Iowa",4664.0,69821.0,403.0,2373.0,52.0,612.0,150300.0,19,159,8.64065180102916,97.85567010309279,2.1443298969072164,13.121783876500858
"Sac County, Iowa",9759.0,70991.0,757.0,5211.0,176.0,1104.0,138400.0,19,161,7.756942309662876,96.73287544087619,3.2671245591238165,11.312634491238857
"Scott County, Iowa",174302.0,76363.0,19837.0,90494.0,3375.0,26844.0,212500.0,19,163,11.380821792062052,96.40456380700763,3.5954361929923615,15.400855985588233
"Shelby County, Iowa",11757.0,67690.0,984.0,6023.0,198.0,1319.0,156200.0,19,165,8.36948201071702,96.81723195627713,3.1827680437228745,11.218848345666412
"Sioux County, Iowa",35984.0,84736.0,2172.0,19468.0,390.0,4580.0,235600.0,19,167,6.036016007114273,98.03605599758284,1.9639440024171617,12.727879057358827
"Story County, Iowa",98592.0,69006.0,16046.0,55369.0,2764.0,16019.0,243600.0,19,169,16.27515417072379,95.24538558133935,4.754614418660657,16.24776858162934
"Tama County, Iowa",16982.0,67955.0,2544.0,8309.0,330.0,1601.0,139900.0,19,171,14.980567659875163,96.18011343905545,3.8198865609445534,9.42762925450477
"Taylor County, Iowa",5901.0,67279.0,600.0,2972.0,100.0,486.0,109700.0,19,173,10.167768174885612,96.74479166666666,3.2552083333333335,8.235892221657346
"Union County, Iowa",12038.0,56813.0,1480.0,5824.0,266.0,1408.0,117800.0,19,175,12.294401063299551,95.63218390804597,4.3678160919540225,11.696295065625518
"Van Buren County, Iowa",7236.0,60183.0,874.0,3363.0,140.0,683.0,118800.0,19,177,12.078496406854617,96.00342563516986,3.996574364830146,9.438916528468768
"Wapello County, Iowa",35265.0,60034.0,5743.0,17175.0,644.0,2829.0,112900.0,19,179,16.285268679994328,96.38588024019306,3.6141197598069477,8.022118247554232
"Warren County, Iowa",53484.0,92990.0,2767.0,28722.0,871.0,8040.0,252800.0,19,181,5.173509834716924,97.05673639036259,2.9432636096374143,15.032533094009423
"Washington County, Iowa",22539.0,71339.0,1876.0,12053.0,306.0,2517.0,199600.0,19,183,8.32335063667421,97.52407152682255,2.4759284731774414,11.16730999600692
"Wayne County, Iowa",6518.0,59118.0,961.0,2933.0,59.0,500.0,102300.0,19,185,14.743786437557532,98.02807486631015,1.9719251336898396,7.671064743786438
"Webster County, Iowa",36848.0,68054.0,3994.0,18298.0,690.0,3809.0,138500.0,19,187,10.83912288319583,96.36612597429955,3.6338740257004427,10.337060356057316
"Winnebago County, Iowa",10648.0,63719.0,988.0,5546.0,154.0,1361.0,132300.0,19,189,9.278737791134485,97.29824561403508,2.7017543859649122,12.781743050338093
"Winneshiek County, Iowa",19972.0,75652.0,1426.0,11271.0,257.0,2852.0,239000.0,19,191,7.13999599439215,97.77064538514921,2.229354614850798,14.2799919887843
"Woodbury County, Iowa",105760.0,70147.0,13739.0,55023.0,2355.0,10508.0,172000.0,19,193,12.99073373676248,95.89563944368922,4.104360556310781,9.9357034795764
"Worth County, Iowa",7380.0,76875.0,532.0,4133.0,132.0,791.0,142300.0,19,195,7.208672086720867,96.905041031653,3.0949589683470107,10.718157181571817
"Wright County, Iowa",12817.0,64033.0,1867.0,5909.0,101.0,1563.0,109800.0,19,197,14.566591246001403,98.31946755407654,1.680532445923461,12.194741359132403
"Allen County, Kansas",12491.0,57618.0,1578.0,6022.0,415.0,1222.0,100400.0,20,1,12.633095828996876,93.55289731241263,6.447102687587386,9.7830437915299
"Anderson County, Kansas",7819.0,64925.0,840.0,3567.0,146.0,446.0,147900.0,20,3,10.743061772605191,96.06786964718556,3.932130352814436,5.704054226883233
"Atchison County, Kansas",16211.0,62164.0,1871.0,8167.0,339.0,1397.0,147900.0,20,5,11.541545863919561,96.01457794498002,3.985422055019986,8.61760532971439
"Barber County, Kansas",4153.0,57615.0,716.0,2154.0,49.0,617.0,92700.0,20,7,17.240549000722368,97.77576032682705,2.224239673172946,14.856730074644837
"Barton County, Kansas",25275.0,56733.0,3640.0,12532.0,411.0,2794.0,117200.0,20,9,14.40158259149357,96.82453836050374,3.1754616394962527,11.054401582591494
"Bourbon County, Kansas",14384.0,67555.0,1649.0,7036.0,269.0,1564.0,107600.0,20,11,11.464126807563959,96.31759069130732,3.682409308692676,10.873192436040044
"Brown County, Kansas",9415.0,58886.0,1303.0,4583.0,246.0,826.0,111100.0,20,13,13.839617631439193,94.9057775937047,5.094222406295299,8.773234200743495
"Butler County, Kansas",67916.0,80375.0,5845.0,32910.0,1023.0,9271.0,199600.0,20,15,8.60621944755286,96.98523561135178,3.0147643886482185,13.650686141704456
"Chase County, Kansas",2579.0,54518.0,258.0,1208.0,9.0,417.0,106200.0,20,17,10.003877471888329,99.26047658175843,0.7395234182415776,16.169057774331137
"Chautauqua County, Kansas",3370.0,54592.0,560.0,1454.0,91.0,326.0,63300.0,20,19,16.61721068249258,94.11003236245955,5.889967637540453,9.67359050445104
"Cherokee County, Kansas",19236.0,58274.0,2476.0,9435.0,336.0,1855.0,99400.0,20,21,12.871698897899773,96.56125268652134,3.4387473134786615,9.643377001455605
"Cheyenne County, Kansas",2628.0,55765.0,451.0,1285.0,23.0,294.0,119300.0,20,23,17.161339421613395,98.24159021406727,1.7584097859327217,11.187214611872145
"Clark County, Kansas",1987.0,65515.0,178.0,969.0,20.0,319.0,78400.0,20,25,8.958228485153498,97.97775530839232,2.0222446916076846,16.054353296426775
"Clay County, Kansas",8071.0,63136.0,1018.0,3688.0,41.0,993.0,149600.0,20,27,12.613059100483213,98.90050951997854,1.0994904800214536,12.303308140255234
"Cloud County, Kansas",8973.0,57333.0,863.0,4347.0,183.0,845.0,96300.0,20,29,9.617742115234593,95.96026490066225,4.039735099337748,9.417140309818343
"Coffey County, Kansas",8304.0,67377.0,782.0,4070.0,244.0,849.0,139500.0,20,31,9.417148362235068,94.3439962911451,5.656003708854891,10.223988439306359
"Comanche County, Kansas",1685.0,49417.0,181.0,862.0,21.0,189.0,59900.0,20,33,10.741839762611276,97.62174405436014,2.378255945639864,11.216617210682493
"Cowley County, Kansas",34487.0,58263.0,4455.0,16023.0,797.0,3518.0,111600.0,20,35,12.917911096935079,95.26159334126041,4.738406658739596,10.2009452837301
"Crawford County, Kansas",38963.0,50311.0,7727.0,20368.0,704.0,4750.0,122400.0,20,37,19.831635141031235,96.65907365223994,3.340926347760061,12.191053050329801
"Decatur County, Kansas",2746.0,52030.0,345.0,1428.0,53.0,475.0,78500.0,20,39,12.563729060451568,96.42133693450371,3.5786630654962863,17.297887836853608
"Dickinson County, Kansas",18423.0,67982.0,1592.0,9216.0,218.0,2001.0,148500.0,20,41,8.641372197796233,97.68920924316302,2.3107907568369725,10.861423220973784
"Doniphan County, Kansas",7492.0,72833.0,662.0,3774.0,57.0,550.0,121200.0,20,43,8.836091831286707,98.5121378230227,1.4878621769772904,7.3411639081687134
"Douglas County, Kansas",119547.0,68756.0,16894.0,69668.0,3261.0,20500.0,281600.0,20,45,14.131680426945051,95.52852774616409,4.471472253835922,17.148067287343054
"Edwards County, Kansas",2817.0,53792.0,453.0,1350.0,63.0,295.0,70500.0,20,47,16.080937167199146,95.54140127388536,4.45859872611465,10.472133475328363
"Elk County, Kansas",2464.0,56087.0,410.0,1013.0,35.0,259.0,60900.0,20,49,16.63961038961039,96.66030534351145,3.3396946564885495,10.511363636363637
"Ellis County, Kansas",28870.0,59889.0,4873.0,17050.0,539.0,4306.0,211100.0,20,51,16.87911326636647,96.93558474046279,3.0644152595372107,14.91513682022861
"Ellsworth County, Kansas",6366.0,66792.0,453.0,2800.0,80.0,719.0,116300.0,20,53,7.115928369462771,97.22222222222221,2.7777777777777777,11.294376374489476
"Finney County, Kansas",38001.0,72437.0,4351.0,19694.0,1066.0,2958.0,191100.0,20,55,11.44969869213968,94.86512524084777,5.134874759152216,7.784005684060946
"Ford County, Kansas",34133.0,70495.0,4769.0,17542.0,816.0,2862.0,132700.0,20,57,13.971816131016904,95.5550713585358,4.4449286414642115,8.384847508276447
"Franklin County, Kansas",25994.0,72142.0,2444.0,13770.0,333.0,2779.0,187400.0,20,59,9.402169731476494,97.63880025526484,2.361199744735163,10.690928675848273
"Geary County, Kansas",35895.0,57344.0,6709.0,13381.0,799.0,3040.0,165000.0,20,61,18.690625435297395,94.36530324400564,5.634696755994359,8.469146120629615
"Gove County, Kansas",2796.0,63203.0,112.0,1397.0,49.0,292.0,119000.0,20,63,4.005722460658083,96.61134163208852,3.38865836791148,10.44349070100143
"Graham County, Kansas",2406.0,52909.0,267.0,1235.0,52.0,327.0,88800.0,20,65,11.097256857855362,95.95959595959596,4.040404040404041,13.591022443890274
"Grant County, Kansas",7284.0,72484.0,390.0,3662.0,90.0,694.0,146200.0,20,67,5.354200988467875,97.60127931769723,2.398720682302772,9.527732015376166
"Gray County, Kansas",5696.0,77885.0,383.0,2902.0,62.0,735.0,174700.0,20,69,6.724016853932584,97.90823211875843,2.0917678812415654,12.903792134831459
"Greeley County, Kansas",1296.0,78819.0,127.0,684.0,1.0,179.0,108900.0,20,71,9.799382716049383,99.85401459854015,0.145985401459854,13.811728395061728
"Greenwood County, Kansas",5956.0,58276.0,873.0,2901.0,80.0,557.0,82600.0,20,73,14.657488247145736,97.31633679973163,2.683663200268366,9.35191403626595
"Hamilton County, Kansas",2485.0,61929.0,92.0,1182.0,10.0,253.0,119700.0,20,75,3.7022132796780682,99.16107382550335,0.8389261744966443,10.181086519114688
"Harper County, Kansas",5446.0,55417.0,812.0,2354.0,83.0,571.0,77300.0,20,77,14.910025706940875,96.5941731637259,3.4058268362741075,10.484759456481822
"Harvey County, Kansas",33823.0,73269.0,2592.0,17387.0,727.0,4788.0,173300.0,20,79,7.663424297075955,95.98652975598985,4.013470244010158,14.156047659876418
"Haskell County, Kansas",3695.0,69138.0,387.0,1763.0,86.0,333.0,154800.0,20,81,10.47361299052774,95.34883720930233,4.651162790697675,9.012178619756428
"Hodgeman County, Kansas",1676.0,63125.0,99.0,858.0,24.0,274.0,92700.0,20,83,5.906921241050119,97.27891156462584,2.7210884353741496,16.348448687350835
"Jackson County, Kansas",13277.0,72703.0,1190.0,6577.0,116.0,1156.0,193600.0,20,85,8.962868117797695,98.26684595846406,1.733154041535933,8.706786171574905
"Jefferson County, Kansas",18391.0,77393.0,1147.0,9575.0,226.0,2015.0,200800.0,20,87,6.236746234571258,97.694112845628,2.305887154372003,10.956446087760318
"Jewell County, Kansas",2909.0,52344.0,369.0,1384.0,6.0,322.0,62100.0,20,89,12.684771399106223,99.568345323741,0.4316546762589928,11.069095909247164
"Johnson County, Kansas",614764.0,107261.0,32476.0,348571.0,11014.0,144484.0,366000.0,20,91,5.282677580339773,96.93702462561008,3.0629753743899215,23.502352122115152
"Kearny County, Kansas",3910.0,74135.0,232.0,1781.0,24.0,278.0,152500.0,20,93,5.9335038363171355,98.67036011080333,1.3296398891966759,7.10997442455243
"Kingman County, Kansas",7284.0,59819.0,670.0,3738.0,139.0,862.0,107400.0,20,95,9.198242723778144,96.41475367552232,3.585246324477689,11.834157056562328
"Kiowa County, Kansas",2422.0,73214.0,125.0,1276.0,43.0,351.0,152400.0,20,97,5.161023947151114,96.73995451099317,3.2600454890068233,14.49215524360033
"Labette County, Kansas",19949.0,55439.0,3117.0,9319.0,264.0,1960.0,92100.0,20,99,15.624843350543888,97.24512156944589,2.7548784305541063,9.825053887412903
"Lane County, Kansas",1497.0,53042.0,121.0,753.0,4.0,184.0,119000.0,20,101,8.082832331329326,99.47159841479525,0.5284015852047557,12.291249164996659
"Leavenworth County, Kansas",82493.0,86906.0,6671.0,36597.0,1568.0,11965.0,260600.0,20,103,8.08674675427006,95.89152364732084,4.108476352679157,14.504260967597252
"Lincoln County, Kansas",2924.0,53546.0,341.0,1500.0,26.0,296.0,92600.0,20,105,11.662106703146375,98.2961992136304,1.7038007863695939,10.12311901504788
"Linn County, Kansas",9723.0,59200.0,1024.0,4549.0,170.0,1080.0,164500.0,20,107,10.531728890260208,96.39754185208731,3.602458147912693,11.107682813946312
"Logan County, Kansas",2720.0,71389.0,355.0,1453.0,18.0,387.0,116600.0,20,109,13.051470588235295,98.77634262406526,1.2236573759347382,14.227941176470587
"Lyon County, Kansas",32145.0,59078.0,4712.0,17518.0,437.0,3011.0,142200.0,20,111,14.658578317001089,97.56613756613757,2.433862433862434,9.366931093482657
"McPherson County, Kansas",30130.0,77701.0,2579.0,16294.0,330.0,4304.0,198400.0,20,113,8.559575174244939,98.01491819056785,1.9850818094321463,14.284766013939596
"Marion County, Kansas",11795.0,63438.0,1104.0,5872.0,178.0,1560.0,114400.0,20,115,9.359898261975413,97.05785123966942,2.9421487603305785,13.225943196269604
"Marshall County, Kansas",10001.0,70828.0,913.0,5087.0,93.0,907.0,119500.0,20,117,9.12908709129087,98.20463320463321,1.7953667953667953,9.06909309069093
"Meade County, Kansas",3949.0,74868.0,255.0,1905.0,22.0,344.0,122000.0,20,119,6.457330969865789,98.858329008822,1.1416709911779968,8.711066092681692
"Miami County, Kansas",34625.0,88000.0,2267.0,17890.0,495.0,4966.0,277700.0,20,121,6.547292418772563,97.30758770737013,2.6924122926298613,14.342238267148014
"Mitchell County, Kansas",5767.0,58233.0,702.0,2736.0,24.0,689.0,109600.0,20,123,12.172706779954916,99.1304347826087,0.8695652173913043,11.947286284029826
"Montgomery County, Kansas",31143.0,53242.0,4911.0,14027.0,543.0,3012.0,92100.0,20,125,15.769193719294867,96.27316403568977,3.7268359643102267,9.671515268278586
"Morris County, Kansas",5388.0,56716.0,677.0,2816.0,56.0,788.0,120900.0,20,127,12.564959168522643,98.05013927576601,1.9498607242339834,14.625092798812176
"Morton County, Kansas",2647.0,65625.0,381.0,1172.0,42.0,233.0,95600.0,20,129,14.393653192293163,96.54036243822077,3.459637561779242,8.802417831507366
"Nemaha County, Kansas",10213.0,77375.0,764.0,5090.0,45.0,1397.0,196100.0,20,131,7.480661901498091,99.1236611489776,0.8763388510223954,13.678644864388525
"Neosho County, Kansas",15715.0,55704.0,2340.0,7551.0,350.0,1583.0,101200.0,20,133,14.8902322621699,95.57018098974814,4.429819010251867,10.073178491886733
"Ness County, Kansas",2659.0,66107.0,296.0,1465.0,15.0,344.0,85400.0,20,135,11.132004512974802,98.98648648648648,1.0135135135135136,12.937194433997742
"Norton County, Kansas",5392.0,50305.0,375.0,2041.0,13.0,574.0,106300.0,20,137,6.954747774480712,99.36708860759494,0.6329113924050633,10.645400593471809
"Osage County, Kansas",15780.0,70216.0,1709.0,7744.0,196.0,1604.0,142800.0,20,139,10.830164765525982,97.53148614609572,2.468513853904282,10.164765525982256
"Osborne County, Kansas",3473.0,59408.0,419.0,1810.0,29.0,426.0,84700.0,20,141,12.06449755254823,98.42305600870039,1.5769439912996193,12.266052404261446
"Ottawa County, Kansas",5782.0,76755.0,685.0,2936.0,95.0,744.0,164100.0,20,143,11.847111726046352,96.86572088419663,3.134279115803365,12.867519889311657
"Pawnee County, Kansas",6220.0,63625.0,608.0,2870.0,35.0,622.0,102400.0,20,145,9.77491961414791,98.79518072289156,1.2048192771084338,10.0
"Phillips County, Kansas",4874.0,61235.0,661.0,2331.0,74.0,547.0,94700.0,20,147,13.561756257693885,96.92307692307692,3.076923076923077,11.22281493639721
"Pottawatomie County, Kansas",25808.0,87694.0,1810.0,12698.0,242.0,3829.0,223000.0,20,149,7.013329200247985,98.12982998454405,1.8701700154559506,14.836484810911346
"Pratt County, Kansas",9120.0,64348.0,813.0,4414.0,164.0,991.0,114500.0,20,151,8.914473684210526,96.41764962865881,3.582350371341197,10.866228070175438
"Rawlins County, Kansas",2533.0,65000.0,252.0,1372.0,16.0,247.0,99400.0,20,153,9.948677457560205,98.84726224783861,1.1527377521613833,9.751283063560996
"Reno County, Kansas",61693.0,60498.0,7252.0,30346.0,1192.0,5990.0,125000.0,20,155,11.754980305707292,96.22043249413406,3.77956750586594,9.709367351239202
"Republic County, Kansas",4662.0,53611.0,665.0,2195.0,23.0,546.0,76000.0,20,157,14.264264264264265,98.96302975653742,1.0369702434625787,11.711711711711711
"Rice County, Kansas",9389.0,63947.0,644.0,4598.0,154.0,974.0,105500.0,20,159,6.859090424965385,96.75925925925925,3.2407407407407405,10.373841729683672
"Riley County, Kansas",71710.0,59560.0,13499.0,36721.0,1723.0,9495.0,231200.0,20,161,18.824431738948544,95.51815627926334,4.481843720736656,13.240831125366057
"Rooks County, Kansas",4869.0,61596.0,247.0,2471.0,52.0,638.0,90000.0,20,163,5.072910248510988,97.93896155370591,2.0610384462940945,13.103306633805708
"Rush County, Kansas",2957.0,60288.0,329.0,1527.0,78.0,343.0,79300.0,20,165,11.126141359485965,95.14018691588785,4.859813084112149,11.59959418329388
"Russell County, Kansas",6717.0,53902.0,1004.0,3500.0,65.0,604.0,106400.0,20,167,14.947149024862288,98.17671809256662,1.8232819074333801,8.99210957272592
"Saline County, Kansas",53801.0,63316.0,6457.0,28634.0,1029.0,7103.0,171900.0,20,169,12.001635657329789,96.53103192529414,3.468968074705862,13.202356833516104
"Scott County, Kansas",5071.0,67788.0,436.0,2693.0,30.0,755.0,170100.0,20,171,8.597909682508382,98.89827396254131,1.1017260374586852,14.888582133701439
"Sedgwick County, Kansas",524810.0,67675.0,72477.0,265730.0,13890.0,69501.0,190700.0,20,173,13.81014081286561,95.0325441670839,4.967455832916101,13.24307844743812
"Seward County, Kansas",21640.0,62269.0,2762.0,10904.0,462.0,1211.0,134000.0,20,175,12.763401109057302,95.93524546894247,4.06475453105754,5.596118299445471
"Shawnee County, Kansas",178315.0,66043.0,21495.0,88336.0,3673.0,24507.0,170400.0,20,177,12.054510276757425,96.00799921746786,3.9920007825321435,13.743655889857836
"Sheridan County, Kansas",2442.0,70000.0,252.0,1302.0,8.0,277.0,152000.0,20,179,10.319410319410318,99.38931297709924,0.6106870229007634,11.343161343161343
"Sherman County, Kansas",5919.0,64444.0,557.0,3177.0,12.0,710.0,126300.0,20,181,9.410373373880724,99.62370649106302,0.37629350893697083,11.995269471194458
"Smith County, Kansas",3579.0,57024.0,275.0,1784.0,29.0,495.0,91000.0,20,183,7.683710533668623,98.40044125758412,1.5995587424158852,13.830678960603521
"Stafford County, Kansas",4004.0,63786.0,422.0,2016.0,52.0,548.0,96700.0,20,185,10.539460539460539,97.48549323017409,2.5145067698259185,13.686313686313687
"Stanton County, Kansas",2018.0,70361.0,256.0,952.0,21.0,216.0,64200.0,20,187,12.685827552031714,97.84172661870504,2.158273381294964,10.703666997026758
"Stevens County, Kansas",5212.0,61909.0,780.0,2411.0,108.0,362.0,124500.0,20,189,14.965464313123562,95.71258435887256,4.287415641127431,6.945510360706063
"Sumner County, Kansas",22386.0,60348.0,2351.0,10633.0,633.0,2661.0,118700.0,20,191,10.50209952648977,94.38132433871826,5.618675661281733,11.886893594210669
"Thomas County, Kansas",7913.0,73575.0,516.0,4242.0,6.0,1045.0,165900.0,20,193,6.520914950082143,99.85875706214689,0.14124293785310735,13.20611651712372
"Trego County, Kansas",2778.0,73375.0,149.0,1491.0,16.0,466.0,115400.0,20,195,5.3635709143268535,98.93828798938287,1.06171201061712,16.774658027357813
"Wabaunsee County, Kansas",6961.0,70536.0,480.0,3436.0,137.0,813.0,178200.0,20,197,6.8955609826174395,96.16568709767702,3.8343129023229774,11.67935641430829
"Wallace County, Kansas",1459.0,60263.0,184.0,720.0,9.0,187.0,94200.0,20,199,12.611377655928719,98.76543209876543,1.2345679012345678,12.816997943797121
"Washington County, Kansas",5519.0,62452.0,440.0,2616.0,40.0,609.0,106100.0,20,201,7.972458778764269,98.49397590361446,1.5060240963855422,11.034607718789635
"Wichita County, Kansas",2115.0,71282.0,342.0,957.0,5.0,202.0,98700.0,20,203,16.170212765957448,99.48024948024948,0.5197505197505198,9.55082742316785
"Wilson County, Kansas",8559.0,57056.0,1331.0,4032.0,143.0,944.0,93900.0,20,205,15.550882112396309,96.57485029940119,3.4251497005988023,11.029325855824279
"Woodson County, Kansas",3118.0,48152.0,379.0,1353.0,34.0,375.0,77100.0,20,207,12.155227710070559,97.54866618601298,2.451333813987022,12.026940346375882
"Wyandotte County, Kansas",167277.0,60582.0,28943.0,82734.0,4467.0,13650.0,152700.0,20,209,17.302438470321682,94.87735232394124,5.122647676058761,8.160117649168743
"Adair County, Kentucky",19016.0,50316.0,3208.0,8348.0,646.0,1260.0,134800.0,21,1,16.870004206983594,92.81743384478541,7.182566155214587,6.625999158603281
"Allen County, Kentucky",21029.0,59029.0,3120.0,9731.0,733.0,1509.0,176300.0,21,3,14.83665414427695,92.99503058103976,7.004969418960244,7.1758048409339485
"Anderson County, Kentucky",24098.0,71747.0,2981.0,11440.0,294.0,2898.0,213200.0,21,5,12.370321188480373,97.49446054201466,2.505539457985342,12.025894265084238
"Ballard County, Kentucky",7678.0,64740.0,1037.0,3476.0,143.0,712.0,132900.0,21,7,13.506121385777547,96.04863221884499,3.951367781155015,9.273248241729618
"Barren County, Kentucky",44670.0,49171.0,9207.0,19386.0,936.0,3411.0,166900.0,21,9,20.61114842175957,95.3941541186891,4.605845881310895,7.635997313633311
"Bath County, Kentucky",12812.0,54128.0,2974.0,5132.0,205.0,737.0,111800.0,21,11,23.2126131751483,96.15889076260072,3.841109237399288,5.752419606618795
"Bell County, Kentucky",23878.0,32403.0,6268.0,7973.0,838.0,1489.0,83000.0,21,13,26.250104698886005,90.48916127567813,9.51083872432187,6.23586565038948
"Boone County, Kentucky",137676.0,94752.0,8997.0,72762.0,2071.0,20422.0,253200.0,21,15,6.534908044975158,97.23250437641148,2.7674956235885237,14.833376913913826
"Bourbon County, Kentucky",20174.0,56322.0,2724.0,9417.0,413.0,2085.0,211600.0,21,17,13.5025280063448,95.79857578840286,4.201424211597152,10.335084762565678
"Boyd County, Kentucky",48043.0,60659.0,8154.0,20592.0,1355.0,3572.0,126300.0,21,19,16.97229565181192,93.82603544903631,6.173964550963685,7.435006140332619
"Boyle County, Kentucky",30708.0,61635.0,3946.0,13795.0,812.0,3244.0,200700.0,21,21,12.850071642568711,94.44102142808242,5.5589785719175735,10.564022404585124
"Bracken County, Kentucky",8427.0,59521.0,1675.0,3937.0,218.0,540.0,116400.0,21,23,19.876587160318028,94.75330926594464,5.246690734055355,6.407974368102527
"Breathitt County, Kentucky",13438.0,41101.0,3726.0,5038.0,469.0,805.0,61800.0,21,25,27.727340378032444,91.48356637007446,8.51643362992555,5.990474773031701
"Breckinridge County, Kentucky",20722.0,53673.0,4331.0,8750.0,456.0,1364.0,141400.0,21,27,20.900492230479685,95.04670866825983,4.95329133174017,6.582376218511726
"Bullitt County, Kentucky",83209.0,77640.0,7882.0,44194.0,1818.0,7318.0,233700.0,21,29,9.472533019264743,96.04885681996002,3.95114318003999,8.79472172481342
"Butler County, Kentucky",12373.0,52003.0,2230.0,5054.0,214.0,441.0,105500.0,21,31,18.023114846843935,95.93773728170083,4.0622627182991655,3.5642123979633076
"Caldwell County, Kentucky",12631.0,57618.0,1731.0,5637.0,158.0,945.0,113500.0,21,33,13.704378117330377,97.27351164797238,2.72648835202761,7.4815929063415405
"Calloway County, Kentucky",37882.0,51854.0,6012.0,18371.0,800.0,4131.0,181200.0,21,35,15.870334195660208,95.82703041051587,4.172969589484117,10.904915263185682
"Campbell County, Kentucky",93193.0,77271.0,9728.0,50067.0,1846.0,15916.0,234500.0,21,37,10.438552251778567,96.44405062315798,3.5559493768420243,17.07853594154067
"Carlisle County, Kentucky",4763.0,62019.0,783.0,2091.0,88.0,284.0,104700.0,21,39,16.439218979634685,95.96145020651676,4.038549793483249,5.962628595423053
"Carroll County, Kentucky",10878.0,57753.0,2001.0,4671.0,324.0,403.0,129800.0,21,41,18.39492553778268,93.51351351351352,6.486486486486487,3.7047251332965616
"Carter County, Kentucky",26515.0,50389.0,5058.0,10220.0,421.0,1573.0,126100.0,21,43,19.075994719969827,96.04360492434921,3.956395075650785,5.9324910428059585
"Casey County, Kentucky",15951.0,41689.0,3791.0,6032.0,539.0,743.0,135700.0,21,45,23.76653501347878,91.79729112768224,8.20270887231776,4.658015171462604
"Christian County, Kentucky",72599.0,54190.0,11580.0,25660.0,1991.0,5717.0,149200.0,21,47,15.95063292882822,92.79953708726629,7.200462912733717,7.8747641152081975
"Clark County, Kentucky",37004.0,67824.0,4696.0,17810.0,862.0,3625.0,197900.0,21,49,12.69051994378986,95.3834618680377,4.6165381319622965,9.796238244514106
"Clay County, Kentucky",20105.0,39607.0,5887.0,7088.0,724.0,1086.0,87300.0,21,51,29.281273315095746,90.73220686123912,9.267793138760881,5.401641382740611
"Clinton County, Kentucky",9240.0,42168.0,1674.0,4132.0,233.0,586.0,114000.0,21,53,18.116883116883116,94.66208476517754,5.337915234822451,6.341991341991342
"Crittenden County, Kentucky",8972.0,47003.0,1578.0,3633.0,122.0,434.0,115700.0,21,55,17.58805171645118,96.75099866844208,3.2490013315579227,4.837271511368703
"Cumberland County, Kentucky",5948.0,39662.0,1987.0,2161.0,65.0,403.0,128600.0,21,57,33.40618695359785,97.07996406109613,2.9200359389038635,6.775386684599866
"Daviess County, Kentucky",103195.0,65323.0,15314.0,49829.0,2215.0,10431.0,185800.0,21,59,14.839866272590726,95.74398585812006,4.256014141879947,10.108047870536364
"Edmonson County, Kentucky",12243.0,54512.0,2030.0,5140.0,350.0,514.0,136600.0,21,61,16.580903373356204,93.6247723132969,6.375227686703097,4.198317405864576
"Elliott County, Kentucky",7336.0,40074.0,1659.0,2040.0,137.0,198.0,97400.0,21,63,22.614503816793892,93.70693615066605,6.293063849333946,2.699018538713195
"Estill County, Kentucky",14079.0,43905.0,3064.0,5479.0,395.0,666.0,111900.0,21,65,21.762909297535334,93.27545114061968,6.724548859380321,4.730449605795866
"Fayette County, Kentucky",321122.0,67631.0,48466.0,177301.0,8866.0,55502.0,272100.0,21,67,15.092706198890141,95.2376092433138,4.762390756686201,17.28377376822516
"Fleming County, Kentucky",15221.0,49663.0,3480.0,6465.0,448.0,1028.0,115200.0,21,69,22.863149595952958,93.51945609720815,6.480543902791841,6.753826949609093
"Floyd County, Kentucky",35342.0,41582.0,9177.0,12468.0,888.0,2144.0,93300.0,21,71,25.966272423745117,93.35130278526505,6.64869721473495,6.06643653443495
"Franklin County, Kentucky",51563.0,66470.0,6683.0,25842.0,1456.0,6690.0,198700.0,21,73,12.960844016058026,94.66627591764964,5.333724082350355,12.97441964199135
"Fulton County, Kentucky",6440.0,36834.0,1509.0,2337.0,170.0,628.0,78100.0,21,75,23.43167701863354,93.2189868368568,6.781013163143198,9.751552795031056
"Gallatin County, Kentucky",8749.0,62247.0,1245.0,4191.0,146.0,539.0,169400.0,21,77,14.230197736884215,96.63361770809315,3.366382291906848,6.160704080466339
"Garrard County, Kentucky",17346.0,62572.0,2922.0,7858.0,480.0,1225.0,186800.0,21,79,16.845382220684886,94.24322379467498,5.756776205325018,7.062146892655368
"Grant County, Kentucky",25238.0,67940.0,3045.0,12199.0,578.0,1534.0,185500.0,21,81,12.065139868452333,95.47624638021445,4.523753619785552,6.078136143909977
"Graves County, Kentucky",36612.0,50576.0,7406.0,15956.0,638.0,2482.0,139000.0,21,83,20.228340434830113,96.15523683259009,3.844763167409907,6.779198077133181
"Grayson County, Kentucky",26586.0,49893.0,5027.0,11587.0,587.0,1371.0,160100.0,21,85,18.908448055367487,95.1782487267948,4.821751273205192,5.156849469645678
"Green County, Kentucky",11278.0,41087.0,2384.0,4775.0,404.0,698.0,118900.0,21,87,21.13849973399539,92.19926626761922,7.800733732380769,6.189040610037241
"Greenup County, Kentucky",35639.0,59613.0,5292.0,14434.0,832.0,2536.0,135300.0,21,89,14.848901484328966,94.54998034848683,5.450019651513167,7.115800106624764
"Hancock County, Kentucky",9032.0,66836.0,1409.0,4141.0,160.0,668.0,137600.0,21,91,15.600088573959257,96.27993489886073,3.7200651011392702,7.395925597874226
"Hardin County, Kentucky",111452.0,67608.0,12623.0,51142.0,3420.0,11190.0,205900.0,21,93,11.325951979327424,93.73190132326528,6.2680986767347235,10.040196676596203
"Harlan County, Kentucky",26185.0,37198.0,6930.0,8331.0,919.0,1137.0,73100.0,21,95,26.465533702501432,90.06486486486487,9.935135135135136,4.342180637769715
"Harrison County, Kentucky",18971.0,63205.0,3039.0,8751.0,253.0,1586.0,188900.0,21,97,16.019187180433292,97.19013771657042,2.8098622834295868,8.360128617363344
"Hart County, Kentucky",19470.0,49653.0,4022.0,8204.0,367.0,794.0,124600.0,21,99,20.657421674370827,95.71811923929529,4.281880760704702,4.0780688238315355
"Henderson County, Kentucky",44493.0,58239.0,6734.0,20214.0,608.0,3892.0,165700.0,21,101,15.134965050682132,97.0800115262703,2.919988473729709,8.747443418065764
"Henry County, Kentucky",15774.0,60736.0,2602.0,7232.0,280.0,1082.0,181300.0,21,103,16.495498922277164,96.27263045793397,3.727369542066028,6.859388867757069
"Hickman County, Kentucky",4470.0,63750.0,893.0,1914.0,77.0,291.0,92300.0,21,105,19.977628635346754,96.13259668508287,3.867403314917127,6.510067114093959
"Hopkins County, Kentucky",45143.0,57610.0,8405.0,19635.0,1261.0,2862.0,128800.0,21,107,18.618611966417827,93.96535222052067,6.034647779479326,6.339853354894447
"Jackson County, Kentucky",13003.0,41410.0,2945.0,4528.0,264.0,594.0,107000.0,21,109,22.648619549334768,94.49081803005008,5.509181969949917,4.568176574636622
"Jefferson County, Kentucky",777392.0,67849.0,110819.0,407856.0,19575.0,116188.0,237200.0,21,111,14.255227735814108,95.42031345410138,4.579686545898636,14.945870294523225
"Jessamine County, Kentucky",53792.0,74886.0,5480.0,26521.0,850.0,6308.0,245100.0,21,113,10.187388459250446,96.89452340067956,3.1054765993204487,11.726650803093397
"Johnson County, Kentucky",22464.0,43014.0,5116.0,8295.0,392.0,1439.0,125300.0,21,115,22.774216524216524,95.48751007252217,4.512489927477841,6.405804843304844
"Kenton County, Kentucky",169817.0,79421.0,20065.0,92721.0,3504.0,27996.0,227500.0,21,117,11.815660387358157,96.35853468433359,3.641465315666407,16.485981968825264
"Knott County, Kentucky",14046.0,37736.0,3511.0,4876.0,567.0,810.0,74600.0,21,119,24.99644026769187,89.58295057872496,10.417049421275031,5.766766339171294
"Knox County, Kentucky",30034.0,33153.0,10761.0,9656.0,763.0,1425.0,109200.0,21,121,35.82939335419857,92.67684038775315,7.323159612246857,4.744622760871013
"Larue County, Kentucky",15028.0,67770.0,2789.0,6876.0,122.0,787.0,177500.0,21,123,18.558690444503593,98.25664475564447,1.7433552443555302,5.236891136545116
"Laurel County, Kentucky",62731.0,56999.0,13047.0,27363.0,980.0,3944.0,143400.0,21,125,20.798329374631365,96.54235613731785,3.4576438626821435,6.287162646857215
"Lawrence County, Kentucky",16171.0,45584.0,3529.0,5645.0,339.0,940.0,108100.0,21,127,21.82301651103828,94.33489304812835,5.665106951871658,5.812874899511471
"Lee County, Kentucky",7375.0,34182.0,1876.0,2536.0,179.0,324.0,82100.0,21,129,25.43728813559322,93.40699815837937,6.593001841620626,4.393220338983051
"Leslie County, Kentucky",10261.0,40176.0,2701.0,3763.0,279.0,482.0,74100.0,21,131,26.322970470714356,93.09747649678377,6.902523503216229,4.697397914433291
"Letcher County, Kentucky",21146.0,40501.0,5539.0,7406.0,432.0,1040.0,70500.0,21,133,26.1940792584886,94.48838989538147,5.511610104618525,4.918187836943157
"Lewis County, Kentucky",13028.0,41632.0,2915.0,4665.0,356.0,575.0,86100.0,21,135,22.3748848633712,92.9097789285003,7.090221071499701,4.413570770647835
"Lincoln County, Kentucky",24415.0,50862.0,4459.0,10316.0,784.0,1577.0,139300.0,21,137,18.263362686872824,92.93693693693695,7.063063063063063,6.459143968871596
"Livingston County, Kentucky",8941.0,59713.0,1677.0,4030.0,188.0,497.0,116300.0,21,139,18.756291242590315,95.54291133238502,4.4570886676149835,5.558662342019908
"Logan County, Kentucky",27731.0,61535.0,3839.0,12460.0,604.0,1965.0,151500.0,21,141,13.84371281237604,95.37660747091243,4.623392529087568,7.085932710684793
"Lyon County, Kentucky",8831.0,64464.0,778.0,3188.0,113.0,649.0,183600.0,21,143,8.809874306420564,96.57679491063314,3.423205089366858,7.349111085947231
"McCracken County, Kentucky",67584.0,62385.0,10173.0,31349.0,958.0,7991.0,182900.0,21,145,15.052379261363635,97.03469836258395,2.9653016374160397,11.823804450757576
"McCreary County, Kentucky",16905.0,37355.0,5358.0,4974.0,115.0,630.0,77000.0,21,147,31.694764862466723,97.74022401257615,2.2597759874238554,3.7267080745341614
"McLean County, Kentucky",9127.0,70549.0,840.0,4080.0,269.0,673.0,145600.0,21,149,9.203462254848253,93.81467003908945,6.185329960910554,7.373726306562946
"Madison County, Kentucky",94064.0,62407.0,13938.0,48175.0,2534.0,11953.0,220700.0,21,151,14.817571015478823,95.00285945295707,4.997140547042931,12.70730566422861
"Magoffin County, Kentucky",11495.0,33632.0,3775.0,3475.0,430.0,367.0,88300.0,21,153,32.84036537625054,88.98847631241998,11.011523687580025,3.1926924749891255
"Marion County, Kentucky",19680.0,55404.0,3665.0,8523.0,469.0,868.0,158700.0,21,155,18.622967479674795,94.78425266903915,5.215747330960855,4.4105691056910565
"Marshall County, Kentucky",31728.0,63611.0,4148.0,14365.0,534.0,2887.0,173700.0,21,157,13.073625819465457,96.41586683670045,3.58413316329955,9.099218356026222
"Martin County, Kentucky",11181.0,46185.0,2862.0,3047.0,181.0,545.0,84900.0,21,159,25.596994902066005,94.39281288723667,5.607187112763321,4.8743403988909755
"Mason County, Kentucky",16995.0,51473.0,3073.0,7534.0,365.0,1362.0,157500.0,21,161,18.08178876140041,95.37916191923028,4.620838080769718,8.014121800529567
"Meade County, Kentucky",30032.0,70163.0,4091.0,14302.0,536.0,2471.0,195000.0,21,163,13.622136387852956,96.38765332255021,3.612346677449791,8.227890250399573
"Menifee County, Kentucky",6203.0,44672.0,1730.0,2386.0,117.0,327.0,111500.0,21,165,27.889730775431243,95.32560926887734,4.674390731122653,5.2716427535063675
"Mercer County, Kentucky",22824.0,63115.0,2557.0,10536.0,301.0,2162.0,189700.0,21,167,11.203119523308798,97.22247854572299,2.777521454277014,9.47248510339993
"Metcalfe County, Kentucky",10372.0,48572.0,2634.0,4458.0,240.0,510.0,103100.0,21,169,25.395295025067487,94.89144316730524,5.108556832694764,4.917084458156575
"Monroe County, Kentucky",11318.0,49430.0,2484.0,5158.0,215.0,454.0,116300.0,21,171,21.947340519526417,95.99851107388795,4.001488926112041,4.011309418625199
"Montgomery County, Kentucky",28271.0,57468.0,4229.0,12887.0,527.0,2264.0,163800.0,21,173,14.958791694669449,96.07126882361712,3.928731176382884,8.008206289130204
"Morgan County, Kentucky",13938.0,47493.0,2224.0,4542.0,179.0,917.0,106000.0,21,175,15.956378246520304,96.20843041728448,3.791569582715527,6.579136174487014
"Muhlenberg County, Kentucky",30712.0,52672.0,5250.0,12872.0,523.0,1553.0,121300.0,21,177,17.09429538942433,96.09555804404629,3.9044419559537142,5.056655379004949
"Nelson County, Kentucky",47102.0,67888.0,4512.0,23052.0,705.0,4613.0,224100.0,21,179,9.579211073839753,97.03245359262533,2.9675464073746682,9.793639335909303
"Nicholas County, Kentucky",7655.0,53616.0,1396.0,3253.0,233.0,288.0,119600.0,21,181,18.23644676681907,93.31612162937463,6.683878370625358,3.7622468974526453
"Ohio County, Kentucky",23704.0,54369.0,3023.0,10214.0,530.0,1246.0,113400.0,21,183,12.75312183597705,95.06701414743112,4.9329858525688755,5.2564967937900775
"Oldham County, Kentucky",68600.0,121491.0,2561.0,34465.0,1153.0,12008.0,375000.0,21,185,3.733236151603499,96.76287270481218,3.2371272951878263,17.504373177842567
"Owen County, Kentucky",11270.0,59706.0,1913.0,5351.0,280.0,1009.0,165000.0,21,187,16.97426796805679,95.02752619428165,4.972473805718345,8.952972493345165
"Owsley County, Kentucky",4021.0,31064.0,960.0,1388.0,157.0,201.0,79900.0,21,189,23.874658045262372,89.83818770226537,10.161812297734627,4.998756528226809
"Pendleton County, Kentucky",14683.0,66601.0,2061.0,7064.0,345.0,1123.0,160800.0,21,191,14.036641013416876,95.34350114725333,4.656498852746659,7.648300755976299
"Perry County, Kentucky",27847.0,45261.0,6894.0,10575.0,620.0,1211.0,90700.0,21,193,24.756706287930477,94.46181330951318,5.538186690486825,4.348762882895824
"Pike County, Kentucky",57466.0,42179.0,14081.0,20430.0,1258.0,3609.0,104200.0,21,195,24.50318449169944,94.19955735890815,5.8004426410918475,6.2802352695506904
"Powell County, Kentucky",13057.0,39811.0,2755.0,5274.0,375.0,924.0,142400.0,21,197,21.09979321436777,93.36165693043016,6.638343069569835,7.0766638584667225
"Pulaski County, Kentucky",65503.0,50943.0,13006.0,28195.0,1477.0,4530.0,156300.0,21,199,19.855579133780132,95.0222431922351,4.977756807764896,6.9157137841014915
"Robertson County, Kentucky",2239.0,52337.0,573.0,760.0,65.0,144.0,123400.0,21,201,25.591782045556048,92.12121212121212,7.878787878787878,6.431442608307281
"Rockcastle County, Kentucky",16144.0,48367.0,3824.0,6357.0,385.0,675.0,119300.0,21,203,23.68681863230922,94.28952832987244,5.710471670127559,4.181119920713578
"Rowan County, Kentucky",24525.0,53657.0,5308.0,11711.0,508.0,1805.0,155900.0,21,205,21.643221202854228,95.84254030608069,4.157459693919306,7.359836901121304
"Russell County, Kentucky",18117.0,50520.0,4142.0,7665.0,462.0,1029.0,148200.0,21,207,22.862504829717945,94.31524547803618,5.684754521963824,5.679748302699123
"Scott County, Kentucky",58269.0,83660.0,5933.0,30522.0,1207.0,8138.0,264200.0,21,209,10.18208652971563,96.19590910523496,3.8040908947650416,13.966259932382572
"Shelby County, Kentucky",48599.0,82671.0,4066.0,25110.0,715.0,6646.0,277500.0,21,211,8.36642729274265,97.23136495643756,2.7686350435624396,13.67517850161526
"Simpson County, Kentucky",19786.0,57392.0,2914.0,9369.0,370.0,1401.0,195700.0,21,213,14.72758516122511,96.20084197556217,3.799158024437827,7.080764176690589
"Spencer County, Kentucky",19875.0,98333.0,1450.0,10242.0,602.0,1912.0,297600.0,21,215,7.29559748427673,94.44854297307266,5.551457026927333,9.620125786163522
"Taylor County, Kentucky",26205.0,61871.0,4156.0,12929.0,652.0,2382.0,163700.0,21,217,15.859568784583095,95.19917531845962,4.800824681540387,9.089868345735546
"Todd County, Kentucky",12330.0,57759.0,2618.0,5313.0,182.0,770.0,157400.0,21,219,21.232765612327658,96.68789808917198,3.3121019108280256,6.244931062449311
"Trigg County, Kentucky",14211.0,54630.0,2888.0,5829.0,240.0,1150.0,192000.0,21,221,20.322285553444512,96.04547701433515,3.9545229856648545,8.092322848497641
"Trimble County, Kentucky",8531.0,67813.0,1107.0,3982.0,311.0,531.0,172700.0,21,223,12.976204430899074,92.7556487304915,7.244351269508502,6.224358222951588
"Union County, Kentucky",13379.0,60989.0,2281.0,5774.0,177.0,726.0,109000.0,21,225,17.049106809178564,97.02570996471181,2.974290035288187,5.426414530233949
"Warren County, Kentucky",137549.0,64801.0,22098.0,72555.0,3297.0,17406.0,242600.0,21,227,16.06554755032752,95.65337763012181,4.346622369878183,12.654399523079048
"Washington County, Kentucky",12091.0,59762.0,1489.0,5879.0,245.0,972.0,168300.0,21,229,12.31494500041353,95.99934683213586,4.000653167864141,8.039037300471424
"Wayne County, Kentucky",19592.0,41933.0,4690.0,7534.0,372.0,1090.0,121700.0,21,231,23.93834218048183,95.29471287629649,4.705287123703517,5.563495304205798
"Webster County, Kentucky",12873.0,58786.0,1746.0,5669.0,308.0,710.0,97600.0,21,233,13.563271964577023,94.8469131671407,5.153086832859294,5.515419871047929
"Whitley County, Kentucky",36755.0,41719.0,8772.0,14318.0,742.0,2195.0,120600.0,21,235,23.866140661134537,95.0730411686587,4.9269588313413015,5.971976601822881
"Wolfe County, Kentucky",6484.0,29052.0,2404.0,1784.0,282.0,136.0,66400.0,21,237,37.07587908698334,86.35043562439496,13.649564375605033,2.0974706971005554
"Woodford County, Kentucky",27017.0,80006.0,2656.0,14167.0,499.0,4447.0,270400.0,21,239,9.830847244327645,96.59757261693713,3.402427383062866,16.460006662471777
"Acadia Parish, Louisiana",57218.0,45266.0,13750.0,24504.0,1913.0,3666.0,146900.0,22,1,24.03089936733196,92.75845099746375,7.241549002536246,6.407074696773743
"Allen Parish, Louisiana",22552.0,51138.0,3849.0,8734.0,1200.0,1223.0,110800.0,22,3,17.06722241929762,87.92027380712703,12.079726192872961,5.423022348350479
"Ascension Parish, Louisiana",128593.0,92266.0,13182.0,66510.0,3009.0,15836.0,265300.0,22,5,10.250946785594861,95.67168687696889,4.328313123031114,12.314822735296634
"Assumption Parish, Louisiana",20720.0,52546.0,2861.0,9454.0,462.0,1322.0,141200.0,22,7,13.807915057915057,95.34086325131102,4.659136748688987,6.380308880308879
"Avoyelles Parish, Louisiana",39176.0,39439.0,9875.0,15201.0,1027.0,1789.0,120200.0,22,9,25.206759240351236,93.67143209267932,6.3285679073206795,4.5665713702266695
"Beauregard Parish, Louisiana",36646.0,64995.0,5040.0,15528.0,1158.0,2910.0,164500.0,22,11,13.753206352671507,93.06005034160374,6.9399496583962605,7.940839382197239
"Bienville Parish, Louisiana",12769.0,34992.0,4002.0,4662.0,294.0,880.0,93600.0,22,13,31.341530268619312,94.0677966101695,5.932203389830509,6.8916908136894035
"Bossier Parish, Louisiana",129134.0,66336.0,20762.0,57201.0,3195.0,14380.0,215100.0,22,15,16.077872597456906,94.7099145638784,5.290085436121598,11.13571948518593
"Caddo Parish, Louisiana",232973.0,50067.0,50837.0,103862.0,8678.0,23675.0,175900.0,22,17,21.820983547449703,92.28896392393816,7.711036076061845,10.162121790937146
"Calcasieu Parish, Louisiana",208668.0,67849.0,36643.0,97109.0,5373.0,22612.0,208500.0,22,19,17.560430923764063,94.75712808102887,5.242871918971137,10.836352483370714
"Caldwell Parish, Louisiana",9563.0,44957.0,2351.0,3818.0,377.0,564.0,106000.0,22,21,24.584335459583812,91.01311084624552,8.98688915375447,5.897730837603262
"Cameron Parish, Louisiana",5222.0,72500.0,327.0,2252.0,21.0,318.0,183300.0,22,23,6.261968594408272,99.076110866696,0.9238891333040036,6.089620834929145
"Catahoula Parish, Louisiana",8738.0,47753.0,2117.0,3012.0,191.0,618.0,88000.0,22,25,24.227512016479743,94.03684046206682,5.963159537933187,7.072556649118791
"Claiborne Parish, Louisiana",14019.0,31784.0,4223.0,4201.0,204.0,743.0,82400.0,22,27,30.123403951779725,95.3688989784336,4.631101021566402,5.299950067765176
"Concordia Parish, Louisiana",18325.0,37349.0,5926.0,6239.0,732.0,1322.0,102400.0,22,29,32.33833560709413,89.49935446851241,10.500645531487592,7.214188267394269
"De Soto Parish, Louisiana",26897.0,46077.0,5815.0,10806.0,664.0,1776.0,150700.0,22,31,21.61951146968063,94.21098517872711,5.789014821272886,6.602966873629029
"East Baton Rouge Parish, Louisiana",452821.0,63075.0,81374.0,231321.0,17535.0,64592.0,241800.0,22,33,17.970456317176104,92.95375638923716,7.0462436107628506,14.264356114226151
"East Carroll Parish, Louisiana",7195.0,28321.0,1941.0,2179.0,275.0,444.0,87400.0,22,35,26.977067407922167,88.79380603096985,11.206193969030155,6.170952050034746
"East Feliciana Parish, Louisiana",19378.0,72899.0,2248.0,7345.0,441.0,1636.0,213700.0,22,37,11.600784394674372,94.33598767017725,5.664012329822759,8.442563732067294
"Evangeline Parish, Louisiana",32162.0,42273.0,7022.0,13261.0,1448.0,1975.0,118500.0,22,39,21.83321932715627,90.1556869943572,9.844313005642803,6.140787264473603
"Franklin Parish, Louisiana",19590.0,44103.0,4765.0,7611.0,743.0,1416.0,117200.0,22,41,24.323634507401735,91.10605697869283,8.893943021307159,7.228177641653905
"Grant Parish, Louisiana",22123.0,61112.0,3033.0,8244.0,373.0,1506.0,135900.0,22,43,13.709713872440446,95.67134733666009,4.328652663339909,6.807395018758758
"Iberia Parish, Louisiana",69194.0,57811.0,15483.0,30195.0,1849.0,4781.0,156000.0,22,45,22.376217591120618,94.22980901260767,5.770190987392335,6.909558632251351
"Iberville Parish, Louisiana",29950.0,57459.0,4208.0,12818.0,787.0,2380.0,177100.0,22,47,14.050083472454089,94.21536199926499,5.784638000735024,7.946577629382304
"Jackson Parish, Louisiana",14939.0,43345.0,3426.0,5332.0,307.0,983.0,107400.0,22,49,22.933261931856215,94.55577230005319,5.444227699946799,6.580092375661022
"Jefferson Parish, Louisiana",432484.0,65246.0,69819.0,218229.0,12843.0,57636.0,243500.0,22,51,16.14371861155557,94.44199210635647,5.5580078936435395,13.32673578675743
"Jefferson Davis Parish, Louisiana",32083.0,56500.0,5586.0,13986.0,652.0,1995.0,145000.0,22,53,17.411089985350497,95.54583959557317,4.454160404426834,6.218246423339463
"Lafayette Parish, Louisiana",245075.0,67660.0,41954.0,124487.0,6258.0,40252.0,234200.0,22,55,17.11884117107008,95.21358369344908,4.78641630655092,16.424359889829642
"Lafourche Parish, Louisiana",96670.0,63439.0,16947.0,44226.0,2411.0,9020.0,190800.0,22,57,17.530774800868937,94.83028496687179,5.1697150331282025,9.330712734043653
"LaSalle Parish, Louisiana",14804.0,67077.0,2126.0,6649.0,508.0,1294.0,137200.0,22,59,14.360983517968117,92.90205393321223,7.0979460667877605,8.740880843015402
"Lincoln Parish, Louisiana",48160.0,38035.0,13415.0,21560.0,891.0,5189.0,195500.0,22,61,27.855066445182725,96.03135717785399,3.968642822146007,10.774501661129568
"Livingston Parish, Louisiana",145583.0,78617.0,18935.0,68443.0,2810.0,13790.0,218900.0,22,63,13.006326288096826,96.05630640113398,3.9436935988660125,9.472259810554803
"Madison Parish, Louisiana",9757.0,37267.0,3083.0,3105.0,159.0,631.0,90600.0,22,65,31.597827200983907,95.12867647058823,4.8713235294117645,6.467151788459567
"Morehouse Parish, Louisiana",24967.0,36981.0,7368.0,10210.0,1008.0,1397.0,108700.0,22,67,29.510954459887053,91.0144410768408,8.985558923159207,5.595385909400409
"Natchitoches Parish, Louisiana",37047.0,46798.0,8377.0,15728.0,973.0,3336.0,163000.0,22,69,22.61181742111372,94.174001556793,5.825998443206994,9.00477771479472
"Orleans Parish, Louisiana",376035.0,55339.0,82338.0,188830.0,14808.0,60434.0,296400.0,22,71,21.896366029757868,92.72827271923708,7.2717272807629225,16.0713763346497
"Ouachita Parish, Louisiana",158916.0,51241.0,36927.0,73153.0,4855.0,18310.0,183000.0,22,73,23.236804349467644,93.77627935596348,6.223720644036509,11.521810264542275
"Plaquemines Parish, Louisiana",23070.0,82874.0,3024.0,10687.0,481.0,2124.0,275800.0,22,75,13.107932379713914,95.69305157593124,4.306948424068768,9.206762028608582
"Pointe Coupee Parish, Louisiana",20438.0,59351.0,3598.0,9147.0,765.0,1584.0,174500.0,22,77,17.604462276152265,92.2820823244552,7.717917675544794,7.750269106566201
"Rapides Parish, Louisiana",128470.0,55946.0,23749.0,57609.0,2813.0,12117.0,179100.0,22,79,18.48602786642796,95.34441097613453,4.655589023865479,9.431773955008952
"Red River Parish, Louisiana",7529.0,44539.0,2121.0,2879.0,92.0,362.0,103200.0,22,81,28.171071855492098,96.9033995287782,3.096600471221811,4.808075441625713
"Richland Parish, Louisiana",19908.0,52960.0,4462.0,8333.0,700.0,1472.0,124500.0,22,83,22.413100261201528,92.25063655485442,7.749363445145577,7.394012457303596
"Sabine Parish, Louisiana",22085.0,52047.0,4930.0,8168.0,534.0,1528.0,129400.0,22,85,22.322843558976682,93.86347965984831,6.136520340151689,6.918723115236586
"St. Bernard Parish, Louisiana",44172.0,57638.0,9906.0,20031.0,1479.0,3282.0,192100.0,22,87,22.425971203477317,93.12412831241284,6.8758716875871695,7.430046183102418
"St. Charles Parish, Louisiana",51863.0,82172.0,5047.0,26298.0,1646.0,6937.0,256800.0,22,89,9.731407747334323,94.10964786716289,5.890352132837102,13.37562424078823
"St. Helena Parish, Louisiana",10849.0,50193.0,3218.0,4902.0,1044.0,711.0,106400.0,22,91,29.66171997419117,82.44197780020181,17.558022199798184,6.553599410083878
"St. James Parish, Louisiana",19797.0,64536.0,2057.0,9350.0,503.0,2075.0,197800.0,22,93,10.390463201495177,94.89495585100984,5.105044148990155,10.481386068596251
"St. John the Baptist Parish, Louisiana",41342.0,67418.0,5146.0,20131.0,1820.0,3298.0,184000.0,22,95,12.44739006337381,91.70880597694865,8.291194023051341,7.97735958589328
"St. Landry Parish, Louisiana",82128.0,45637.0,19321.0,32821.0,1834.0,4986.0,142900.0,22,97,23.52547243327489,94.70783436733517,5.292165632664839,6.071011104617183
"St. Martin Parish, Louisiana",51559.0,53394.0,8461.0,23814.0,1217.0,3870.0,151000.0,22,99,16.41032603425202,95.13802884423315,4.861971155766849,7.505964041195523
"St. Mary Parish, Louisiana",48455.0,51768.0,10553.0,20673.0,1123.0,2907.0,128000.0,22,101,21.77897017851615,94.84767847311433,5.152321526885667,5.999380868847385
"St. Tammany Parish, Louisiana",269331.0,79277.0,32413.0,132000.0,6352.0,43862.0,272200.0,22,103,12.03463396341305,95.40881230484561,4.591187695154389,16.28553712717808
"Tangipahoa Parish, Louisiana",135218.0,57256.0,25465.0,61655.0,3279.0,12994.0,204600.0,22,105,18.83255187918768,94.95025718421782,5.049742815782179,9.609667351979766
"Tensas Parish, Louisiana",3992.0,36074.0,1255.0,1382.0,184.0,216.0,80300.0,22,107,31.437875751503007,88.25031928480205,11.749680715197956,5.410821643286573
"Terrebonne Parish, Louisiana",107362.0,64819.0,17391.0,48599.0,2302.0,8274.0,189100.0,22,109,16.19846873195358,95.47749553053968,4.5225044694603245,7.706637357724334
"Union Parish, Louisiana",20914.0,45743.0,5806.0,8212.0,474.0,1764.0,115400.0,22,111,27.761308214593093,94.54294266635966,5.457057333640341,8.434541455484364
"Vermilion Parish, Louisiana",57031.0,57537.0,10823.0,25074.0,1298.0,4857.0,159700.0,22,113,18.97739825708825,95.07811315031094,4.921886849689064,8.51642089389981
"Vernon Parish, Louisiana",47764.0,58281.0,8409.0,16881.0,1042.0,4194.0,143500.0,22,115,17.605309438070513,94.18624114266585,5.813758857334152,8.780671635541411
"Washington Parish, Louisiana",45238.0,42776.0,10493.0,18068.0,1954.0,2632.0,139400.0,22,117,23.1951014633715,90.24073519128957,9.75926480871042,5.81811751182634
"Webster Parish, Louisiana",36189.0,37396.0,9462.0,13523.0,737.0,2218.0,105600.0,22,119,26.14606648429081,94.83169705469847,5.1683029453015426,6.1289342065268455
"West Baton Rouge Parish, Louisiana",27666.0,87320.0,4298.0,13853.0,912.0,3330.0,225900.0,22,121,15.535314103954311,93.82323061293599,6.176769387064002,12.036434612882237
"West Carroll Parish, Louisiana",9622.0,48514.0,1473.0,3897.0,150.0,586.0,97600.0,22,123,15.308667636665973,96.29355077835434,3.7064492216456637,6.0902099355643315
"West Feliciana Parish, Louisiana",15381.0,74277.0,1328.0,5892.0,351.0,1719.0,263200.0,22,125,8.634028996814251,94.37770302739068,5.622296972609322,11.17612638970158
"Winn Parish, Louisiana",13506.0,46368.0,2625.0,5077.0,216.0,1138.0,102600.0,22,127,19.43580630830742,95.91913848479123,4.080861515208766,8.425884791944322
"Androscoggin County, Maine",112323.0,67298.0,14060.0,58666.0,2493.0,12348.0,232000.0,23,1,12.517471933620005,95.92373976029694,4.0762602397030685,10.993296119227585
"Aroostook County, Maine",67227.0,54254.0,9423.0,30411.0,1629.0,7765.0,131700.0,23,3,14.0166897228792,94.91573033707866,5.084269662921349,11.550418730569563
"Cumberland County, Maine",305940.0,92983.0,20956.0,174247.0,5566.0,70012.0,411400.0,23,5,6.849709093286266,96.90456196159344,3.095438038406567,22.884225665163104
"Franklin County, Maine",30145.0,58522.0,3403.0,14907.0,792.0,4289.0,176700.0,23,7,11.288770940454471,94.9550926810625,5.044907318937511,14.227898490628629
"Hancock County, Maine",56084.0,69630.0,5591.0,29051.0,1079.0,10506.0,278400.0,23,9,9.968975108765424,96.41885164288085,3.58114835711915,18.73261536267028
"Kennebec County, Maine",125614.0,65062.0,14969.0,63306.0,2566.0,17349.0,219900.0,23,11,11.916665339850653,96.10456643186787,3.8954335681321353,13.81135860652475
"Knox County, Maine",40860.0,71903.0,3424.0,20238.0,787.0,7721.0,290800.0,23,13,8.379833578071464,96.25683709869205,3.743162901307967,18.896231032794912
"Lincoln County, Maine",35840.0,72026.0,2985.0,17394.0,607.0,6676.0,306200.0,23,15,8.328683035714286,96.62796511304927,3.3720348869507246,18.627232142857142
"Oxford County, Maine",58728.0,57933.0,8187.0,28145.0,1339.0,6574.0,192300.0,23,17,13.940539436044135,95.45855379188713,4.541446208112874,11.193979021931618
"Penobscot County, Maine",153571.0,63248.0,19846.0,77748.0,3175.0,20953.0,193800.0,23,19,12.923012808407838,96.07651718300112,3.923482816998875,13.6438520293545
"Piscataquis County, Maine",17125.0,55234.0,2761.0,7661.0,314.0,2109.0,153300.0,23,21,16.122627737226278,96.06269592476488,3.93730407523511,12.315328467153284
"Sagadahoc County, Maine",37093.0,82080.0,4086.0,19852.0,906.0,6784.0,300200.0,23,23,11.01555549564608,95.63541767029578,4.364582329704211,18.289165071576846
"Somerset County, Maine",50852.0,56199.0,7756.0,23656.0,920.0,5488.0,155200.0,23,25,15.252104145363013,96.25651041666666,3.7434895833333335,10.792102572170219
"Waldo County, Maine",40006.0,68441.0,4992.0,19693.0,876.0,5987.0,239100.0,23,27,12.478128280757886,95.74116388740337,4.258836112596626,14.965255211718242
"Washington County, Maine",31261.0,52237.0,5396.0,13682.0,907.0,3767.0,147100.0,23,29,17.26112408432232,93.78298718212352,6.217012817876482,12.050158344262819
"York County, Maine",214731.0,82904.0,16428.0,117639.0,4092.0,35385.0,357200.0,23,31,7.650502256311385,96.63848978485349,3.3615102151465117,16.478757142657557
"Allegany County, Maryland",67762.0,57393.0,10541.0,27443.0,1609.0,5640.0,149200.0,24,1,15.555916295268734,94.4616549635137,5.5383450364863,8.323249018624008
"Anne Arundel County, Maryland",590936.0,120324.0,31842.0,315487.0,12479.0,103249.0,450300.0,24,3,5.388400774364737,96.19503241189635,3.804967588103645,17.4721120392056
"Baltimore County, Maryland",849586.0,90904.0,83082.0,451026.0,22608.0,135838.0,330000.0,24,5,9.77911594588423,95.22669402956714,4.773305970432866,15.988728627825788
"Calvert County, Maryland",93791.0,132059.0,3758.0,49240.0,1446.0,12614.0,440200.0,24,9,4.00678103442761,97.14714122242827,2.8528587775717162,13.44905161476048
"Caroline County, Maryland",33406.0,66368.0,4064.0,16691.0,899.0,2323.0,272400.0,24,11,12.165479255223612,94.88914155770324,5.11085844229676,6.953840627432198
"Carroll County, Maryland",174318.0,115876.0,9065.0,94756.0,3019.0,29204.0,406400.0,24,13,5.200266180199406,96.91229864484787,3.0877013551521353,16.753289964318085
"Cecil County, Maryland",104366.0,91146.0,11202.0,51871.0,2385.0,11635.0,311800.0,24,15,10.733380602878333,95.60417281038042,4.395827189619581,11.148266676887108
"Charles County, Maryland",168710.0,120592.0,11077.0,90686.0,4693.0,20308.0,402300.0,24,17,6.565704463280185,95.07962968787679,4.920370312123214,12.037223638195721
"Dorchester County, Maryland",32612.0,60495.0,5225.0,15495.0,746.0,2521.0,252300.0,24,19,16.02170980007359,95.40668678037066,4.593313219629333,7.730283331289097
"Frederick County, Maryland",280341.0,120458.0,17361.0,153799.0,5294.0,47393.0,437700.0,24,21,6.192815178657421,96.67238659149051,3.327613408509488,16.90548296538858
"Garrett County, Maryland",28713.0,69031.0,3073.0,14229.0,659.0,2877.0,217000.0,24,23,10.702469264792951,95.5736163353036,4.4263836646964,10.019851635147843
"Harford County, Maryland",262509.0,111317.0,18271.0,141802.0,5365.0,41497.0,367300.0,24,25,6.960142318930018,96.35448164330319,3.6455183566968143,15.807838969330575
"Howard County, Maryland",333916.0,146982.0,16915.0,181188.0,6553.0,69773.0,576700.0,24,27,5.06564525209933,96.50955305447398,3.490446945526017,20.895374884701543
"Kent County, Maryland",19265.0,74402.0,1698.0,9846.0,274.0,2770.0,307100.0,24,29,8.813911237996367,97.29249011857708,2.707509881422925,14.378406436542953
"Montgomery County, Maryland",1057586.0,128733.0,74198.0,587388.0,28204.0,199428.0,615200.0,24,31,7.01578878691662,95.41839400122159,4.581605998778412,18.856906199590387
"Prince Georges County, Maryland",955584.0,100708.0,95468.0,532203.0,33983.0,133084.0,404300.0,24,33,9.990539816489184,93.99790881441787,6.002091185582123,13.9269807782466
"Queen Annes County, Maryland",50951.0,113347.0,3518.0,27854.0,1032.0,8205.0,441800.0,24,35,6.9046731173087865,96.42733504119643,3.572664958803572,16.103707483660774
"St. Marys County, Maryland",114372.0,114580.0,8344.0,59233.0,2279.0,15325.0,390900.0,24,37,7.295491903612772,96.2950318637014,3.704968136298609,13.399258559787361
"Somerset County, Maryland",24685.0,52462.0,3963.0,9787.0,561.0,1916.0,164300.0,24,39,16.054283978124367,94.57866254348667,5.421337456513336,7.761798663155763
"Talbot County, Maryland",37707.0,84378.0,3799.0,17540.0,663.0,6614.0,398300.0,24,41,10.075052377542631,96.35774322913805,3.6422567708619455,17.540509719680696
"Washington County, Maryland",155033.0,74157.0,18367.0,74574.0,3636.0,14857.0,275900.0,24,43,11.847155121812776,95.35097813578827,4.649021864211737,9.58312101294563
"Wicomico County, Maryland",104117.0,72861.0,13995.0,55009.0,3521.0,11663.0,238900.0,24,45,13.441608959151724,93.9842815650094,6.015718434990603,11.201821028266277
"Worcester County, Maryland",53279.0,81455.0,4263.0,26736.0,1724.0,8061.0,348100.0,24,47,8.00127630023086,93.94237526352775,6.057624736472242,15.129788472005856
"Baltimore city, Maryland",577193.0,59623.0,111877.0,292156.0,19141.0,73130.0,219300.0,24,510,19.382944699606544,93.85120961653983,6.1487903834601685,12.669938824621921
"Barnstable County, Massachusetts",230073.0,94452.0,16909.0,118753.0,5492.0,46953.0,575900.0,25,1,7.349406492721876,95.57970139643447,4.420298603565536,20.40787054543558
"Berkshire County, Massachusetts",128047.0,72565.0,13481.0,66934.0,3780.0,19480.0,283800.0,25,3,10.528165439252774,94.65452385666204,5.345476143337953,15.213163916374455
"Bristol County, Massachusetts",578436.0,84198.0,65846.0,308652.0,17275.0,79826.0,421800.0,25,5,11.383454695074304,94.69973337587865,5.3002666241213525,13.80031671611034
"Dukes County, Massachusetts",20751.0,102348.0,1102.0,11697.0,789.0,4170.0,1104100.0,25,7,5.310587441569082,93.68092263334935,6.319077366650648,20.095417088333093
"Essex County, Massachusetts",807258.0,99431.0,74235.0,446375.0,22621.0,140926.0,584000.0,25,9,9.195944790884699,95.17671792509958,4.823282074900426,17.457368028560882
"Franklin County, Massachusetts",70922.0,72584.0,8508.0,37931.0,2366.0,11576.0,303400.0,25,11,11.996277600744481,94.1285951807827,5.871404819217312,16.32215673556865
"Hampden County, Massachusetts",462853.0,70535.0,70787.0,228511.0,13781.0,54356.0,276300.0,25,13,15.293624541701146,94.31223482409654,5.687765175903455,11.743685360146742
"Hampshire County, Massachusetts",156595.0,86391.0,14750.0,84102.0,4265.0,24534.0,363400.0,25,15,9.419202401098376,95.17353763282674,4.826462367173266,15.667166895494747
"Middlesex County, Massachusetts",1622896.0,126779.0,118146.0,937222.0,39746.0,330513.0,687200.0,25,17,7.279948930800248,95.931698888807,4.068301111192997,20.365630329978014
"Nantucket County, Massachusetts",14299.0,119750.0,428.0,8590.0,455.0,3878.0,1387000.0,25,19,2.9932163088327854,94.96959646213378,5.030403537866224,27.12077767676061
"Norfolk County, Massachusetts",724540.0,126497.0,46980.0,411077.0,20280.0,153763.0,649400.0,25,21,6.484114058575095,95.2985578071064,4.701442192893589,21.22215474645982
"Plymouth County, Massachusetts",531889.0,109698.0,36987.0,289625.0,14847.0,96359.0,513000.0,25,23,6.953894515585018,95.12368953466985,4.876310465330145,18.1163739050817
"Suffolk County, Massachusetts",782172.0,92859.0,121929.0,469142.0,29162.0,147849.0,680700.0,25,25,15.588515058069069,94.14774916516825,5.852250834831749,18.90236418588239
"Worcester County, Massachusetts",861664.0,93561.0,86428.0,468291.0,25023.0,135457.0,390700.0,25,27,10.030359861848702,94.92757148590958,5.072428514090417,15.72039681360716
"Alcona County, Michigan",10310.0,53568.0,1463.0,3835.0,191.0,1073.0,157500.0,26,1,14.190106692531524,95.25583705911575,4.7441629408842525,10.40737148399612
"Alger County, Michigan",8813.0,59406.0,794.0,3131.0,197.0,947.0,165700.0,26,3,9.009417905367071,94.08052884615384,5.919471153846153,10.74548961761035
"Allegan County, Michigan",120913.0,80255.0,11186.0,59322.0,1791.0,14721.0,247000.0,26,5,9.251279845839571,97.06936331058859,2.9306366894114184,12.174869534293252
"Alpena County, Michigan",28908.0,51909.0,4815.0,12884.0,914.0,2435.0,137800.0,26,7,16.65628891656289,93.37585157269169,6.624148427308306,8.42327383423274
"Antrim County, Michigan",23876.0,71421.0,2239.0,11240.0,457.0,3855.0,222500.0,26,9,9.377617691405597,96.09301530306917,3.9069846969308366,16.14592058971352
"Arenac County, Michigan",15054.0,56989.0,1996.0,6697.0,419.0,1193.0,129000.0,26,11,13.25893450245782,94.11186059584035,5.888139404159641,7.924804038793676
"Baraga County, Michigan",8249.0,55117.0,973.0,3133.0,201.0,663.0,124400.0,26,13,11.795369135652807,93.97120575884823,6.02879424115177,8.037337859134439
"Barry County, Michigan",62982.0,77873.0,5087.0,30622.0,1595.0,7391.0,243700.0,26,15,8.076910863421295,95.04919762858118,4.950802371418816,11.735098917150932
"Bay County, Michigan",103235.0,60523.0,14358.0,50453.0,2304.0,10924.0,135100.0,26,17,13.908073812176102,95.63280702086927,4.367192979130731,10.581682568896207
"Benzie County, Michigan",18177.0,72603.0,1824.0,8392.0,347.0,2950.0,254400.0,26,19,10.034659184683942,96.02929396956173,3.9707060304382655,16.229300764702646
"Berrien County, Michigan",153411.0,63152.0,22818.0,75017.0,4847.0,19480.0,211400.0,26,21,14.873770459745389,93.93093258539518,6.069067414604828,12.69791605556316
"Branch County, Michigan",44914.0,61958.0,6607.0,20300.0,1049.0,3708.0,147500.0,26,23,14.71033530747651,95.08642090964447,4.91357909035552,8.255777708509596
"Calhoun County, Michigan",133846.0,60385.0,18521.0,63247.0,4276.0,13333.0,151500.0,26,25,13.837544640855908,93.66734297942924,6.332657020570768,9.96144823154969
"Cass County, Michigan",51606.0,68011.0,6752.0,25008.0,1153.0,4951.0,205200.0,26,27,13.08374995155602,95.59267612094338,4.407323879056611,9.593845676859281
"Charlevoix County, Michigan",26143.0,76495.0,2239.0,12989.0,492.0,4034.0,242800.0,26,29,8.564434074130743,96.35041910837475,3.6495808916252503,15.43051677313239
"Cheboygan County, Michigan",25778.0,61619.0,3253.0,11388.0,797.0,2695.0,175200.0,26,31,12.619287764760648,93.45917111202297,6.540828887977021,10.454651253006439
"Chippewa County, Michigan",36448.0,60631.0,5077.0,16387.0,1004.0,3464.0,153100.0,26,33,13.92943371378402,94.22689897073198,5.7731010292680125,9.50395083406497
"Clare County, Michigan",31109.0,49805.0,6488.0,11898.0,1014.0,1771.0,117400.0,26,35,20.855700922562605,92.14684014869889,7.853159851301116,5.692886302999132
"Clinton County, Michigan",79419.0,85928.0,7344.0,41242.0,1534.0,11766.0,243700.0,26,37,9.247157481207267,96.41387694034039,3.5861230596596223,14.815094624711971
"Crawford County, Michigan",13271.0,58614.0,1930.0,5521.0,395.0,1211.0,149900.0,26,39,14.542988471102403,93.32319134550372,6.6768086544962815,9.125160123577727
"Delta County, Michigan",36829.0,54829.0,5066.0,15762.0,808.0,3905.0,146800.0,26,41,13.755464443780715,95.12371756185878,4.876282438141219,10.603057373265633
"Dickinson County, Michigan",25940.0,61882.0,2505.0,12348.0,501.0,3237.0,130300.0,26,43,9.656900539707017,96.10086388045762,3.899136119542377,12.478797224363916
"Eaton County, Michigan",109000.0,78025.0,8305.0,56474.0,2513.0,15490.0,206700.0,26,45,7.6192660550458715,95.73973926458372,4.260260735416279,14.211009174311926
"Emmet County, Michigan",34159.0,73724.0,3145.0,17373.0,617.0,5855.0,275300.0,26,47,9.206943997189613,96.57031684269039,3.4296831573096167,17.140431511461106
"Genesee County, Michigan",404087.0,60673.0,63645.0,188955.0,15690.0,41695.0,172900.0,26,49,15.75032109421981,92.33306457524006,7.66693542475995,10.318322539453137
"Gladwin County, Michigan",25543.0,55576.0,3335.0,10220.0,638.0,2057.0,153200.0,26,51,13.05641467329601,94.12414809357156,5.87585190642844,8.05308695141526
"Gogebic County, Michigan",14348.0,49672.0,2100.0,6367.0,437.0,1578.0,99700.0,26,53,14.63618622804572,93.57730746619636,6.422692533803645,10.998048508502928
"Grand Traverse County, Michigan",95757.0,79486.0,8091.0,50639.0,1828.0,16401.0,296200.0,26,55,8.44951282934929,96.51590523567195,3.4840947643280535,17.127729565462577
"Gratiot County, Michigan",41478.0,61128.0,5050.0,18026.0,853.0,3738.0,136800.0,26,57,12.175128984039732,95.48175221145188,4.5182477885481225,9.012006364819905
"Hillsdale County, Michigan",45658.0,60869.0,6830.0,21192.0,947.0,3838.0,170500.0,26,59,14.959043322090324,95.72248069018474,4.277519309815258,8.405974856542118
"Houghton County, Michigan",37428.0,56573.0,5326.0,18015.0,1020.0,4459.0,140300.0,26,61,14.22998824409533,94.6414499605989,5.358550039401103,11.913540664742973
"Huron County, Michigan",31258.0,56963.0,3757.0,14372.0,658.0,2739.0,141300.0,26,63,12.019323053298356,95.62208915502327,4.3779108449767135,8.762556785462921
"Ingham County, Michigan",282015.0,64354.0,43352.0,149977.0,9523.0,39479.0,187500.0,26,65,15.372231973476588,94.02946708463949,5.970532915360502,13.998900767689662
"Ionia County, Michigan",66706.0,73436.0,7186.0,32082.0,1575.0,6042.0,189400.0,26,67,10.772644139957425,95.32043854175951,4.679561458240484,9.057655982970047
"Iosco County, Michigan",25333.0,47777.0,4166.0,10041.0,732.0,2072.0,122900.0,26,69,16.444953223068726,93.20523531049847,6.794764689501531,8.179054987565626
"Iron County, Michigan",11650.0,53614.0,1909.0,4662.0,221.0,1248.0,101500.0,26,71,16.386266094420602,95.47409379479828,4.5259062052017205,10.71244635193133
"Isabella County, Michigan",64475.0,53759.0,13723.0,33932.0,2306.0,6201.0,165100.0,26,73,21.2842186894145,93.6365141564104,6.363485843589602,9.61768127181078
"Jackson County, Michigan",160187.0,65004.0,18352.0,73712.0,4282.0,17268.0,182900.0,26,75,11.456610086960865,94.50983408980179,5.490165910198221,10.779900990717099
"Kalamazoo County, Michigan",261437.0,70525.0,33669.0,139811.0,7887.0,40744.0,227500.0,26,77,12.878437252569451,94.66004956058985,5.339950439410147,15.584634156603695
"Kalkaska County, Michigan",18116.0,60365.0,2529.0,8084.0,346.0,1507.0,174300.0,26,79,13.960035327886953,95.89561091340451,4.104389086595493,8.318613380437183
"Kent County, Michigan",658844.0,80390.0,68503.0,358730.0,14918.0,112569.0,265700.0,26,81,10.397453721973639,96.00747227336959,3.9925277266304113,17.08583519012088
"Keweenaw County, Michigan",2106.0,53893.0,183.0,836.0,40.0,436.0,181400.0,26,83,8.68945868945869,95.4337899543379,4.5662100456621,20.70275403608737
"Lake County, Michigan",12393.0,49680.0,2489.0,4580.0,346.0,893.0,122900.0,26,85,20.083918340998952,92.9760454730004,7.023954526999594,7.205680626159928
"Lapeer County, Michigan",88703.0,76228.0,8509.0,43366.0,2210.0,8526.0,229100.0,26,87,9.592685703978445,95.15095664384764,4.849043356152361,9.611850782949844
"Leelanau County, Michigan",22607.0,91943.0,1595.0,10302.0,398.0,5219.0,406900.0,26,89,7.055336842570885,96.2803738317757,3.7196261682242993,23.085769894280535
"Lenawee County, Michigan",98823.0,67013.0,10915.0,46493.0,2511.0,9915.0,181100.0,26,91,11.044999645831435,94.875928495633,5.124071504366991,10.033089462979266
"Livingston County, Michigan",195143.0,101315.0,9525.0,102366.0,3754.0,37008.0,331100.0,26,93,4.881035958246004,96.46249528835281,3.5375047116471916,18.964554198715813
"Luce County, Michigan",6325.0,54338.0,912.0,2242.0,222.0,511.0,110400.0,26,95,14.418972332015812,90.99025974025975,9.009740259740258,8.079051383399209
"Mackinac County, Michigan",10865.0,58598.0,1804.0,4760.0,449.0,1282.0,165600.0,26,97,16.60377358490566,91.38030332117489,8.619696678825111,11.79935572940635
"Macomb County, Michigan",877624.0,76399.0,85357.0,458458.0,26522.0,109806.0,231400.0,26,99,9.725919072404583,94.5313208792115,5.468679120788486,12.511736233284413
"Manistee County, Michigan",25247.0,60879.0,2813.0,10477.0,652.0,3161.0,166600.0,26,101,11.141917851625935,94.14143229400665,5.858567705993351,12.520299441517805
"Marquette County, Michigan",66430.0,64675.0,8538.0,32786.0,1606.0,10842.0,202000.0,26,103,12.852626825229565,95.3303093742731,4.669690625726913,16.320939334637966
"Mason County, Michigan",29177.0,62296.0,4214.0,13012.0,605.0,3250.0,199300.0,26,105,14.442883092847106,95.55702430785048,4.442975692149519,11.138910785892998
"Mecosta County, Michigan",40321.0,57774.0,7296.0,18023.0,898.0,3917.0,169900.0,26,107,18.094789315741178,95.25395063685852,4.746049363141483,9.714540809999752
"Menominee County, Michigan",23295.0,55688.0,2780.0,11003.0,618.0,2196.0,142700.0,26,109,11.93389139300279,94.68204113243267,5.317958867567335,9.426915647134578
"Midland County, Michigan",83641.0,77538.0,8986.0,40277.0,1931.0,13148.0,184300.0,26,111,10.743534869262682,95.42503790750568,4.574962092494314,15.719563372030462
"Missaukee County, Michigan",15156.0,61868.0,1618.0,6954.0,502.0,1307.0,163700.0,26,113,10.675640010556876,93.26716738197425,6.732832618025751,8.62364740036949
"Monroe County, Michigan",155001.0,75272.0,16914.0,75331.0,3786.0,16562.0,215700.0,26,115,10.912187663305398,95.21468205316177,4.7853179468382265,10.685092354242876
"Montcalm County, Michigan",67174.0,64892.0,7720.0,30545.0,1227.0,4779.0,172100.0,26,117,11.4925417572275,96.13810902681607,3.8618909731839355,7.1143597225116855
"Montmorency County, Michigan",9372.0,47803.0,1659.0,3477.0,211.0,774.0,142000.0,26,119,17.701664532650447,94.27874186550976,5.721258134490238,8.25864276568502
"Muskegon County, Michigan",175378.0,63495.0,21347.0,83196.0,5691.0,18266.0,180900.0,26,121,12.171994206799027,93.59748894664011,6.402511053359884,10.415217416095519
"Newaygo County, Michigan",50414.0,61931.0,7115.0,22904.0,1014.0,4477.0,178300.0,26,123,14.113143174515017,95.76051509323523,4.23948490676478,8.880469710794621
"Oakland County, Michigan",1272294.0,95296.0,96989.0,693475.0,32992.0,258455.0,320400.0,26,125,7.623159426987787,95.45856866175613,4.541431338243857,20.3140940694525
"Oceana County, Michigan",26788.0,63624.0,3499.0,12141.0,687.0,2610.0,167600.0,26,127,13.06181872480215,94.644527595884,5.3554724041159965,9.743168582947588
"Ogemaw County, Michigan",20853.0,51983.0,3569.0,8353.0,610.0,1697.0,138600.0,26,129,17.115043399031315,93.19424299899588,6.805757001004128,8.13791780559152
"Ontonagon County, Michigan",5870.0,51844.0,731.0,2212.0,168.0,506.0,101000.0,26,131,12.453151618398637,92.94117647058823,7.0588235294117645,8.620102214650768
"Osceola County, Michigan",23122.0,57050.0,3602.0,9713.0,636.0,1785.0,139600.0,26,133,15.578237176714818,93.85447869359358,6.145521306406416,7.719920422108814
"Oscoda County, Michigan",8338.0,50581.0,1302.0,3071.0,270.0,647.0,126000.0,26,135,15.61525545694411,91.91858724932655,8.08141275067345,7.7596545934276815
"Otsego County, Michigan",25352.0,67285.0,2411.0,12797.0,571.0,3044.0,196500.0,26,137,9.51009782265699,95.72860562537403,4.271394374625973,12.00694225307668
"Ottawa County, Michigan",298614.0,87144.0,23541.0,160524.0,5809.0,46554.0,291200.0,26,139,7.883421406899878,96.50760823167982,3.4923917683201773,15.590025919749243
"Presque Isle County, Michigan",13142.0,56713.0,1589.0,5042.0,319.0,1428.0,135200.0,26,141,12.091005935169685,94.0496176086551,5.950382391344898,10.865926038654695
"Roscommon County, Michigan",23639.0,54106.0,3593.0,8833.0,428.0,2258.0,148000.0,26,143,15.199458521934092,95.3784688478566,4.621531152143397,9.5520115064089
"Saginaw County, Michigan",189210.0,58347.0,33133.0,87113.0,5792.0,19466.0,139400.0,26,145,17.511230907457325,93.76567461385285,6.234325386147139,10.288039744199565
"St. Clair County, Michigan",160089.0,69349.0,17388.0,79513.0,5088.0,14712.0,213900.0,26,147,10.86145831381294,93.98588669164667,6.014113308353329,9.189888124730619
"St. Joseph County, Michigan",60870.0,64707.0,7186.0,29140.0,1524.0,4453.0,167600.0,26,149,11.805487103663545,95.03000260892252,4.969997391077485,7.3155906029242646
"Sanilac County, Michigan",40574.0,59074.0,5593.0,18498.0,1133.0,3001.0,162200.0,26,151,13.784689702765318,94.22851612245937,5.771483877540624,7.396362202395624
"Schoolcraft County, Michigan",8093.0,57708.0,1179.0,3467.0,231.0,816.0,123500.0,26,153,14.568145310762388,93.75338020551649,6.246619794483505,10.082787594217226
"Shiawassee County, Michigan",68061.0,64464.0,7854.0,32897.0,1436.0,6494.0,164600.0,26,155,11.539648256710892,95.81743512072933,4.182564879270672,9.541440766371343
"Tuscola County, Michigan",53071.0,62847.0,6616.0,24190.0,1488.0,4036.0,136900.0,26,157,12.466318705130861,94.20515616481035,5.794843835189656,7.604906634508489
"Van Buren County, Michigan",75681.0,66902.0,10340.0,35097.0,1557.0,7564.0,189900.0,26,159,13.662610166356155,95.75216893108528,4.247831068914716,9.994582524015275
"Washtenaw County, Michigan",368394.0,87156.0,48323.0,195937.0,8556.0,63851.0,353000.0,26,161,13.117206034843129,95.8159937014959,4.184006298504105,17.332258397259455
"Wayne County, Michigan",1773767.0,59521.0,353134.0,830901.0,72093.0,195928.0,170200.0,26,163,19.90870277776055,92.01622602143536,7.983773978564641,11.045870173478253
"Wexford County, Michigan",33868.0,63123.0,4301.0,15068.0,857.0,3244.0,160300.0,26,165,12.699303177040274,94.61852433281005,5.381475667189953,9.578363056572575
"Aitkin County, Minnesota",15930.0,59498.0,1937.0,6607.0,385.0,1615.0,235100.0,27,1,12.159447583176398,94.49370709382151,5.50629290617849,10.138104205900817
"Anoka County, Minnesota",367095.0,98764.0,24172.0,202964.0,7966.0,57286.0,325800.0,27,3,6.5846715427886515,96.2233916465178,3.7766083534821977,15.60522480556804
"Becker County, Minnesota",35260.0,71117.0,3802.0,17092.0,680.0,4594.0,266900.0,27,5,10.782756664775949,96.17375647085302,3.8262435291469727,13.028927963698242
"Beltrami County, Minnesota",46421.0,67257.0,7084.0,22932.0,1176.0,5869.0,222300.0,27,7,15.26033476228431,95.1219512195122,4.878048780487805,12.642984855991902
"Benton County, Minnesota",41458.0,71480.0,3976.0,22916.0,927.0,4761.0,247100.0,27,9,9.590428867769791,96.11206643459296,3.8879335654070375,11.483911428433595
"Big Stone County, Minnesota",5152.0,65475.0,572.0,2347.0,70.0,486.0,135700.0,27,11,11.102484472049689,97.10384774513861,2.8961522548613985,9.433229813664596
"Blue Earth County, Minnesota",69386.0,72623.0,10695.0,39727.0,1664.0,9436.0,252800.0,27,13,15.413772230709366,95.97980237249644,4.020197627503563,13.599285158389302
"Brown County, Minnesota",25826.0,68690.0,1908.0,13673.0,351.0,2950.0,181700.0,27,15,7.3879036629752965,97.4971477467199,2.502852253280091,11.422597382482769
"Carlton County, Minnesota",36457.0,80042.0,3846.0,17636.0,711.0,4419.0,232000.0,27,17,10.549414378582988,96.12470703657273,3.8752929634272633,12.121129001289189
"Carver County, Minnesota",108622.0,123144.0,4534.0,61540.0,1910.0,24514.0,426900.0,27,19,4.174108375835466,96.98975571315997,3.0102442868400314,22.5681721934783
"Cass County, Minnesota",30688.0,64937.0,3861.0,14036.0,831.0,4084.0,262300.0,27,21,12.581465067778936,94.41043922782,5.589560772179996,13.308133472367048
"Chippewa County, Minnesota",12388.0,69192.0,1748.0,6204.0,270.0,1133.0,149000.0,27,23,14.11042944785276,95.8294717330862,4.170528266913809,9.145947691314175
"Chisago County, Minnesota",57434.0,98260.0,3322.0,31112.0,1211.0,6754.0,326600.0,27,25,5.784030365288853,96.2534418216131,3.7465581783869073,11.759584914858795
"Clay County, Minnesota",65628.0,77664.0,9003.0,35887.0,1395.0,10454.0,256000.0,27,27,13.718230023770342,96.25824794807146,3.7417520519285445,15.929176570975804
"Clearwater County, Minnesota",8579.0,64934.0,940.0,3889.0,286.0,756.0,177100.0,27,29,10.956987993938688,93.1497005988024,6.850299401197605,8.81221587597622
"Cook County, Minnesota",5633.0,71643.0,628.0,2985.0,73.0,1247.0,294000.0,27,31,11.148588673886028,97.61281883584041,2.3871811641595815,22.137404580152673
"Cottonwood County, Minnesota",11458.0,68239.0,1594.0,5637.0,218.0,1310.0,154000.0,27,33,13.911677430616162,96.27668659265585,3.7233134073441505,11.433059870832606
"Crow Wing County, Minnesota",67113.0,71343.0,6390.0,33012.0,1704.0,9315.0,274400.0,27,35,9.521255196459702,95.09160041479433,4.908399585205669,13.879576237092664
"Dakota County, Minnesota",442204.0,105212.0,24512.0,248319.0,8985.0,90169.0,362100.0,27,37,5.543142983781242,96.50802163977241,3.4919783602275904,20.390815098913624
"Dodge County, Minnesota",20962.0,92943.0,1127.0,11628.0,355.0,3006.0,267500.0,27,39,5.376395382120027,97.0374697488108,2.9625302511891847,14.340234710428396
"Douglas County, Minnesota",39354.0,77264.0,3213.0,20246.0,547.0,5627.0,291700.0,27,41,8.164354322305229,97.36930697831001,2.6306930216899915,14.298419474513391
"Faribault County, Minnesota",13909.0,64391.0,1609.0,7127.0,273.0,1622.0,120200.0,27,43,11.568049464375584,96.3108108108108,3.689189189189189,11.661514127543317
"Fillmore County, Minnesota",21346.0,75225.0,1858.0,11168.0,325.0,2351.0,204000.0,27,45,8.704206877166683,97.17219176890282,2.8278082310971895,11.013773072238358
"Freeborn County, Minnesota",30752.0,69012.0,2959.0,15355.0,579.0,2695.0,164900.0,27,47,9.622138397502601,96.36626082590686,3.633739174093134,8.763657648283038
"Goodhue County, Minnesota",47844.0,82749.0,4344.0,25034.0,898.0,6422.0,269400.0,27,49,9.0795084023075,96.53709702298319,3.462902977016813,13.422790736560488
"Grant County, Minnesota",6108.0,72957.0,645.0,3028.0,95.0,597.0,178600.0,27,51,10.55992141453831,96.95805315401857,3.0419468459814283,9.774066797642437
"Hennepin County, Minnesota",1268903.0,96339.0,124654.0,730808.0,31494.0,295747.0,376500.0,27,53,9.823761154319913,95.86856652612744,4.131433473872559,23.307297720944785
"Houston County, Minnesota",18768.0,77087.0,1213.0,9887.0,185.0,2764.0,226300.0,27,55,6.46312872975277,98.16322478157268,1.8367752184273234,14.727195225916454
"Hubbard County, Minnesota",21700.0,70622.0,2072.0,10113.0,463.0,3201.0,255900.0,27,57,9.548387096774194,95.62216338880484,4.377836611195159,14.751152073732717
"Isanti County, Minnesota",41934.0,86573.0,3238.0,22433.0,930.0,4103.0,283200.0,27,59,7.721657843277531,96.01934683045842,3.9806531695415828,9.784423141126531
"Itasca County, Minnesota",45141.0,66380.0,5593.0,20482.0,1184.0,5399.0,212000.0,27,61,12.390066679958354,94.53521646819902,5.464783531800978,11.960302164329544
"Jackson County, Minnesota",9964.0,69955.0,896.0,5340.0,128.0,1277.0,145400.0,27,63,8.992372541148134,97.65910753474762,2.3408924652523777,12.81613809714974
"Kanabec County, Minnesota",16261.0,71915.0,1562.0,7925.0,387.0,1164.0,221100.0,27,65,9.605805301026997,95.34408084696824,4.655919153031761,7.158231351085418
"Kandiyohi County, Minnesota",43757.0,75097.0,4260.0,23007.0,826.0,5644.0,230500.0,27,67,9.735585163516694,96.53421726177989,3.4657827382201147,12.898507667344653
"Kittson County, Minnesota",4163.0,69615.0,389.0,2081.0,92.0,611.0,134400.0,27,69,9.344222916166228,95.76622181316152,4.233778186838473,14.676915685803507
"Koochiching County, Minnesota",11950.0,69115.0,1247.0,5943.0,247.0,1331.0,143700.0,27,71,10.435146443514643,96.00969305331179,3.990306946688207,11.138075313807532
"Lac qui Parle County, Minnesota",6694.0,71639.0,520.0,3304.0,60.0,833.0,143400.0,27,73,7.768150582611294,98.21640903686088,1.78359096313912,12.443979683298476
"Lake County, Minnesota",10911.0,75621.0,893.0,5088.0,123.0,1326.0,222900.0,27,75,8.184401063147282,97.63960852043753,2.360391479562464,12.152873247181743
"Lake of the Woods County, Minnesota",3800.0,70091.0,306.0,2069.0,38.0,431.0,215000.0,27,77,8.052631578947368,98.19648789748457,1.8035121025154248,11.342105263157896
"Le Sueur County, Minnesota",28936.0,90218.0,2034.0,15953.0,650.0,3680.0,287700.0,27,79,7.029306054741498,96.08504487140878,3.9149551285912185,12.71772186895217
"Lincoln County, Minnesota",5594.0,67715.0,496.0,2822.0,77.0,672.0,152200.0,27,81,8.866642831605292,97.34391169368747,2.6560883063125216,12.012870933142652
"Lyon County, Minnesota",25498.0,72761.0,3076.0,13212.0,443.0,3341.0,193100.0,27,83,12.063691269903522,96.75576711827169,3.244232881728305,13.102988469683897
"McLeod County, Minnesota",36771.0,78468.0,2799.0,19990.0,662.0,3350.0,233400.0,27,85,7.611976829566778,96.79449932209955,3.2055006779004453,9.110440292621904
"Mahnomen County, Minnesota",5371.0,53925.0,1101.0,2219.0,227.0,335.0,146500.0,27,87,20.498975982126233,90.71954210956665,9.280457890433361,6.237199776577918
"Marshall County, Minnesota",8961.0,71701.0,655.0,4512.0,135.0,948.0,153300.0,27,89,7.309452070081464,97.09489993544223,2.905100064557779,10.579176431201876
"Martin County, Minnesota",19864.0,62969.0,2168.0,10243.0,449.0,2182.0,158800.0,27,91,10.914216673378977,95.80059857837637,4.199401421623644,10.98469593233991
"Meeker County, Minnesota",23422.0,75037.0,1915.0,12096.0,310.0,2239.0,228900.0,27,93,8.176073776791052,97.50120909237465,2.4987909076253425,9.559388609000086
"Mille Lacs County, Minnesota",26912.0,71455.0,2783.0,13893.0,607.0,2233.0,237500.0,27,95,10.341111771700357,95.81379310344828,4.186206896551725,8.297413793103448
"Morrison County, Minnesota",34131.0,68640.0,3341.0,17211.0,603.0,3134.0,237000.0,27,97,9.788755090680027,96.61502189289322,3.3849781071067704,9.182268319123379
"Mower County, Minnesota",40069.0,71495.0,4782.0,20231.0,758.0,4079.0,172000.0,27,99,11.934413137338092,96.3885844966411,3.611415503358902,10.179939604182785
"Murray County, Minnesota",8119.0,74475.0,647.0,4151.0,110.0,1036.0,179400.0,27,101,7.968961694789998,97.41844637409058,2.581553625909411,12.760192141889396
"Nicollet County, Minnesota",34350.0,80362.0,3061.0,19253.0,312.0,5237.0,258500.0,27,103,8.911208151382825,98.40531561461793,1.5946843853820596,15.24599708879185
"Nobles County, Minnesota",22067.0,65509.0,2729.0,10518.0,275.0,1825.0,179200.0,27,105,12.366882675488286,97.45205225609192,2.5479477439080886,8.270267820727783
"Norman County, Minnesota",6411.0,69833.0,641.0,3240.0,164.0,761.0,135700.0,27,107,9.998440180939012,95.18213866039953,4.81786133960047,11.870223054125722
"Olmsted County, Minnesota",163425.0,93494.0,12714.0,90223.0,3232.0,30188.0,304500.0,27,109,7.779715465810004,96.54165106200846,3.458348937991547,18.472081994798835
"Otter Tail County, Minnesota",60281.0,70912.0,5273.0,29764.0,1526.0,8019.0,252500.0,27,111,8.74736650022395,95.12304250559284,4.876957494407159,13.302699026227168
"Pennington County, Minnesota",13877.0,72561.0,1352.0,7615.0,211.0,1386.0,188900.0,27,113,9.74273978525618,97.3038589317659,2.6961410682340916,9.987749513583626
"Pine County, Minnesota",29411.0,69666.0,2931.0,13907.0,829.0,2501.0,225600.0,27,115,9.965659107136785,94.3743213897937,5.625678610206297,8.503621094148448
"Pipestone County, Minnesota",9352.0,66073.0,1043.0,4676.0,141.0,932.0,126700.0,27,117,11.152694610778443,97.07286692962424,2.9271330703757528,9.965782720273738
"Polk County, Minnesota",30905.0,69136.0,3467.0,15992.0,570.0,4248.0,211100.0,27,119,11.218249474195115,96.55838666827677,3.441613331723222,13.745348649085908
"Pope County, Minnesota",11363.0,72205.0,1094.0,5753.0,52.0,1386.0,242800.0,27,121,9.62773915339259,99.10422049956934,0.8957795004306632,12.197483059051308
"Ramsey County, Minnesota",544438.0,81004.0,65817.0,296611.0,13802.0,100769.0,304900.0,27,123,12.088979828740829,95.55366560034535,4.446334399654654,18.50881092061906
"Red Lake County, Minnesota",3922.0,77500.0,305.0,2051.0,31.0,392.0,157200.0,27,125,7.776644569097399,98.51104707012487,1.48895292987512,9.994900560938296
"Redwood County, Minnesota",15383.0,67024.0,1812.0,7380.0,142.0,1585.0,150400.0,27,127,11.779236819866085,98.11220420101037,1.8877957989896306,10.30358187609699
"Renville County, Minnesota",14587.0,69086.0,1531.0,7228.0,180.0,1492.0,151900.0,27,129,10.49564680880236,97.57019438444925,2.429805615550756,10.228285459655858
"Rice County, Minnesota",67389.0,82792.0,5550.0,35212.0,1624.0,7825.0,298500.0,27,131,8.235765481013221,95.59126941035943,4.4087305896405695,11.611687367374497
"Rock County, Minnesota",9628.0,70698.0,889.0,5175.0,133.0,1247.0,201600.0,27,133,9.233485666805151,97.49434815373021,2.505651846269781,12.951807228915662
"Roseau County, Minnesota",15301.0,73611.0,1654.0,8098.0,341.0,1701.0,177100.0,27,135,10.809750996666885,95.95923687640716,4.040763123592843,11.116920462714855
"St. Louis County, Minnesota",200056.0,69455.0,25849.0,102078.0,4560.0,28652.0,208500.0,27,137,12.920882152997159,95.72385078489845,4.276149215101559,14.321989842844005
"Scott County, Minnesota",152957.0,120247.0,6230.0,88523.0,2633.0,30298.0,393500.0,27,139,4.073040135462907,97.11154504366142,2.888454956338584,19.808181384310622
"Sherburne County, Minnesota",99178.0,102965.0,4702.0,55244.0,1807.0,13010.0,332700.0,27,141,4.740970779810039,96.83265849853639,3.1673415014636026,13.117828550686644
"Sibley County, Minnesota",14933.0,76082.0,1460.0,8025.0,312.0,1594.0,215000.0,27,143,9.77700395098105,96.25764663548038,3.7423533645196114,10.674345409495748
"Stearns County, Minnesota",159358.0,76447.0,18584.0,87699.0,3778.0,18445.0,256500.0,27,145,11.661792944188557,95.8700001093171,4.129999890682904,11.574567953915084
"Steele County, Minnesota",37413.0,83448.0,2746.0,19500.0,597.0,5199.0,234200.0,27,147,7.339694758506401,97.02940737423495,2.9705926257650397,13.896239275118274
"Stevens County, Minnesota",9686.0,71060.0,959.0,5110.0,79.0,1333.0,180800.0,27,149,9.900887879413586,98.47754866062826,1.5224513393717478,13.762130910592607
"Swift County, Minnesota",9787.0,62601.0,1041.0,4703.0,188.0,1292.0,147100.0,27,151,10.636558700316746,96.15620527499489,3.843794725005111,13.201185245734138
"Todd County, Minnesota",25402.0,63039.0,2945.0,11930.0,540.0,1885.0,188400.0,27,153,11.593575309030784,95.66960705693664,4.330392943063352,7.420675537359263
"Traverse County, Minnesota",3279.0,65931.0,321.0,1623.0,80.0,302.0,110100.0,27,155,9.789569990850868,95.30240751614797,4.697592483852025,9.210125038121378
"Wabasha County, Minnesota",21519.0,80133.0,1797.0,11395.0,256.0,2798.0,245800.0,27,157,8.35075979367071,97.80276371126942,2.197236288730581,13.002462939727682
"Wadena County, Minnesota",14135.0,56882.0,1570.0,6971.0,406.0,1248.0,170500.0,27,159,11.107180756986205,94.49640775382947,5.5035922461705304,8.829147506190308
"Waseca County, Minnesota",18958.0,75052.0,1309.0,9785.0,388.0,2105.0,213200.0,27,161,6.904736786580863,96.18598250270324,3.8140174972967658,11.103491929528431
"Washington County, Minnesota",272298.0,114457.0,13484.0,146800.0,4850.0,58213.0,400900.0,27,163,4.95192766748195,96.8018463567425,3.198153643257501,21.378416293913286
"Watonwan County, Minnesota",11169.0,70593.0,1438.0,5590.0,308.0,1001.0,151600.0,27,165,12.874921658160982,94.77789081044422,5.222109189555782,8.96230638374071
"Wilkin County, Minnesota",6413.0,69635.0,921.0,3226.0,153.0,762.0,172300.0,27,167,14.361453297988461,95.47203314590116,4.527966854098846,11.882114455013253
"Winona County, Minnesota",49705.0,70198.0,6239.0,28544.0,865.0,6535.0,222900.0,27,169,12.552057137108944,97.05872352001089,2.941276479989119,13.147570666934916
"Wright County, Minnesota",145270.0,106666.0,7128.0,80214.0,1717.0,23133.0,332800.0,27,171,4.906725407861224,97.90433413482076,2.095665865179236,15.924141254216288
"Yellow Medicine County, Minnesota",9509.0,71573.0,795.0,4910.0,168.0,917.0,148200.0,27,173,8.360500578399412,96.69161087042143,3.308389129578574,9.643495635713535
"Adams County, Mississippi",29098.0,40250.0,7682.0,10729.0,869.0,2387.0,106300.0,28,1,26.400439892776134,92.5073288498017,7.49267115019831,8.203312942470273
"Alcorn County, Mississippi",34500.0,49404.0,5863.0,15321.0,892.0,2822.0,132300.0,28,3,16.994202898550725,94.49824215136002,5.50175784863998,8.179710144927537
"Amite County, Mississippi",12611.0,35385.0,3379.0,4121.0,273.0,353.0,89800.0,28,5,26.79406867020855,93.78698224852072,6.21301775147929,2.7991436047894696
"Attala County, Mississippi",17685.0,48098.0,3586.0,7822.0,473.0,1136.0,107600.0,28,7,20.277070964093866,94.29776974080771,5.702230259192285,6.423522759400623
"Benton County, Mississippi",7592.0,42139.0,1316.0,3299.0,90.0,382.0,109300.0,28,9,17.33403582718651,97.34434936559457,2.655650634405429,5.031612223393045
"Bolivar County, Mississippi",30163.0,37315.0,9404.0,11738.0,878.0,3087.0,123600.0,28,11,31.17727016543447,93.04058338617628,6.9594166138237155,10.234393130656764
"Calhoun County, Mississippi",13029.0,43942.0,2381.0,5692.0,210.0,756.0,82900.0,28,13,18.27461815949037,96.44188410708234,3.558115892917655,5.802440709187198
"Carroll County, Mississippi",9828.0,55275.0,2094.0,3767.0,98.0,1079.0,105500.0,28,15,21.306471306471305,97.46442432082794,2.535575679172057,10.978835978835978
"Chickasaw County, Mississippi",16994.0,43041.0,3964.0,7049.0,279.0,884.0,100400.0,28,17,23.325879722254914,96.19268558951966,3.8073144104803496,5.20183594209721
"Choctaw County, Mississippi",8172.0,48321.0,1276.0,3329.0,276.0,600.0,104500.0,28,19,15.61429270680372,92.34396671289875,7.6560332871012475,7.342143906020558
"Claiborne County, Mississippi",8908.0,34371.0,2134.0,2702.0,236.0,371.0,80800.0,28,21,23.95599461158509,91.96732471068755,8.032675289312458,4.1647956892680735
"Clarke County, Mississippi",15424.0,46054.0,2934.0,6360.0,457.0,1125.0,114300.0,28,23,19.022302904564313,93.29617133636498,6.703828663635029,7.293827800829876
"Clay County, Mississippi",18462.0,39904.0,4496.0,7532.0,504.0,1400.0,115600.0,28,25,24.35272451522045,93.72822299651567,6.2717770034843205,7.5831437547394644
"Coahoma County, Mississippi",20808.0,36259.0,7331.0,8279.0,840.0,1477.0,86400.0,28,27,35.23164167627835,90.78846364732975,9.21153635267025,7.0982314494425225
"Copiah County, Mississippi",27994.0,47994.0,6184.0,11328.0,719.0,2529.0,105600.0,28,29,22.090447953132813,94.03170913920478,5.968290860795219,9.034078731156676
"Covington County, Mississippi",18226.0,47001.0,3173.0,7967.0,373.0,1268.0,98500.0,28,31,17.40919565455942,95.52757793764988,4.47242206235012,6.957094260945901
"DeSoto County, Mississippi",188598.0,82980.0,18650.0,98076.0,3670.0,22812.0,248700.0,28,33,9.888758099237533,96.39297859375307,3.607021406246928,12.095568351732256
"Forrest County, Mississippi",78027.0,52821.0,15850.0,39043.0,2440.0,7831.0,152900.0,28,35,20.313481230855988,94.11807246341874,5.881927536581251,10.036269496456354
"Franklin County, Mississippi",7655.0,45618.0,1753.0,2770.0,119.0,577.0,95100.0,28,37,22.900065316786414,95.88092765662859,4.119072343371409,7.537557152188112
"George County, Mississippi",24870.0,54822.0,4496.0,9276.0,788.0,1984.0,168100.0,28,39,18.078005629272216,92.17011128775835,7.829888712241654,7.977482911137917
"Greene County, Mississippi",13595.0,55838.0,2004.0,3655.0,387.0,717.0,94200.0,28,41,14.740713497609415,90.42553191489363,9.574468085106384,5.273997793306362
"Grenada County, Mississippi",21342.0,47998.0,4664.0,9441.0,411.0,2055.0,123400.0,28,43,21.853621966076282,95.82825822168087,4.171741778319123,9.62890075906663
"Hancock County, Mississippi",46057.0,67728.0,6083.0,22295.0,1190.0,4642.0,206600.0,28,45,13.20754716981132,94.93293591654248,5.067064083457526,10.078815380941007
"Harrison County, Mississippi",209443.0,57233.0,35642.0,94855.0,7213.0,22638.0,199300.0,28,47,17.017517892696343,92.93314261080849,7.06685738919152,10.80866870699904
"Hinds County, Mississippi",222494.0,49966.0,46201.0,105615.0,8154.0,25831.0,151200.0,28,49,20.765054338543962,92.83284550272921,7.167154497270785,11.609751274191664
"Holmes County, Mississippi",16491.0,29434.0,5904.0,5747.0,507.0,1020.0,76500.0,28,51,35.801346188830266,91.89318835944995,8.106811640550047,6.185191922867019
"Humphreys County, Mississippi",7570.0,32976.0,1976.0,3082.0,486.0,500.0,88800.0,28,53,26.10303830911493,86.37892376681614,13.621076233183857,6.605019815059446
"Issaquena County, Mississippi",1095.0,29271.0,127.0,196.0,16.0,33.0,90700.0,28,55,11.598173515981735,92.45283018867924,7.547169811320755,3.0136986301369864
"Itawamba County, Mississippi",23942.0,59508.0,2423.0,11389.0,334.0,1400.0,122400.0,28,57,10.120290702531117,97.15089994028833,2.849100059711678,5.847464706373737
"Jackson County, Mississippi",144437.0,64756.0,20160.0,68251.0,5062.0,16576.0,181700.0,28,59,13.957642432340744,93.0953582584262,6.9046417415737995,11.47628377770239
"Jasper County, Mississippi",16211.0,47157.0,3036.0,6416.0,255.0,967.0,118600.0,28,61,18.728024181111593,96.17748463498725,3.8225153650127415,5.965085435815187
"Jefferson County, Mississippi",7127.0,36207.0,1909.0,2350.0,118.0,591.0,81400.0,28,63,26.785463729479442,95.21880064829821,4.781199351701783,8.292409148309247
"Jefferson Davis County, Mississippi",11183.0,37183.0,2770.0,4788.0,397.0,628.0,87100.0,28,65,24.769739783600105,92.34329797492768,7.656702025072323,5.615666636859519
"Jones County, Mississippi",66839.0,51143.0,13571.0,28908.0,1037.0,5406.0,126800.0,28,67,20.304014123490777,96.53698447153114,3.4630155284688593,8.088092281452445
"Kemper County, Mississippi",8855.0,43595.0,1978.0,3766.0,416.0,610.0,90200.0,28,69,22.337662337662337,90.05260640841702,9.947393591582975,6.888763410502541
"Lafayette County, Mississippi",56920.0,64334.0,9533.0,26090.0,471.0,7665.0,260500.0,28,71,16.748067463106114,98.22672339143857,1.7732766085614244,13.466268446943078
"Lamar County, Mississippi",65081.0,69106.0,10386.0,31922.0,1659.0,8837.0,218700.0,28,73,15.95857469922097,95.05970638158483,4.940293618415175,13.578463760544551
"Lauderdale County, Mississippi",71984.0,50033.0,17243.0,30949.0,1728.0,6623.0,124500.0,28,75,23.95393420760169,94.71187685528048,5.288123144719528,9.200655701266948
"Lawrence County, Mississippi",11883.0,43368.0,2823.0,4525.0,529.0,632.0,104600.0,28,77,23.75662711436506,89.53304313415117,10.466956865848832,5.318522258688883
"Leake County, Mississippi",21288.0,48418.0,4112.0,8885.0,598.0,1551.0,114600.0,28,79,19.316046599022922,93.69397869872404,6.306021301275967,7.285794813979707
"Lee County, Mississippi",83138.0,67144.0,11284.0,40462.0,2068.0,10028.0,187800.0,28,81,13.572614207702854,95.13754996473078,4.862450035269221,12.061873030383218
"Leflore County, Mississippi",27432.0,33188.0,8321.0,11338.0,1323.0,1635.0,98200.0,28,83,30.33318751822689,89.55058842113577,10.449411578864229,5.960192475940508
"Lincoln County, Mississippi",34830.0,48316.0,7326.0,14665.0,550.0,2918.0,131800.0,28,85,21.03359173126615,96.38514623726586,3.6148537627341435,8.377835199540625
"Lowndes County, Mississippi",58187.0,54460.0,9585.0,25176.0,1545.0,6667.0,157400.0,28,87,16.472751645556567,94.21803076232177,5.781969237678231,11.457885782047535
"Madison County, Mississippi",110303.0,78794.0,11985.0,56715.0,2504.0,21021.0,286300.0,28,89,10.865524963056309,95.77162734933044,4.228372650669549,19.05750523557836
"Marion County, Mississippi",24303.0,42320.0,4774.0,10378.0,937.0,1283.0,117000.0,28,91,19.64366539110398,91.7189571365444,8.281042863455589,5.27918363987985
"Marshall County, Mississippi",33899.0,51875.0,7263.0,14496.0,712.0,2138.0,172200.0,28,93,21.42541077907903,95.31825355076276,4.681746449237243,6.306970707100504
"Monroe County, Mississippi",33928.0,51231.0,5494.0,14855.0,859.0,2557.0,115200.0,28,95,16.193114831407687,94.5335369733995,5.466463026600484,7.536547983966045
"Montgomery County, Mississippi",9708.0,45057.0,2451.0,3977.0,190.0,722.0,110700.0,28,97,25.247218788627933,95.44036477081833,4.559635229181666,7.437165224557066
"Neshoba County, Mississippi",28927.0,53087.0,7013.0,12498.0,1016.0,1482.0,96600.0,28,99,24.243786082206935,92.48187065265651,7.518129347343495,5.123241262488333
"Newton County, Mississippi",21151.0,50426.0,4462.0,8533.0,302.0,1206.0,102700.0,28,101,21.095929270483666,96.58177702320317,3.418222976796831,5.7018580681764455
"Noxubee County, Mississippi",10136.0,38814.0,2543.0,4004.0,289.0,384.0,85200.0,28,103,25.08879242304657,93.26811087817377,6.731889121826229,3.7884767166535127
"Oktibbeha County, Mississippi",51473.0,43482.0,13109.0,23876.0,1496.0,6099.0,219500.0,28,105,25.467720941075907,94.10373640233328,5.896263597666719,11.848930507256233
"Panola County, Mississippi",32965.0,43990.0,7874.0,13216.0,1161.0,2217.0,121500.0,28,107,23.88593963294403,91.92460179453293,8.075398205467065,6.7253147277415435
"Pearl River County, Mississippi",56781.0,56535.0,9120.0,25010.0,1434.0,4573.0,174500.0,28,109,16.061710783536746,94.57721978520648,5.422780214793526,8.053750374244906
"Perry County, Mississippi",11459.0,50435.0,2016.0,4363.0,270.0,501.0,126000.0,28,111,17.593158216249236,94.17224260738183,5.8277573926181745,4.372109259097653
"Pike County, Mississippi",39930.0,41578.0,10619.0,16019.0,944.0,2444.0,110500.0,28,113,26.59403956924618,94.43494664858811,5.565053351411897,6.120711244678187
"Pontotoc County, Mississippi",31312.0,52741.0,4626.0,14254.0,455.0,2162.0,141700.0,28,115,14.773888605007665,96.90665578897274,3.0933442110272624,6.904701073071028
"Prentiss County, Mississippi",24999.0,51466.0,3211.0,11158.0,396.0,1902.0,116500.0,28,117,12.844513780551223,96.57261554440021,3.4273844555997925,7.608304332173287
"Quitman County, Mississippi",5908.0,32131.0,1920.0,2433.0,289.0,452.0,68600.0,28,119,32.49830737982396,89.38280675973549,10.61719324026451,7.650643195666892
"Rankin County, Mississippi",158218.0,77454.0,15343.0,80386.0,3368.0,23119.0,223400.0,28,121,9.69737956490412,95.97869952479881,4.021300475201184,14.6121174581906
"Scott County, Mississippi",27754.0,48492.0,5661.0,11595.0,505.0,1384.0,89900.0,28,123,20.39705988326007,95.82644628099175,4.1735537190082646,4.986668588311595
"Sharkey County, Mississippi",3848.0,35741.0,1194.0,1682.0,176.0,215.0,108000.0,28,125,31.02910602910603,90.52744886975242,9.472551130247577,5.587318087318088
"Simpson County, Mississippi",25817.0,54111.0,4902.0,10839.0,567.0,2002.0,111600.0,28,127,18.987488863926867,95.02893214097843,4.971067859021567,7.754580315296122
"Smith County, Mississippi",14193.0,51396.0,2712.0,5327.0,237.0,842.0,114000.0,28,129,19.108010991333757,95.74047447879224,4.259525521207764,5.932501937574861
"Stone County, Mississippi",18515.0,59307.0,3178.0,7729.0,636.0,1094.0,163300.0,28,131,17.16446124763705,92.39689181111775,7.603108188882247,5.908722657304888
"Sunflower County, Mississippi",25328.0,40265.0,6510.0,9865.0,1076.0,1708.0,103400.0,28,133,25.702779532533164,90.16543277579746,9.83456722420254,6.743524952621605
"Tallahatchie County, Mississippi",12363.0,37383.0,3155.0,5240.0,533.0,619.0,82200.0,28,135,25.51969586669902,90.7673653213234,9.232634678676597,5.006875353878509
"Tate County, Mississippi",28135.0,63995.0,4435.0,12710.0,682.0,2026.0,173000.0,28,137,15.763284165629997,94.9074074074074,5.092592592592593,7.2009952017060606
"Tippah County, Mississippi",21621.0,51141.0,3962.0,9922.0,526.0,1388.0,128400.0,28,139,18.324776837334074,94.96554364471669,5.034456355283308,6.41968456593127
"Tishomingo County, Mississippi",18738.0,46257.0,3667.0,8039.0,250.0,1255.0,132500.0,28,141,19.56985804248052,96.98395463867776,3.016045361322234,6.697619810011742
"Tunica County, Mississippi",9586.0,38402.0,3171.0,4313.0,566.0,781.0,154500.0,28,143,33.079490924264555,88.39926214388194,11.600737856118057,8.14729814312539
"Union County, Mississippi",28009.0,56807.0,3947.0,12421.0,489.0,2124.0,159100.0,28,145,14.091899032453853,96.21223857474826,3.787761425251743,7.583276803884466
"Walthall County, Mississippi",13864.0,45444.0,2465.0,5464.0,326.0,717.0,120600.0,28,147,17.779861511829196,94.36960276338515,5.6303972366148525,5.171667628390075
"Warren County, Mississippi",43623.0,56648.0,8738.0,19716.0,1080.0,4831.0,144400.0,28,149,20.030717740641403,94.8066935949221,5.193306405077899,11.074433211837793
"Washington County, Mississippi",43674.0,40117.0,12339.0,17785.0,1588.0,3747.0,99300.0,28,151,28.252507212529192,91.80302482836939,8.196975171630621,8.579475202637726
"Wayne County, Mississippi",19699.0,36791.0,4484.0,8184.0,645.0,1072.0,88000.0,28,153,22.762576780547235,92.69452939177711,7.305470608222901,5.441900604091578
"Webster County, Mississippi",9942.0,59964.0,1481.0,4562.0,311.0,806.0,109500.0,28,155,14.896399114866224,93.61789452082905,6.382105479170942,8.107020720177028
"Wilkinson County, Mississippi",8376.0,35930.0,2038.0,2567.0,193.0,459.0,80200.0,28,157,24.331423113658072,93.0072463768116,6.992753623188405,5.479942693409742
"Winston County, Mississippi",17609.0,49071.0,5217.0,7195.0,566.0,1515.0,121200.0,28,159,29.626895337611447,92.70712537044196,7.292874629558047,8.603555000283945
"Yalobusha County, Mississippi",12439.0,49171.0,2765.0,5161.0,347.0,571.0,97200.0,28,161,22.228474957794035,93.70007262164125,6.299927378358751,4.590401157649328
"Yazoo County, Mississippi",26837.0,40974.0,6846.0,9425.0,847.0,1685.0,129200.0,28,163,25.50955770019004,91.75428348909658,8.245716510903426,6.278645154078324
"Adair County, Missouri",25224.0,56583.0,4942.0,11319.0,553.0,2272.0,159500.0,29,1,19.592451633365048,95.34198113207547,4.658018867924528,9.007294640025371
"Andrew County, Missouri",18086.0,74007.0,1316.0,9112.0,367.0,2146.0,196200.0,29,3,7.276346345239412,96.1282835742167,3.8717164257833105,11.865531350215637
"Atchison County, Missouri",5216.0,59260.0,639.0,2570.0,58.0,613.0,100600.0,29,5,12.250766871165645,97.79299847792998,2.207001522070015,11.752300613496933
"Audrain County, Missouri",24688.0,56232.0,4231.0,11085.0,454.0,1765.0,121600.0,29,7,17.13788075178224,96.06551694254269,3.9344830574573186,7.1492222942320165
"Barry County, Missouri",34831.0,56611.0,5714.0,15730.0,638.0,2218.0,172900.0,29,9,16.404926645804025,96.10215053763442,3.8978494623655915,6.367890672102437
"Barton County, Missouri",11685.0,49503.0,2559.0,4926.0,200.0,1087.0,136000.0,29,11,21.89987163029525,96.09832227857979,3.901677721420211,9.30252460419341
"Bates County, Missouri",16121.0,57914.0,2937.0,7378.0,452.0,1060.0,154800.0,29,13,18.218472799454126,94.22733077905492,5.772669220945083,6.575274486694374
"Benton County, Missouri",19887.0,52200.0,3264.0,7356.0,289.0,1268.0,164700.0,29,15,16.41273193543521,96.21975147155003,3.780248528449967,6.376024538643335
"Bollinger County, Missouri",10591.0,57286.0,1272.0,5108.0,249.0,625.0,142400.0,29,17,12.01019733736191,95.35187605002801,4.648123949972,5.901236899254084
"Boone County, Missouri",185874.0,69913.0,30192.0,101196.0,3763.0,32131.0,254100.0,29,19,16.243261564285483,96.4147905372574,3.5852094627425943,17.286441352744333
"Buchanan County, Missouri",83855.0,59423.0,13568.0,40246.0,1802.0,9127.0,156600.0,29,21,16.1803112515652,95.71442161339422,4.285578386605784,10.884264504203685
"Butler County, Missouri",42166.0,49213.0,8360.0,18548.0,907.0,2894.0,138800.0,29,23,19.826400417397906,95.33795939347212,4.662040606527885,6.863349618175782
"Caldwell County, Missouri",8890.0,62520.0,1130.0,4072.0,182.0,761.0,156700.0,29,25,12.710911136107987,95.72167371885284,4.278326281147156,8.560179977502811
"Callaway County, Missouri",44541.0,72645.0,4682.0,21226.0,1177.0,5320.0,196200.0,29,27,10.511663411239084,94.74623934294513,5.253760657054859,11.944051548011943
"Camden County, Missouri",43416.0,62927.0,5642.0,18812.0,895.0,5298.0,270700.0,29,29,12.995209139487745,95.45846653473386,4.5415334652661485,12.202874516307352
"Cape Girardeau County, Missouri",82180.0,68912.0,11024.0,43231.0,1259.0,11495.0,208300.0,29,31,13.414456072036993,97.17015059563947,2.8298494043605302,13.987588220978338
"Carroll County, Missouri",8459.0,61712.0,901.0,3959.0,207.0,736.0,110500.0,29,33,10.651377231351224,95.03120499279885,4.968795007201153,8.700792055798559
"Carter County, Missouri",5269.0,45083.0,988.0,2201.0,64.0,250.0,147600.0,29,35,18.751186183336497,97.17439293598234,2.8256070640176603,4.7447333459859555
"Cass County, Missouri",109393.0,87413.0,6984.0,58104.0,2666.0,14178.0,269000.0,29,37,6.384320751784848,95.6129669244693,4.387033075530689,12.960609911054638
"Cedar County, Missouri",14440.0,45577.0,2417.0,5645.0,141.0,1097.0,162500.0,29,39,16.738227146814406,97.56308330452818,2.4369166954718287,7.596952908587258
"Chariton County, Missouri",7406.0,63307.0,850.0,3322.0,106.0,643.0,118900.0,29,41,11.477180664326223,96.90781796966161,3.09218203033839,8.6821496084256
"Christian County, Missouri",91229.0,81245.0,7831.0,45887.0,1639.0,12400.0,249700.0,29,43,8.583893279549267,96.55136136009763,3.448638639902369,13.592169156737441
"Clark County, Missouri",6680.0,51458.0,613.0,2880.0,166.0,411.0,117600.0,29,45,9.176646706586826,94.55022980958634,5.449770190413657,6.152694610778443
"Clay County, Missouri",255566.0,86150.0,21452.0,140051.0,5464.0,41232.0,256400.0,29,47,8.393917813793697,96.24506064666872,3.754939353331271,16.133601496286673
"Clinton County, Missouri",21259.0,70625.0,2650.0,10279.0,451.0,2204.0,204300.0,29,49,12.46530881038619,95.79683131407269,4.203168685927307,10.367373818147609
"Cole County, Missouri",76924.0,73273.0,6769.0,38549.0,1155.0,12605.0,214400.0,29,51,8.799594404867142,97.09097320169252,2.909026798307475,16.386303364359627
"Cooper County, Missouri",16835.0,67548.0,1676.0,7703.0,350.0,1818.0,197100.0,29,53,9.955449955449955,95.65379361728549,4.346206382714516,10.7989307989308
"Crawford County, Missouri",22890.0,56345.0,3053.0,10099.0,545.0,1443.0,166000.0,29,55,13.337702053298383,94.87974445697105,5.120255543028937,6.304062909567497
"Dade County, Missouri",7627.0,49899.0,1052.0,3375.0,144.0,634.0,157200.0,29,57,13.793103448275861,95.9079283887468,4.092071611253197,8.312573751147239
"Dallas County, Missouri",17344.0,53177.0,3649.0,6842.0,273.0,901.0,151200.0,29,59,21.038976014760145,96.16303583977512,3.836964160224877,5.194880073800738
"Daviess County, Missouri",8449.0,60665.0,1095.0,3804.0,70.0,621.0,149200.0,29,61,12.960113622913955,98.19308208569953,1.8069179143004648,7.349982246419695
"DeKalb County, Missouri",11176.0,69093.0,775.0,4290.0,99.0,844.0,167500.0,29,63,6.9345025053686475,97.74436090225564,2.2556390977443606,7.551896921975662
"Dent County, Missouri",14506.0,54306.0,2046.0,6422.0,270.0,1154.0,149700.0,29,65,14.104508479249967,95.96533173939031,4.034668260609683,7.955328829449883
"Douglas County, Missouri",11850.0,49828.0,1977.0,4820.0,254.0,915.0,164400.0,29,67,16.68354430379747,94.99408750492708,5.005912495072921,7.721518987341772
"Dunklin County, Missouri",27795.0,47368.0,5788.0,11483.0,536.0,1140.0,93800.0,29,69,20.823889188703003,95.540394375572,4.459605624427989,4.101457096600107
"Franklin County, Missouri",105316.0,71973.0,8534.0,52503.0,2295.0,11088.0,214900.0,29,71,8.103232177446921,95.811890944925,4.188109055075002,10.52831478597744
"Gasconade County, Missouri",14774.0,65096.0,1626.0,7391.0,216.0,1361.0,168900.0,29,73,11.005821036956815,97.16051005652689,2.839489943473117,9.212129416542576
"Gentry County, Missouri",6224.0,57458.0,948.0,2884.0,78.0,565.0,123000.0,29,75,15.231362467866324,97.3666441593518,2.633355840648211,9.077763496143959
"Greene County, Missouri",301121.0,57488.0,41698.0,154312.0,5396.0,40646.0,203500.0,29,77,13.847589507208067,96.62133393443033,3.3786660655696648,13.498228286967699
"Grundy County, Missouri",9822.0,53839.0,1600.0,4105.0,114.0,703.0,107000.0,29,79,16.289961311341887,97.29793789997629,2.7020621000237024,7.157401751170841
"Harrison County, Missouri",8198.0,53364.0,1278.0,3470.0,116.0,602.0,107400.0,29,81,15.589168089777994,96.76519799219186,3.2348020078081428,7.343254452305441
"Henry County, Missouri",22194.0,56621.0,3548.0,9730.0,533.0,1615.0,153500.0,29,83,15.98630260430747,94.80658676800155,5.1934132319984405,7.276741461656304
"Hickory County, Missouri",8501.0,35084.0,1627.0,2862.0,347.0,571.0,123200.0,29,85,19.138924832372663,89.18666251168588,10.813337488314117,6.716856840371721
"Holt County, Missouri",4254.0,58516.0,405.0,1983.0,42.0,417.0,122300.0,29,87,9.520451339915374,97.92592592592592,2.074074074074074,9.802538787023977
"Howard County, Missouri",10141.0,62628.0,1203.0,4699.0,191.0,1078.0,145300.0,29,89,11.862735430430924,96.09406952965234,3.905930470347648,10.630115373237354
"Howell County, Missouri",40168.0,49814.0,8427.0,17163.0,866.0,2990.0,161000.0,29,91,20.97938657637921,95.196627655444,4.803372344555993,7.443736307508464
"Iron County, Missouri",9482.0,51161.0,1884.0,3832.0,126.0,788.0,113000.0,29,93,19.8692259017085,96.8165740272865,3.1834259727134917,8.310483020459818
"Jackson County, Missouri",717021.0,67178.0,97685.0,379924.0,18135.0,102813.0,213300.0,29,95,13.623729291052841,95.44414270246371,4.555857297536295,14.338910575840874
"Jasper County, Missouri",123532.0,57525.0,22229.0,61189.0,2482.0,14034.0,158500.0,29,97,17.994527733704626,96.10183600069105,3.898163999308948,11.360619110837678
"Jefferson County, Missouri",228227.0,80522.0,19263.0,120779.0,4324.0,25515.0,218800.0,29,99,8.44028094835405,96.54364803401997,3.4563519659800326,11.179658848427223
"Johnson County, Missouri",54331.0,67123.0,5955.0,25229.0,1240.0,5572.0,221400.0,29,101,10.960593399716553,95.31527447202389,4.6847255279761235,10.255655150834698
"Knox County, Missouri",3760.0,53333.0,537.0,1629.0,66.0,244.0,97200.0,29,103,14.28191489361702,96.10619469026548,3.893805309734513,6.489361702127659
"Laclede County, Missouri",36245.0,50825.0,6632.0,17030.0,934.0,2523.0,158000.0,29,105,18.297696233963308,94.80071253618347,5.199287463816522,6.960960132432059
"Lafayette County, Missouri",32974.0,79091.0,3161.0,16346.0,360.0,3783.0,200300.0,29,107,9.586340753320798,97.84508559798874,2.1549144020112534,11.472675441256747
"Lawrence County, Missouri",38392.0,55849.0,6202.0,17687.0,889.0,2732.0,159800.0,29,109,16.154407168160034,95.21425495262704,4.785745047372955,7.116065847051469
"Lewis County, Missouri",9945.0,52340.0,1400.0,4591.0,274.0,723.0,118900.0,29,111,14.077425842131724,94.36793422404934,5.632065775950668,7.269984917043741
"Lincoln County, Missouri",61636.0,85276.0,6454.0,30660.0,972.0,5586.0,224800.0,29,113,10.471153222142904,96.92716236722306,3.0728376327769347,9.06288532675709
"Linn County, Missouri",11850.0,61975.0,1895.0,5759.0,152.0,1031.0,117300.0,29,115,15.9915611814346,97.42852309253934,2.5714769074606667,8.700421940928269
"Livingston County, Missouri",14330.0,60148.0,1596.0,6321.0,174.0,1189.0,138300.0,29,117,11.137473831123518,97.32101616628177,2.678983833718245,8.29727843684578
"McDonald County, Missouri",23492.0,48145.0,3998.0,10296.0,744.0,1423.0,134100.0,29,119,17.018559509620296,93.26086956521739,6.739130434782608,6.057381236165503
"Macon County, Missouri",15163.0,58318.0,1497.0,6818.0,240.0,1347.0,127000.0,29,121,9.87271648090747,96.59960328705014,3.4003967129498442,8.88346633251995
"Madison County, Missouri",12665.0,58435.0,1736.0,5804.0,400.0,922.0,155900.0,29,123,13.707066719305171,93.5525467440361,6.447453255963895,7.279905250690881
"Maries County, Missouri",8435.0,61359.0,1246.0,3795.0,171.0,544.0,193100.0,29,125,14.771784232365146,95.68835098335855,4.311649016641452,6.449318316538235
"Marion County, Missouri",28493.0,63908.0,3735.0,13405.0,472.0,3049.0,158100.0,29,127,13.108482785245497,96.59868847733661,3.4013115226634,10.700873898852349
"Mercer County, Missouri",3501.0,60357.0,506.0,1492.0,35.0,317.0,95300.0,29,129,14.453013424735788,97.70792403405369,2.2920759659463,9.054555841188233
"Miller County, Missouri",25081.0,55172.0,3598.0,11758.0,606.0,2409.0,169800.0,29,131,14.345520513536142,95.09867356842446,4.901326431575542,9.604880188190263
"Mississippi County, Missouri",12079.0,46258.0,2454.0,4676.0,178.0,823.0,100300.0,29,133,20.316251345310043,96.33292130201896,3.6670786979810464,6.813477936915308
"Moniteau County, Missouri",15303.0,65161.0,1464.0,7000.0,174.0,1207.0,168300.0,29,135,9.566751617329935,97.57457485363814,2.4254251463618623,7.887342351172973
"Monroe County, Missouri",8672.0,48299.0,1360.0,3601.0,56.0,816.0,147400.0,29,137,15.682656826568268,98.46869018321028,1.5313098167897183,9.40959409594096
"Montgomery County, Missouri",11422.0,61042.0,1612.0,5249.0,145.0,934.0,171300.0,29,139,14.11311504114866,97.31182795698925,2.6881720430107525,8.177201891087375
"Morgan County, Missouri",21430.0,49663.0,3566.0,8216.0,284.0,1495.0,180400.0,29,141,16.640223985067664,96.65882352941176,3.3411764705882354,6.9762015865608955
"New Madrid County, Missouri",16041.0,49237.0,2894.0,6807.0,230.0,770.0,105500.0,29,143,18.041269247553146,96.73156174506181,3.2684382549381836,4.800199488809924
"Newton County, Missouri",59490.0,64583.0,7810.0,27755.0,1346.0,6004.0,175300.0,29,145,13.128256849890738,95.37472939074259,4.625270609257414,10.0924525130274
"Nodaway County, Missouri",20959.0,55970.0,3408.0,10345.0,301.0,1896.0,165100.0,29,147,16.260317763252065,97.17264700356941,2.827352996430584,9.046233121809246
"Oregon County, Missouri",8704.0,44259.0,1858.0,3450.0,143.0,456.0,117700.0,29,149,21.346507352941178,96.0200389646535,3.979961035346507,5.238970588235294
"Osage County, Missouri",13379.0,75355.0,1318.0,6789.0,120.0,1610.0,205700.0,29,151,9.851259436430226,98.26313504125054,1.7368649587494573,12.033784288810823
"Ozark County, Missouri",8773.0,42329.0,1886.0,3145.0,180.0,480.0,156400.0,29,153,21.497777271172914,94.58646616541353,5.413533834586466,5.471332497435313
"Pemiscot County, Missouri",15232.0,40748.0,4109.0,6121.0,595.0,842.0,95900.0,29,155,26.97610294117647,91.14055985705777,8.859440142942228,5.527836134453781
"Perry County, Missouri",18947.0,63356.0,2037.0,9532.0,456.0,2068.0,189400.0,29,157,10.751042381379639,95.43452142571086,4.565478574289147,10.91465667387977
"Pettis County, Missouri",43205.0,60232.0,5714.0,21089.0,850.0,3154.0,161500.0,29,159,13.225321143386182,96.1256210401568,3.8743789598432015,7.300081009142461
"Phelps County, Missouri",44948.0,55427.0,7216.0,19800.0,868.0,4652.0,194900.0,29,161,16.054106968051972,95.80027095026126,4.1997290497387265,10.349737474414878
"Pike County, Missouri",17623.0,57572.0,2582.0,7079.0,342.0,1282.0,129400.0,29,163,14.65130794983828,95.3914566769977,4.608543323002291,7.274584349997163
"Platte County, Missouri",108751.0,95748.0,7370.0,59714.0,2116.0,21131.0,317600.0,29,165,6.776949177478827,96.57771308426331,3.4222869157366977,19.43062592527885
"Polk County, Missouri",32109.0,56686.0,5486.0,14222.0,494.0,2640.0,189600.0,29,167,17.085552337350897,96.64310954063605,3.356890459363958,8.221993833504625
"Pulaski County, Missouri",53850.0,66435.0,5608.0,20203.0,1008.0,5264.0,189700.0,29,169,10.414113277623027,95.24774880957993,4.752251190420065,9.775301764159702
"Putnam County, Missouri",4675.0,56875.0,744.0,2144.0,82.0,464.0,111600.0,29,171,15.914438502673796,96.31626235399821,3.6837376460017968,9.925133689839573
"Ralls County, Missouri",10394.0,62054.0,1302.0,4825.0,190.0,856.0,153400.0,29,173,12.526457571675968,96.21136590229312,3.788634097706879,8.23552049259188
"Randolph County, Missouri",24524.0,55310.0,3573.0,11255.0,493.0,2204.0,141900.0,29,175,14.569401402707552,95.80354102826013,4.196458971739871,8.987114663187082
"Ray County, Missouri",23149.0,72152.0,2751.0,11203.0,237.0,1816.0,187400.0,29,177,11.883882673117629,97.92832167832168,2.0716783216783217,7.844831310207784
"Reynolds County, Missouri",6058.0,44357.0,1048.0,2709.0,286.0,535.0,119900.0,29,179,17.299438758666227,90.45075125208682,9.54924874791319,8.831297457906901
"Ripley County, Missouri",10755.0,43898.0,2097.0,4410.0,204.0,674.0,110800.0,29,181,19.497907949790793,95.57867360208063,4.421326397919375,6.266852626685263
"St. Charles County, Missouri",409830.0,102912.0,18911.0,227050.0,6434.0,75830.0,296800.0,29,183,4.614352292413928,97.24435079063234,2.7556492093676654,18.502793841348854
"St. Clair County, Missouri",9451.0,46731.0,1489.0,3924.0,97.0,662.0,142500.0,29,185,15.7549465665009,97.58766476000996,2.4123352399900524,7.004549783091736
"Ste. Genevieve County, Missouri",18551.0,61310.0,1431.0,8866.0,412.0,1481.0,215600.0,29,186,7.713869872244084,95.55938779909464,4.440612200905368,7.983397121448979
"St. Francois County, Missouri",66864.0,54813.0,10427.0,28446.0,1407.0,4620.0,155100.0,29,187,15.594340751375926,95.28690583860919,4.713094161390815,6.909547738693467
"St. Louis County, Missouri",996618.0,81340.0,93427.0,522620.0,21964.0,184024.0,260700.0,29,189,9.374404235123187,95.96682972691082,4.033170273089183,18.464848116329428
"Saline County, Missouri",23177.0,56566.0,3169.0,11218.0,284.0,2482.0,139600.0,29,195,13.673037925529618,97.53086419753086,2.4691358024691357,10.708892436467188
"Schuyler County, Missouri",4044.0,56023.0,390.0,1649.0,77.0,191.0,118200.0,29,197,9.643916913946587,95.53881807647741,4.461181923522595,4.7230464886251236
"Scotland County, Missouri",4698.0,67568.0,329.0,2120.0,17.0,273.0,141100.0,29,199,7.002979991485739,99.20449227889566,0.7955077211043519,5.810983397190294
"Scott County, Missouri",37967.0,58847.0,5378.0,18009.0,571.0,3719.0,143700.0,29,201,14.164932704717254,96.92680301399355,3.0731969860064585,9.795348592198488
"Shannon County, Missouri",7137.0,59000.0,1155.0,2704.0,82.0,469.0,151000.0,29,203,16.18327028163094,97.05671213208902,2.9432878679109833,6.571388538601654
"Shelby County, Missouri",6011.0,52127.0,902.0,2701.0,28.0,527.0,86200.0,29,205,15.005822658459492,98.9739831440088,1.0260168559912055,8.767260023290634
"Stoddard County, Missouri",28547.0,54067.0,4768.0,12610.0,469.0,2198.0,135400.0,29,207,16.702280449784563,96.41409893722762,3.5859010627723835,7.699583143587768
"Stone County, Missouri",31697.0,61323.0,4363.0,13445.0,970.0,3861.0,236500.0,29,209,13.764709593967883,93.27089836975372,6.729101630246272,12.18096349812285
"Sullivan County, Missouri",5903.0,55500.0,849.0,2671.0,64.0,376.0,103300.0,29,211,14.382517364052177,97.65996343692869,2.340036563071298,6.369642554633237
"Taney County, Missouri",56382.0,58258.0,7870.0,27166.0,1228.0,6579.0,203800.0,29,213,13.958355503529496,95.67514263576811,4.32485736423188,11.668617643928913
"Texas County, Missouri",24956.0,48055.0,4548.0,9924.0,455.0,1580.0,123300.0,29,215,18.22407437089277,95.61614799113595,4.383852008864053,6.331142811347973
"Vernon County, Missouri",19713.0,54519.0,3609.0,8845.0,342.0,1485.0,136700.0,29,217,18.307715720590473,96.27734842712529,3.7226515728747143,7.533099984781616
"Warren County, Missouri",36467.0,77989.0,3351.0,18475.0,701.0,3546.0,241200.0,29,219,9.189129898264184,96.34438881935753,3.65561118064247,9.723859928154221
"Washington County, Missouri",23483.0,51886.0,4095.0,9491.0,356.0,1362.0,118400.0,29,221,17.438146744453434,96.38468569107343,3.615314308926577,5.7999403824042925
"Wayne County, Missouri",10942.0,43393.0,2697.0,4123.0,318.0,607.0,113100.0,29,223,24.648144763297385,92.839450574195,7.160549425804999,5.547431913726924
"Webster County, Missouri",39868.0,69731.0,6237.0,17389.0,734.0,3253.0,219100.0,29,225,15.644125614527942,95.94989791977045,4.050102080229542,8.159426106150296
"Worth County, Missouri",1956.0,46167.0,338.0,892.0,11.0,176.0,94600.0,29,227,17.280163599182004,98.78183831672203,1.2181616832779625,8.997955010224949
"Wright County, Missouri",18722.0,47304.0,3221.0,7399.0,306.0,1075.0,152300.0,29,229,17.204358508706335,96.02855288773524,3.9714471122647628,5.74190791582096
"St. Louis city, Missouri",293109.0,55279.0,56166.0,162066.0,8179.0,46762.0,185100.0,29,510,19.162154693305222,95.19574730535405,4.804252694645951,15.953791934058662
"Beaverhead County, Montana",9590.0,58072.0,1347.0,4685.0,128.0,1645.0,282000.0,30,1,14.045881126173096,97.34053604820278,2.659463951797216,17.153284671532848
"Big Horn County, Montana",12963.0,56680.0,2984.0,5507.0,755.0,957.0,148200.0,30,3,23.019362801820566,87.94314915362504,12.05685084637496,7.38255033557047
"Blaine County, Montana",6997.0,65050.0,1393.0,3173.0,452.0,754.0,124900.0,30,5,19.908532228097755,87.53103448275861,12.46896551724138,10.7760468772331
"Broadwater County, Montana",7310.0,63636.0,778.0,3722.0,161.0,1173.0,364800.0,30,7,10.642954856361149,95.85372134947205,4.146278650527942,16.046511627906977
"Carbon County, Montana",10877.0,71017.0,909.0,5610.0,281.0,1514.0,379300.0,30,9,8.357083754711777,95.23001188253268,4.7699881174673235,13.919279213018296
"Carter County, Montana",1361.0,52171.0,184.0,660.0,24.0,167.0,176600.0,30,11,13.51947097722263,96.49122807017544,3.508771929824561,12.270389419544452
"Cascade County, Montana",84601.0,66203.0,10839.0,39865.0,1195.0,10618.0,243300.0,30,13,12.811905296627698,97.08962493911349,2.9103750608865075,12.550679069987353
"Chouteau County, Montana",5888.0,56927.0,724.0,2594.0,83.0,673.0,185100.0,30,15,12.296195652173914,96.89951438177063,3.100485618229361,11.430027173913043
"Custer County, Montana",11938.0,63585.0,1344.0,6432.0,174.0,1900.0,204200.0,30,17,11.258167197185458,97.36603088101727,2.633969118982743,15.915563746021109
"Daniels County, Montana",1524.0,58000.0,177.0,838.0,12.0,239.0,177800.0,30,19,11.614173228346457,98.58823529411764,1.411764705882353,15.68241469816273
"Dawson County, Montana",8874.0,70953.0,746.0,4480.0,155.0,994.0,187400.0,30,21,8.406581023213883,96.65587918015103,3.344120819848975,11.201262114041018
"Deer Lodge County, Montana",9512.0,49533.0,1649.0,4682.0,230.0,1177.0,209700.0,30,23,17.335996635828426,95.31758957654723,4.682410423452769,12.373843566021867
"Fallon County, Montana",2817.0,72284.0,332.0,1315.0,0.0,265.0,237000.0,30,25,11.785587504437345,100.0,0.0,9.407170749023784
"Fergus County, Montana",11581.0,59731.0,1677.0,5851.0,204.0,1588.0,202700.0,30,27,14.480614800103616,96.63088356729975,3.3691164327002476,13.712114670581125
"Flathead County, Montana",108445.0,71327.0,10268.0,54981.0,1668.0,18815.0,467700.0,30,29,9.468394116833418,97.05555261346184,2.944447386538156,17.349808658767117
"Gallatin County, Montana",122194.0,87454.0,12025.0,72044.0,1689.0,26317.0,604900.0,30,31,9.84090871892237,97.70930248328428,2.2906975167157175,21.537064012962993
"Garfield County, Montana",938.0,61750.0,113.0,448.0,0.0,106.0,178300.0,30,33,12.046908315565032,100.0,0.0,11.300639658848615
"Glacier County, Montana",13713.0,45129.0,4103.0,5473.0,510.0,876.0,153400.0,30,35,29.920513381462843,91.47584823667057,8.524151763329433,6.3880988842704
"Golden Valley County, Montana",840.0,57353.0,151.0,397.0,6.0,96.0,203900.0,30,37,17.976190476190474,98.51116625310173,1.488833746898263,11.428571428571429
"Granite County, Montana",3419.0,54646.0,349.0,1473.0,95.0,679.0,339500.0,30,39,10.207663059374086,93.94132653061224,6.058673469387755,19.859608072535828
"Hill County, Montana",16260.0,55313.0,3122.0,7570.0,319.0,1852.0,187600.0,30,41,19.20049200492005,95.95639498035239,4.043605019647611,11.38991389913899
"Jefferson County, Montana",12501.0,76576.0,771.0,6008.0,171.0,1946.0,408000.0,30,43,6.167506599472042,97.23256190322059,2.767438096779414,15.56675465962723
"Judith Basin County, Montana",2053.0,55417.0,324.0,1028.0,15.0,340.0,214200.0,30,45,15.781782756941062,98.56184084372003,1.4381591562799616,16.561130053580126
"Lake County, Montana",32073.0,61965.0,5614.0,14337.0,916.0,4543.0,369200.0,30,47,17.50381941196645,93.9946240083918,6.005375991608208,14.16456209272597
"Lewis and Clark County, Montana",72580.0,74543.0,6209.0,37025.0,1301.0,14352.0,358200.0,30,49,8.554698263984568,96.60543756196837,3.394562438031624,19.774042435932763
"Liberty County, Montana",1968.0,53264.0,494.0,803.0,2.0,298.0,116800.0,30,51,25.101626016260166,99.75155279503105,0.2484472049689441,15.142276422764228
"Lincoln County, Montana",20656.0,47018.0,3303.0,8058.0,435.0,2005.0,258700.0,30,53,15.990511231603408,94.87813493465207,5.121865065347934,9.706622773044153
"McCone County, Montana",1818.0,71842.0,75.0,939.0,25.0,219.0,197400.0,30,55,4.125412541254125,97.40663900414937,2.5933609958506225,12.046204620462046
"Madison County, Montana",8975.0,67420.0,603.0,4143.0,62.0,1785.0,440500.0,30,57,6.71866295264624,98.525564803805,1.474435196195006,19.88857938718663
"Meagher County, Montana",1979.0,56215.0,206.0,1022.0,1.0,342.0,244400.0,30,59,10.409297625063163,99.90224828934507,0.09775171065493646,17.281455280444668
"Mineral County, Montana",4796.0,61117.0,835.0,2074.0,82.0,716.0,313600.0,30,61,17.410341951626354,96.19666048237477,3.803339517625232,14.929107589658047
"Missoula County, Montana",119639.0,71246.0,12792.0,69685.0,3105.0,23468.0,423100.0,30,63,10.692165598174508,95.73430416265971,4.265695837340294,19.615677162129405
"Musselshell County, Montana",5068.0,59010.0,765.0,2220.0,132.0,628.0,221200.0,30,65,15.094711917916337,94.38775510204081,5.612244897959184,12.39147592738753
"Park County, Montana",17484.0,66607.0,2266.0,9329.0,269.0,3592.0,429700.0,30,67,12.960420956302906,97.19733277766201,2.8026672223379867,20.54449782658431
"Petroleum County, Montana",401.0,59318.0,26.0,223.0,2.0,58.0,173700.0,30,69,6.483790523690773,99.11111111111111,0.8888888888888888,14.463840399002494
"Phillips County, Montana",4224.0,58156.0,389.0,1968.0,67.0,480.0,175000.0,30,71,9.209280303030303,96.70761670761671,3.2923832923832927,11.363636363636363
"Pondera County, Montana",6012.0,53500.0,1348.0,2743.0,177.0,669.0,179200.0,30,73,22.421823020625418,93.93835616438356,6.061643835616438,11.127744510978044
"Powder River County, Montana",1762.0,68009.0,167.0,854.0,10.0,207.0,149400.0,30,75,9.477866061293984,98.8425925925926,1.1574074074074074,11.748013620885358
"Powell County, Montana",7029.0,63432.0,333.0,2595.0,107.0,765.0,255700.0,30,77,4.737516005121639,96.039970392302,3.9600296076980013,10.88348271446863
"Prairie County, Montana",1251.0,45192.0,291.0,521.0,6.0,113.0,167100.0,30,79,23.26139088729017,98.86148007590133,1.1385199240986716,9.03277378097522
"Ravalli County, Montana",45807.0,71323.0,3771.0,21197.0,703.0,6506.0,435000.0,30,81,8.232366232235249,96.78995433789954,3.2100456621004567,14.203069399873383
"Richland County, Montana",11329.0,69578.0,808.0,5995.0,226.0,1172.0,259000.0,30,83,7.132138758937241,96.3671435460537,3.6328564539463106,10.345131962220849
"Roosevelt County, Montana",10665.0,53125.0,3132.0,3973.0,335.0,860.0,119400.0,30,85,29.367088607594937,92.22376973073352,7.77623026926648,8.063759962494139
"Rosebud County, Montana",8236.0,56430.0,1763.0,3627.0,325.0,634.0,188900.0,30,87,21.406022340942204,91.77631578947368,8.223684210526317,7.6979116075764935
"Sanders County, Montana",12936.0,54035.0,1920.0,4613.0,195.0,1532.0,323800.0,30,89,14.842300556586272,95.94425956738769,4.055740432612312,11.842918985776128
"Sheridan County, Montana",3677.0,63654.0,360.0,1787.0,44.0,466.0,111600.0,30,91,9.790590155017677,97.59694156198798,2.4030584380120152,12.673375033995104
"Silver Bow County, Montana",35589.0,57504.0,5584.0,16729.0,725.0,4438.0,223500.0,30,93,15.690241366714433,95.84622436117796,4.153775638822046,12.470145269605776
"Stillwater County, Montana",9052.0,81503.0,740.0,4576.0,153.0,1396.0,355600.0,30,95,8.17498895271763,96.76464368788328,3.2353563121167266,15.422006186478127
"Sweet Grass County, Montana",3713.0,69426.0,288.0,1870.0,41.0,442.0,295500.0,30,97,7.756531106921627,97.854526425955,2.1454735740450026,11.904120657150552
"Teton County, Montana",6291.0,67766.0,643.0,2924.0,44.0,783.0,235500.0,30,99,10.220950564298203,98.51752021563343,1.482479784366577,12.446351931330472
"Toole County, Montana",5028.0,53693.0,541.0,2250.0,90.0,457.0,187400.0,30,101,10.759745425616547,96.15384615384616,3.8461538461538463,9.089101034208433
"Treasure County, Montana",761.0,73036.0,82.0,446.0,5.0,174.0,215300.0,30,103,10.775295663600525,98.89135254988913,1.1086474501108647,22.864651773981603
"Valley County, Montana",7540.0,64515.0,946.0,3647.0,120.0,959.0,198600.0,30,105,12.546419098143236,96.81444119989382,3.1855588001061856,12.718832891246684
"Wheatland County, Montana",2049.0,47054.0,478.0,852.0,8.0,212.0,172700.0,30,107,23.32845290385554,99.06976744186046,0.9302325581395349,10.346510492923377
"Wibaux County, Montana",1148.0,64792.0,180.0,491.0,0.0,164.0,92300.0,30,109,15.6794425087108,100.0,0.0,14.285714285714285
"Yellowstone County, Montana",167340.0,74400.0,16737.0,87829.0,3005.0,26806.0,317600.0,30,111,10.001792757260667,96.69176739987229,3.3082326001277056,16.01888370981236
"Adams County, Nebraska",31034.0,65680.0,3776.0,16139.0,368.0,3626.0,185800.0,31,1,12.167300380228136,97.77064275761798,2.22935724238202,11.68395952825933
"Antelope County, Nebraska",6302.0,63750.0,623.0,3232.0,55.0,547.0,116900.0,31,3,9.885750555379245,98.32674170976574,1.673258290234256,8.679784195493493
"Arthur County, Nebraska",540.0,67500.0,52.0,236.0,0.0,84.0,188800.0,31,5,9.62962962962963,100.0,0.0,15.555555555555555
"Banner County, Nebraska",657.0,71250.0,62.0,338.0,12.0,123.0,166300.0,31,7,9.43683409436834,96.57142857142857,3.428571428571429,18.72146118721461
"Blaine County, Nebraska",385.0,61250.0,41.0,207.0,2.0,66.0,102100.0,31,9,10.649350649350648,99.04306220095694,0.9569377990430622,17.142857142857142
"Boone County, Nebraska",5366.0,71367.0,484.0,2752.0,38.0,501.0,164700.0,31,11,9.019754006708908,98.63799283154123,1.3620071684587813,9.336563548266867
"Box Butte County, Nebraska",10754.0,68778.0,1055.0,5497.0,88.0,1119.0,161100.0,31,13,9.810303143016553,98.4243509400179,1.5756490599820947,10.405430537474428
"Boyd County, Nebraska",1704.0,58984.0,171.0,855.0,21.0,141.0,104000.0,31,15,10.035211267605634,97.6027397260274,2.3972602739726026,8.274647887323944
"Brown County, Nebraska",2739.0,51538.0,328.0,1364.0,11.0,267.0,100200.0,31,17,11.975173420956553,99.2,0.8,9.748083242059145
"Buffalo County, Nebraska",50323.0,74570.0,5297.0,28358.0,790.0,7132.0,236800.0,31,19,10.526002026906186,97.28969397557293,2.710306024427062,14.172445998847447
"Burt County, Nebraska",6730.0,57303.0,909.0,3180.0,84.0,897.0,125400.0,31,21,13.50668647845468,97.42647058823529,2.5735294117647056,13.328380386329867
"Butler County, Nebraska",8413.0,82603.0,625.0,4532.0,54.0,1134.0,165700.0,31,23,7.428978961131582,98.82250327082424,1.1774967291757523,13.479139427077142
"Cass County, Nebraska",26963.0,88255.0,1291.0,14352.0,286.0,3828.0,247200.0,31,25,4.788042873567481,98.04618117229128,1.9538188277087036,14.19723324555873
"Cedar County, Nebraska",8344.0,73977.0,506.0,4415.0,65.0,1019.0,175500.0,31,27,6.064237775647172,98.54910714285714,1.4508928571428572,12.212368168744007
"Chase County, Nebraska",3639.0,62782.0,277.0,1702.0,29.0,467.0,178700.0,31,29,7.611981313547678,98.32466782206816,1.6753321779318313,12.833195932948612
"Cherry County, Nebraska",5468.0,63750.0,389.0,2937.0,13.0,646.0,136000.0,31,31,7.114118507681054,99.5593220338983,0.4406779661016949,11.814191660570593
"Cheyenne County, Nebraska",9478.0,57594.0,1031.0,4871.0,141.0,993.0,129100.0,31,33,10.877822325385102,97.18675179569034,2.813248204309657,10.476893859464022
"Clay County, Nebraska",6084.0,75938.0,486.0,3207.0,47.0,649.0,146300.0,31,35,7.988165680473373,98.55562384757222,1.4443761524277812,10.66732412886259
"Colfax County, Nebraska",10541.0,79720.0,898.0,5433.0,81.0,667.0,128800.0,31,37,8.519115833412389,98.5310119695321,1.4689880304679,6.3276728963096485
"Cuming County, Nebraska",8976.0,70708.0,686.0,4855.0,103.0,1050.0,174900.0,31,39,7.642602495543673,97.92254941508672,2.0774505849132714,11.697860962566844
"Custer County, Nebraska",10544.0,66310.0,900.0,5406.0,155.0,1365.0,160500.0,31,41,8.535660091047042,97.21273152310735,2.787268476892645,12.945751138088013
"Dakota County, Nebraska",21331.0,71655.0,2355.0,11012.0,471.0,1518.0,168100.0,31,43,11.04027002953448,95.89828442044762,4.101715579552382,7.1164033566171305
"Dawes County, Nebraska",8212.0,54381.0,932.0,4331.0,66.0,931.0,146500.0,31,45,11.349245007306381,98.49897657493746,1.5010234250625425,11.337067705796395
"Dawson County, Nebraska",24020.0,65383.0,2935.0,12463.0,237.0,2072.0,157800.0,31,47,12.218984179850125,98.13385826771653,1.8661417322834644,8.626144879267278
"Deuel County, Nebraska",1865.0,61438.0,169.0,860.0,28.0,209.0,97200.0,31,49,9.06166219839142,96.84684684684684,3.153153153153153,11.206434316353887
"Dixon County, Nebraska",5561.0,69156.0,387.0,2896.0,66.0,673.0,141400.0,31,51,6.959180003596475,97.77177582714383,2.2282241728561782,12.102139902895162
"Dodge County, Nebraska",37146.0,71294.0,3365.0,19068.0,587.0,3459.0,188100.0,31,53,9.058848866634362,97.01348257440856,2.986517425591453,9.31190437732192
"Douglas County, Nebraska",585461.0,79081.0,64580.0,317982.0,12069.0,101823.0,245800.0,31,55,11.030623730701105,96.34329240026541,3.6567075997345864,17.391935585803324
"Dundy County, Nebraska",1811.0,56563.0,214.0,999.0,3.0,177.0,118200.0,31,57,11.816675869685257,99.7005988023952,0.29940119760479045,9.7736057426836
"Fillmore County, Nebraska",5551.0,76354.0,423.0,3161.0,19.0,565.0,131200.0,31,59,7.620248603855161,99.40251572327044,0.5974842767295598,10.178346243920014
"Franklin County, Nebraska",2868.0,57692.0,396.0,1348.0,44.0,256.0,99100.0,31,61,13.807531380753138,96.83908045977012,3.1609195402298855,8.92608089260809
"Frontier County, Nebraska",2562.0,68207.0,294.0,1252.0,48.0,324.0,138800.0,31,63,11.475409836065573,96.3076923076923,3.6923076923076925,12.646370023419204
"Furnas County, Nebraska",4605.0,60625.0,557.0,2132.0,25.0,511.0,91800.0,31,65,12.095548317046688,98.84098284654613,1.1590171534538711,11.096634093376764
"Gage County, Nebraska",21646.0,64426.0,2806.0,10906.0,162.0,2525.0,167100.0,31,67,12.963134066340201,98.53632092518974,1.463679074810264,11.664972743232006
"Garden County, Nebraska",1620.0,44777.0,224.0,700.0,18.0,173.0,95500.0,31,69,13.82716049382716,97.49303621169916,2.5069637883008355,10.679012345679013
"Garfield County, Nebraska",1797.0,68611.0,201.0,990.0,18.0,303.0,144900.0,31,71,11.185308848080133,98.21428571428571,1.7857142857142856,16.86143572621035
"Gosper County, Nebraska",1929.0,79145.0,133.0,958.0,18.0,289.0,202700.0,31,73,6.894764126490409,98.15573770491804,1.8442622950819672,14.981855883877657
"Grant County, Nebraska",695.0,69063.0,74.0,372.0,8.0,113.0,113900.0,31,75,10.647482014388489,97.89473684210527,2.1052631578947367,16.258992805755394
"Greeley County, Nebraska",2211.0,58894.0,244.0,1039.0,24.0,197.0,87800.0,31,77,11.035730438715513,97.74223894637818,2.257761053621825,8.909995477159656
"Hall County, Nebraska",62431.0,67549.0,7213.0,32318.0,1067.0,5333.0,207900.0,31,79,11.553555124857844,96.80395387149917,3.1960461285008233,8.542230622607358
"Hamilton County, Nebraska",9438.0,79884.0,624.0,4824.0,162.0,1382.0,238700.0,31,81,6.6115702479338845,96.75090252707581,3.2490974729241873,14.642932824751007
"Harlan County, Nebraska",3006.0,70536.0,213.0,1458.0,24.0,364.0,147200.0,31,83,7.0858283433133735,98.38056680161942,1.6194331983805668,12.10911510312708
"Hayes County, Nebraska",854.0,60313.0,105.0,392.0,1.0,88.0,112800.0,31,85,12.295081967213115,99.74554707379136,0.2544529262086514,10.304449648711945
"Hitchcock County, Nebraska",2601.0,52016.0,298.0,1196.0,25.0,268.0,88800.0,31,87,11.457131872356786,97.95249795249795,2.0475020475020473,10.303729334871203
"Holt County, Nebraska",10093.0,67225.0,1078.0,5128.0,70.0,1327.0,152000.0,31,89,10.680669771128505,98.65332820315506,1.3466717968449404,13.14772614683444
"Hooker County, Nebraska",613.0,45854.0,45.0,330.0,13.0,88.0,85400.0,31,91,7.3409461663947795,96.20991253644316,3.7900874635568513,14.355628058727568
"Howard County, Nebraska",6492.0,74508.0,348.0,3325.0,113.0,849.0,205200.0,31,93,5.360443622920517,96.7132053519488,3.2867946480511923,13.077634011090572
"Jefferson County, Nebraska",7155.0,60568.0,690.0,3321.0,36.0,743.0,117600.0,31,95,9.643605870020965,98.92761394101876,1.0723860589812333,10.384346610761705
"Johnson County, Nebraska",5263.0,59457.0,293.0,2111.0,43.0,494.0,131500.0,31,97,5.56716701501045,98.00371402042711,1.9962859795728878,9.386281588447654
"Kearney County, Nebraska",6697.0,79167.0,442.0,3652.0,52.0,1261.0,218300.0,31,99,6.599970135881739,98.59611231101512,1.4038876889848813,18.829326564133194
"Keith County, Nebraska",8239.0,58132.0,871.0,4015.0,82.0,901.0,157000.0,31,101,10.57167131933487,97.99853551379057,2.0014644862094215,10.935793178783833
"Keya Paha County, Nebraska",939.0,60313.0,98.0,437.0,6.0,124.0,108800.0,31,103,10.436634717784878,98.64559819413093,1.3544018058690745,13.205537806176784
"Kimball County, Nebraska",3348.0,59438.0,362.0,1627.0,3.0,262.0,109900.0,31,105,10.81242532855436,99.8159509202454,0.18404907975460122,7.825567502986858
"Knox County, Nebraska",8362.0,64821.0,1079.0,4101.0,158.0,786.0,116900.0,31,107,12.903611576177948,96.2902089692416,3.709791030758394,9.39966515187754
"Lancaster County, Nebraska",323673.0,72625.0,36271.0,180305.0,5682.0,53603.0,258900.0,31,109,11.206062909170674,96.94494776516638,3.0550522348336173,16.560849993666444
"Lincoln County, Nebraska",34122.0,64342.0,4278.0,17249.0,531.0,3232.0,183100.0,31,111,12.537365922278882,97.01349831271091,2.986501687289089,9.47189496512514
"Logan County, Nebraska",812.0,71650.0,66.0,423.0,3.0,126.0,160000.0,31,113,8.12807881773399,99.29577464788733,0.7042253521126761,15.517241379310345
"Loup County, Nebraska",564.0,60156.0,46.0,316.0,0.0,75.0,120700.0,31,115,8.156028368794328,100.0,0.0,13.297872340425531
"McPherson County, Nebraska",463.0,61316.0,33.0,267.0,0.0,69.0,124200.0,31,117,7.127429805615551,100.0,0.0,14.902807775377969
"Madison County, Nebraska",35535.0,64637.0,4078.0,18756.0,476.0,3595.0,196000.0,31,119,11.476009568031518,97.52495840266224,2.4750415973377704,10.116786267060645
"Merrick County, Nebraska",7696.0,62849.0,661.0,4075.0,25.0,598.0,168000.0,31,121,8.588877338877339,99.39024390243902,0.6097560975609756,7.77027027027027
"Morrill County, Nebraska",4544.0,59773.0,550.0,2254.0,92.0,472.0,112000.0,31,123,12.10387323943662,96.07843137254902,3.9215686274509802,10.387323943661972
"Nance County, Nebraska",3342.0,65438.0,525.0,1711.0,52.0,290.0,122800.0,31,125,15.70915619389587,97.0504821327283,2.949517867271696,8.677438659485338
"Nemaha County, Nebraska",7035.0,60132.0,851.0,3489.0,221.0,883.0,125100.0,31,127,12.096659559346126,94.0431266846361,5.9568733153638815,12.551528073916133
"Nuckolls County, Nebraska",4089.0,70201.0,300.0,2187.0,21.0,573.0,90900.0,31,129,7.336757153338224,99.04891304347827,0.9510869565217392,14.01320616287601
"Otoe County, Nebraska",16075.0,81430.0,1514.0,8446.0,239.0,2063.0,185000.0,31,131,9.418351477449455,97.24812895797352,2.7518710420264823,12.833592534992224
"Pawnee County, Nebraska",2539.0,54926.0,349.0,1151.0,19.0,237.0,74800.0,31,133,13.745569121701456,98.37606837606837,1.6239316239316242,9.334383615596693
"Perkins County, Nebraska",2835.0,67500.0,214.0,1472.0,23.0,419.0,149200.0,31,135,7.548500881834215,98.46153846153847,1.5384615384615385,14.779541446208114
"Phelps County, Nebraska",8983.0,65988.0,1186.0,4550.0,53.0,1210.0,173300.0,31,137,13.202716241790046,98.84857701499023,1.1514229850097761,13.469887565401315
"Pierce County, Nebraska",7312.0,75938.0,573.0,3732.0,83.0,848.0,182700.0,31,139,7.836433260393873,97.82437745740498,2.1756225425950197,11.597374179431071
"Platte County, Nebraska",34358.0,72335.0,2959.0,18453.0,475.0,3905.0,207800.0,31,141,8.612259153617789,97.49049027895181,2.5095097210481825,11.365620816112695
"Polk County, Nebraska",5209.0,71771.0,318.0,2860.0,43.0,462.0,177800.0,31,143,6.1048185832213475,98.51877368239752,1.4812263176024802,8.869264734114033
"Red Willow County, Nebraska",10611.0,60000.0,1449.0,5418.0,79.0,1345.0,143500.0,31,145,13.655640373197626,98.56285246498089,1.4371475350191014,12.675525398171708
"Richardson County, Nebraska",7797.0,55578.0,811.0,3854.0,175.0,895.0,96500.0,31,147,10.401436449916634,95.65649044427897,4.343509555721023,11.478773887392586
"Rock County, Nebraska",1335.0,57500.0,132.0,666.0,8.0,208.0,124400.0,31,149,9.887640449438202,98.81305637982196,1.1869436201780417,15.580524344569287
"Saline County, Nebraska",14642.0,77027.0,1329.0,7644.0,208.0,1388.0,180700.0,31,151,9.076628875836635,97.35099337748345,2.6490066225165565,9.479579292446386
"Sarpy County, Nebraska",194051.0,101402.0,9958.0,105057.0,2557.0,33262.0,287600.0,31,153,5.131640651169023,97.62391510398275,2.3760848960172467,17.140854723758185
"Saunders County, Nebraska",22761.0,89395.0,1442.0,12216.0,252.0,3003.0,241100.0,31,155,6.33539826896885,97.97882579403272,2.021174205967276,13.193620666930276
"Scotts Bluff County, Nebraska",35937.0,60960.0,4881.0,17710.0,607.0,4221.0,161400.0,31,157,13.582102011854078,96.68613855980783,3.3138614401921713,11.745554720761332
"Seward County, Nebraska",17636.0,81122.0,1125.0,9507.0,180.0,2468.0,232400.0,31,159,6.378997505103198,98.14183957881697,1.8581604211830287,13.994102971195282
"Sheridan County, Nebraska",5058.0,56900.0,525.0,2465.0,32.0,623.0,102900.0,31,161,10.379596678529063,98.71846215458551,1.2815378454144974,12.317121391854489
"Sherman County, Nebraska",2974.0,61935.0,277.0,1525.0,70.0,284.0,135000.0,31,163,9.314055144586415,95.61128526645768,4.38871473354232,9.549428379287155
"Sioux County, Nebraska",1197.0,54076.0,137.0,604.0,25.0,155.0,141700.0,31,165,11.445279866332497,96.02543720190779,3.97456279809221,12.949039264828738
"Stanton County, Nebraska",5835.0,78275.0,408.0,3099.0,13.0,659.0,184300.0,31,167,6.99228791773779,99.58226221079691,0.4177377892030848,11.293916023993145
"Thayer County, Nebraska",4938.0,63095.0,433.0,2514.0,76.0,575.0,106200.0,31,169,8.768732280275415,97.06563706563706,2.9343629343629343,11.64439044147428
"Thomas County, Nebraska",626.0,72708.0,30.0,362.0,4.0,110.0,113000.0,31,171,4.792332268370607,98.90710382513662,1.092896174863388,17.57188498402556
"Thurston County, Nebraska",6666.0,64838.0,1178.0,3031.0,311.0,520.0,105100.0,31,173,17.67176717671767,90.69419509275882,9.305804907241173,7.800780078007801
"Valley County, Nebraska",4094.0,58902.0,373.0,2099.0,8.0,599.0,122200.0,31,175,9.110893991206643,99.6203132415757,0.37968675842429994,14.631167562286274
"Washington County, Nebraska",20989.0,90188.0,1434.0,11247.0,210.0,3694.0,278300.0,31,177,6.832150173900614,98.1670594396439,1.8329405603561142,17.599695078374385
"Wayne County, Nebraska",9786.0,67687.0,1091.0,5513.0,190.0,1015.0,203700.0,31,179,11.148579603515225,96.66842012975627,3.331579870243731,10.371959942775394
"Webster County, Nebraska",3385.0,65197.0,328.0,1783.0,13.0,356.0,102000.0,31,181,9.689807976366321,99.2761692650334,0.7238307349665924,10.51698670605613
"Wheeler County, Nebraska",785.0,55893.0,41.0,407.0,7.0,134.0,135900.0,31,183,5.222929936305733,98.30917874396135,1.6908212560386473,17.070063694267514
"York County, Nebraska",14231.0,74058.0,1211.0,7306.0,156.0,1498.0,175900.0,31,185,8.50959173635022,97.90940766550523,2.0905923344947737,10.526315789473683
"Churchill County, Nevada",25614.0,73268.0,2276.0,11588.0,753.0,2378.0,298000.0,32,1,8.885765596939175,93.89838748885828,6.101612511141723,9.283985320527837
"Clark County, Nevada",2293764.0,73845.0,299896.0,1158776.0,86020.0,286282.0,400800.0,32,3,13.074405213439569,93.08963075074149,6.910369249258514,12.480882950469185
"Douglas County, Nevada",49624.0,88018.0,4092.0,22399.0,709.0,8128.0,587400.0,32,5,8.24600999516363,96.93179851133806,3.068201488661935,16.379171368692568
"Elko County, Nevada",53852.0,83427.0,5829.0,27757.0,1182.0,3865.0,282400.0,32,7,10.824110525142984,95.9155464943502,4.084453505649815,7.177077917254699
"Esmeralda County, Nevada",962.0,,185.0,390.0,11.0,145.0,102500.0,32,9,19.230769230769234,97.2568578553616,2.7431421446384037,15.072765072765074
"Eureka County, Nevada",1660.0,73095.0,365.0,564.0,0.0,130.0,,32,11,21.987951807228914,100.0,0.0,7.83132530120482
"Humboldt County, Nevada",17299.0,79946.0,2083.0,8425.0,456.0,1628.0,256800.0,32,13,12.041158448465229,94.86544308073415,5.134556919265849,9.410948609746228
"Lander County, Nevada",5745.0,84474.0,652.0,2683.0,247.0,267.0,210500.0,32,15,11.348999129677981,91.56996587030717,8.430034129692833,4.647519582245431
"Lincoln County, Nevada",4452.0,69496.0,265.0,1793.0,31.0,371.0,208900.0,32,17,5.952380952380952,98.30043859649122,1.699561403508772,8.333333333333332
"Lyon County, Nevada",60630.0,73460.0,6650.0,28897.0,1820.0,5459.0,342600.0,32,19,10.968167573808346,94.07494221440896,5.925057785591041,9.003793501566882
"Mineral County, Nevada",4557.0,50584.0,795.0,1663.0,87.0,330.0,175000.0,32,21,17.445687952600395,95.02857142857142,4.9714285714285715,7.241606319947334
"Nye County, Nevada",53207.0,55975.0,8081.0,18684.0,1782.0,3582.0,266000.0,32,23,15.187851222583495,91.2928759894459,8.70712401055409,6.732196891386471
"Pershing County, Nevada",6505.0,72007.0,380.0,2239.0,135.0,215.0,166200.0,32,27,5.841660261337433,94.3133951137321,5.686604886267902,3.3051498847040737
"Storey County, Nevada",4139.0,96000.0,292.0,1729.0,118.0,514.0,393100.0,32,29,7.054844165257308,93.61126150514347,6.388738494856525,12.418458564870742
"Washoe County, Nevada",491770.0,85600.0,51773.0,262286.0,13024.0,69410.0,496600.0,32,31,10.527889053825975,95.26933275217027,4.73066724782972,14.114321735770789
"White Pine County, Nevada",8856.0,72294.0,617.0,3757.0,185.0,742.0,196700.0,32,33,6.967028003613369,95.30695078640285,4.693049213597159,8.378500451671183
"Carson City, Nevada",58364.0,71809.0,6183.0,28396.0,1176.0,6595.0,426700.0,32,510,10.593859228291413,96.02326525091303,3.976734749086974,11.29977383318484
"Belknap County, New Hampshire",64300.0,87983.0,5546.0,33861.0,854.0,9486.0,340000.0,33,1,8.625194401244169,97.53996831340919,2.460031686590811,14.752721617418352
"Carroll County, New Hampshire",51259.0,82961.0,3775.0,26135.0,1397.0,9062.0,348900.0,33,3,7.364560369886264,94.92590440215022,5.074095597849775,17.678846641565386
"Cheshire County, New Hampshire",76945.0,81001.0,6529.0,40682.0,1325.0,11867.0,257200.0,33,5,8.485281694717006,96.84576380127122,3.1542361987287832,15.422704529209174
"Coos County, New Hampshire",31386.0,58439.0,3782.0,14809.0,612.0,3160.0,169600.0,33,7,12.049958580258714,96.0313857726477,3.9686142273523113,10.06818326642452
"Grafton County, New Hampshire",91759.0,84021.0,8640.0,47453.0,1388.0,14290.0,298500.0,33,9,9.415970095576457,97.15812534550889,2.8418746544911038,15.573404243725411
"Hillsborough County, New Hampshire",424732.0,100436.0,27126.0,247287.0,8238.0,77518.0,385500.0,33,11,6.386615559929555,96.77604931024362,3.223950689756384,18.251038301799724
"Merrimack County, New Hampshire",155018.0,93944.0,10586.0,83671.0,2592.0,24877.0,330600.0,33,13,6.828884387619502,96.99523550073611,3.004764499263879,16.047813802268124
"Rockingham County, New Hampshire",317163.0,113927.0,15031.0,180895.0,6292.0,65335.0,461400.0,33,15,4.739203501038898,96.63865546218487,3.361344537815126,20.599817759322494
"Strafford County, New Hampshire",131743.0,86564.0,10821.0,74857.0,2729.0,21645.0,332400.0,33,17,8.213719134982504,96.48261284252314,3.5173871574768647,16.42971543080088
"Sullivan County, New Hampshire",43529.0,75929.0,4621.0,21364.0,487.0,6261.0,236300.0,33,19,10.615911231592731,97.77126904947141,2.22873095052858,14.383514438650094
"Atlantic County, New Jersey",274704.0,76819.0,35247.0,141626.0,11528.0,39817.0,272700.0,34,1,12.830901625021843,92.47293573788474,7.527064262115256,14.494510454889625
"Bergen County, New Jersey",954717.0,123715.0,63408.0,523454.0,28533.0,212294.0,593200.0,34,3,6.6415492758587105,94.83085652379495,5.169143476205056,22.23632762378799
"Burlington County, New Jersey",464226.0,105271.0,30725.0,247803.0,12695.0,88885.0,326700.0,34,5,6.618543554217126,95.12664204715583,4.8733579528441675,19.146924127472396
"Camden County, New Jersey",524042.0,86384.0,62934.0,279103.0,19309.0,78065.0,262200.0,34,7,12.009342762602998,93.52941570714314,6.470584292856856,14.896706752512204
"Cape May County, New Jersey",95236.0,88046.0,8169.0,45696.0,2756.0,16922.0,395000.0,34,9,8.577638708051577,94.31189630974986,5.688103690250144,17.76849090679995
"Cumberland County, New Jersey",152915.0,64499.0,23410.0,68485.0,5152.0,12331.0,205600.0,34,11,15.309158682928425,93.0035172535546,6.996482746445401,8.063957100349867
"Essex County, New Jersey",854130.0,76712.0,125419.0,446633.0,37217.0,126748.0,494400.0,34,13,14.683830330277592,92.30815335331198,7.691846646688023,14.839427253462587
"Gloucester County, New Jersey",304504.0,102807.0,22676.0,165215.0,8511.0,49440.0,283500.0,34,15,7.446864409006121,95.10090602442928,4.899093975570726,16.236239918030634
"Hudson County, New Jersey",710478.0,90032.0,103860.0,408443.0,24040.0,144763.0,508600.0,34,17,14.618327379595145,94.44140000878647,5.558599991213527,20.3754373815938
"Hunterdon County, New Jersey",129448.0,139453.0,4894.0,70824.0,3244.0,31349.0,498800.0,34,19,3.780668685495334,95.62024085975051,4.379759140249501,24.217446387738704
"Mercer County, New Jersey",383286.0,96333.0,40446.0,198250.0,12165.0,62940.0,351000.0,34,21,10.552433430910598,94.21856806786589,5.781431932134116,16.421158090825127
"Middlesex County, New Jersey",861535.0,109028.0,71078.0,466150.0,29850.0,155383.0,439300.0,34,23,8.250158147956844,93.98185483870968,6.018145161290322,18.035599250175558
"Monmouth County, New Jersey",643615.0,122727.0,40958.0,349355.0,18337.0,140944.0,566500.0,34,25,6.363742299355982,95.0129456175277,4.987054382472286,21.89880596319228
"Morris County, New Jersey",510375.0,134929.0,25572.0,285821.0,14884.0,121697.0,557000.0,34,27,5.0104335047759,95.05029846527327,4.949701534726725,23.844624050942933
"Ocean County, New Jersey",646434.0,86411.0,66599.0,295499.0,16271.0,95210.0,366600.0,34,29,10.302521216396416,94.78108862302338,5.218911376976617,14.728495097720726
"Passaic County, New Jersey",518289.0,87137.0,69781.0,272247.0,21116.0,70096.0,439400.0,34,31,13.463723906932232,92.80209160664434,7.197908393355672,13.524500809393986
"Salem County, New Jersey",64973.0,78412.0,8131.0,31860.0,2384.0,7032.0,223000.0,34,33,12.514429070536991,93.03819647237472,6.961803527625278,10.822957228387175
"Somerset County, New Jersey",346203.0,135960.0,18851.0,196608.0,9385.0,75953.0,523900.0,34,35,5.44507124432775,95.44401994242523,4.5559800575747715,21.938862459308556
"Sussex County, New Jersey",145117.0,114316.0,7794.0,82543.0,4353.0,27233.0,342800.0,34,37,5.370838702564138,94.99056343214878,5.009436567851224,18.766236898502587
"Union County, New Jersey",572549.0,100117.0,50508.0,312930.0,19747.0,89607.0,488800.0,34,39,8.82160304183572,94.0642124342831,5.935787565716896,15.650538207210213
"Warren County, New Jersey",110238.0,99596.0,8827.0,61106.0,3404.0,19925.0,323100.0,34,41,8.007220740579474,94.72329871337777,5.276701286622229,18.074529654021298
"Bernalillo County, New Mexico",674357.0,66514.0,105164.0,342494.0,17996.0,95475.0,268500.0,35,1,15.594707254466107,95.00790590585036,4.992094094149629,14.157931184817537
"Catron County, New Mexico",3685.0,46439.0,772.0,1172.0,83.0,354.0,171800.0,35,3,20.94979647218453,93.38645418326693,6.613545816733067,9.60651289009498
"Chaves County, New Mexico",64446.0,52029.0,13763.0,28153.0,1576.0,4671.0,141900.0,35,5,21.355863823976662,94.69877897002927,5.301221029970735,7.247928498277628
"Cibola County, New Mexico",27059.0,51765.0,7041.0,9154.0,780.0,1963.0,120000.0,35,6,26.020917254887465,92.14817797463257,7.851822025367425,7.254517905318009
"Colfax County, New Mexico",12336.0,52690.0,1985.0,5144.0,181.0,1224.0,161000.0,35,7,16.09111543450065,96.60093896713616,3.3990610328638495,9.922178988326849
"Curry County, New Mexico",47932.0,56259.0,9743.0,19360.0,1489.0,3743.0,160800.0,35,9,20.326712843194525,92.85817065566694,7.141829344333061,7.808979387465577
"De Baca County, New Mexico",1580.0,40804.0,322.0,741.0,87.0,52.0,158000.0,35,11,20.37974683544304,89.4927536231884,10.507246376811594,3.2911392405063293
"Doa Ana County, New Mexico",221665.0,55663.0,47947.0,100603.0,6941.0,24324.0,205400.0,35,13,21.63038819840751,93.54589749311909,6.454102506880904,10.973315588839014
"Eddy County, New Mexico",61114.0,79605.0,7519.0,28919.0,1252.0,4972.0,199400.0,35,15,12.303236574271034,95.85031984355838,4.149680156441616,8.135615407271658
"Grant County, New Mexico",27856.0,45921.0,5273.0,10544.0,886.0,3368.0,164400.0,35,17,18.929494543365884,92.24846894138233,7.751531058617672,12.090752441125789
"Guadalupe County, New Mexico",4379.0,40149.0,904.0,1781.0,84.0,363.0,107200.0,35,19,20.643982644439372,95.49597855227881,4.504021447721179,8.289563827357844
"Harding County, New Mexico",748.0,41250.0,140.0,303.0,39.0,89.0,86500.0,35,21,18.71657754010695,88.59649122807018,11.403508771929824,11.898395721925134
"Hidalgo County, New Mexico",4097.0,49076.0,823.0,1680.0,69.0,363.0,114000.0,35,23,20.08786917256529,96.0548885077187,3.9451114922813035,8.860141567000245
"Lea County, New Mexico",73154.0,68750.0,13178.0,33134.0,2333.0,3669.0,176000.0,35,25,18.01405254668234,93.4220543040009,6.577945695999097,5.015446865516581
"Lincoln County, New Mexico",20227.0,51643.0,3205.0,9314.0,529.0,2769.0,212200.0,35,27,15.845157462797252,94.62562226963325,5.374377730366758,13.68962278143076
"Los Alamos County, New Mexico",19374.0,143188.0,564.0,10574.0,228.0,3523.0,452500.0,35,28,2.9111179931867452,97.88927976300685,2.1107202369931493,18.184164343966142
"Luna County, New Mexico",25420.0,37917.0,6517.0,9104.0,497.0,1672.0,112500.0,35,29,25.637293469708887,94.82345589001146,5.1765441099885425,6.577498033044847
"McKinley County, New Mexico",71172.0,44496.0,25117.0,25806.0,2431.0,3323.0,72100.0,35,31,35.29056370482774,91.3907284768212,8.609271523178808,4.668970943629517
"Mora County, New Mexico",4176.0,50178.0,782.0,1735.0,95.0,310.0,119900.0,35,33,18.726053639846743,94.80874316939891,5.191256830601093,7.423371647509579
"Otero County, New Mexico",68235.0,52717.0,12903.0,26433.0,2397.0,6453.0,149500.0,35,35,18.90965047263135,91.68574401664932,8.314255983350677,9.45702352165311
"Quay County, New Mexico",8616.0,43698.0,2138.0,3667.0,166.0,771.0,82200.0,35,37,24.814298978644384,95.66918862509783,4.330811374902165,8.948467966573816
"Rio Arriba County, New Mexico",40165.0,53901.0,8033.0,16687.0,853.0,3019.0,230900.0,35,39,20.0,95.13683010262257,4.863169897377423,7.516494460351051
"Roosevelt County, New Mexico",19002.0,52445.0,3856.0,8908.0,520.0,1395.0,136000.0,35,41,20.29260077886538,94.4845142129826,5.515485787017395,7.341332491316703
"Sandoval County, New Mexico",151538.0,84053.0,15123.0,72049.0,3873.0,20972.0,282300.0,35,43,9.9796750650002,94.8987118358315,5.101288164168489,13.839433013501564
"San Juan County, New Mexico",121178.0,53020.0,27779.0,50099.0,3887.0,7897.0,185100.0,35,45,22.924128142071993,92.79998518134332,7.200014818656689,6.5168594959481085
"San Miguel County, New Mexico",27036.0,47400.0,5689.0,11707.0,619.0,2905.0,177600.0,35,47,21.042313951768012,94.97809508356319,5.0219049164368,10.74493268234946
"Santa Fe County, New Mexico",155175.0,74689.0,19103.0,76167.0,4114.0,26025.0,416900.0,35,49,12.310617045271467,94.87549980692816,5.124500193071835,16.77138714354761
"Sierra County, New Mexico",11511.0,37840.0,2810.0,3588.0,128.0,892.0,144800.0,35,51,24.41143254278516,96.55543595263725,3.4445640473627552,7.749109547389453
"Socorro County, New Mexico",16308.0,47556.0,4502.0,5764.0,139.0,1153.0,143200.0,35,53,27.606082904096148,97.6452651194308,2.354734880569202,7.070149619818494
"Taos County, New Mexico",34516.0,58908.0,4943.0,15535.0,780.0,5289.0,354000.0,35,55,14.32089465755012,95.2191235059761,4.780876494023905,15.323328311507705
"Torrance County, New Mexico",15290.0,46250.0,3100.0,6189.0,721.0,1021.0,145100.0,35,57,20.27468933943754,89.56584659913169,10.434153400868308,6.677567037279268
"Union County, New Mexico",4039.0,45319.0,702.0,1543.0,102.0,311.0,135900.0,35,59,17.380539737558802,93.79939209726443,6.2006079027355625,7.699925724189156
"Valencia County, New Mexico",77382.0,58333.0,13941.0,32402.0,2246.0,6404.0,206800.0,35,61,18.015817632007444,93.51766335719233,6.482336642807665,8.275826419580781
"Albany County, New York",315374.0,83149.0,38700.0,169724.0,8838.0,49653.0,277400.0,36,1,12.271144736091118,95.05045866421747,4.949541335782529,15.744164071863882
"Allegany County, New York",47027.0,61233.0,7095.0,20960.0,1513.0,3787.0,97900.0,36,3,15.087077636251514,93.26747652738842,6.732523472611579,8.052820720011908
"Bronx County, New York",1419250.0,49036.0,374138.0,646993.0,71936.0,130281.0,517000.0,36,5,26.36166989607187,89.99400497128367,10.005995028716326,9.179566672538312
"Broome County, New York",197738.0,61059.0,35448.0,92733.0,6175.0,21526.0,145100.0,36,7,17.92675156014524,93.75682452379989,6.243175476200105,10.886122040275517
"Cattaraugus County, New York",76479.0,58248.0,13039.0,34512.0,1797.0,6055.0,109400.0,36,9,17.04912459629441,95.05081384780632,4.949186152193671,7.917206030413578
"Cayuga County, New York",75464.0,66583.0,9914.0,36691.0,1428.0,7436.0,164200.0,36,11,13.137390013781406,96.25383666937748,3.746163330622524,9.853705077917947
"Chautauqua County, New York",126329.0,56507.0,20703.0,57439.0,3155.0,12215.0,119300.0,36,13,16.38816107148794,94.79321384955605,5.206786150443938,9.669197096470327
"Chemung County, New York",82805.0,63469.0,12500.0,39010.0,2475.0,8778.0,132100.0,36,15,15.095706780991486,94.03398818850187,5.966011811498132,10.60080912988346
"Chenango County, New York",46685.0,62093.0,5597.0,22613.0,1556.0,3554.0,128100.0,36,17,11.988861518689086,93.56200091025694,6.437999089743059,7.612723572882082
"Clinton County, New York",78961.0,69208.0,10097.0,37745.0,1507.0,8387.0,175100.0,36,19,12.787325388482923,96.16070518699684,3.8392948130031592,10.621699319917427
"Columbia County, New York",61245.0,83619.0,6818.0,30961.0,1629.0,8836.0,309800.0,36,21,11.13233733365989,95.00153421294875,4.998465787051243,14.427300187770431
"Cortland County, New York",46401.0,67527.0,5494.0,24657.0,1415.0,4328.0,158100.0,36,23,11.840262063317601,94.5727216937711,5.427278306228905,9.327385185664102
"Delaware County, New York",44551.0,60226.0,6317.0,20473.0,1303.0,4835.0,176200.0,36,25,14.179255235572713,94.01634827332843,5.983651726671565,10.852730578438194
"Dutchess County, New York",297144.0,97273.0,23328.0,157372.0,7549.0,44414.0,368100.0,36,27,7.850739035619093,95.4226569084592,4.577343091540798,14.946961742454837
"Erie County, New York",950044.0,71175.0,130009.0,488637.0,23643.0,137582.0,217400.0,36,29,13.684524085200264,95.38475052705552,4.615249472944483,14.481645060649823
"Essex County, New York",37077.0,70215.0,4143.0,17679.0,887.0,4885.0,200000.0,36,31,11.174043207379238,95.22244963912529,4.777550360874717,13.175283868705668
"Franklin County, New York",47066.0,63747.0,7179.0,20256.0,954.0,4372.0,128600.0,36,33,15.253048910041219,95.50212164073551,4.497878359264497,9.289083414779247
"Fulton County, New York",52787.0,62615.0,7532.0,25451.0,956.0,5111.0,156100.0,36,35,14.268664633337755,96.37974779414549,3.620252205854508,9.682308144050618
"Genesee County, New York",57943.0,72055.0,6018.0,29931.0,1248.0,5712.0,157800.0,36,37,10.386069067877052,95.997305878957,4.00269412104301,9.857963861035845
"Greene County, New York",47554.0,74011.0,4945.0,22519.0,735.0,6195.0,248300.0,36,39,10.398704630525298,96.83925346177001,3.160746538229982,13.027295285359802
"Hamilton County, New York",5102.0,68950.0,506.0,2357.0,127.0,586.0,242000.0,36,41,9.917679341434733,94.88727858293076,5.112721417069243,11.485691885535084
"Herkimer County, New York",59932.0,68858.0,7826.0,29211.0,1291.0,5616.0,135000.0,36,43,13.058132550223586,95.7674906563504,4.232509343649596,9.370620036040846
"Jefferson County, New York",116130.0,64978.0,14832.0,47485.0,3031.0,11359.0,181000.0,36,45,12.771893567553604,93.99992081716684,6.000079182833161,9.781279600447775
"Kings County, New York",2646306.0,78548.0,494754.0,1352910.0,100919.0,454186.0,889700.0,36,47,18.69602381583989,93.05839957794211,6.94160042205789,17.163018940364417
"Lewis County, New York",26618.0,68329.0,3230.0,12512.0,681.0,2060.0,158000.0,36,49,12.13464572845443,94.83817175775032,5.161828242249678,7.739123901119544
"Livingston County, New York",61588.0,72464.0,6606.0,30429.0,1369.0,6986.0,169600.0,36,51,10.726115477040981,95.69469777973457,4.305302220265426,11.343118789374554
"Madison County, New York",67572.0,73141.0,6033.0,32457.0,1336.0,6840.0,176800.0,36,53,8.928254306517493,96.04651850975054,3.95348149024946,10.122535961640915
"Monroe County, New York",754068.0,74409.0,95297.0,392838.0,20055.0,120022.0,197100.0,36,55,12.63771967514866,95.14280939613894,4.857190603861048,15.916601685789612
"Montgomery County, New York",49461.0,62923.0,7163.0,23929.0,1131.0,3888.0,141600.0,36,57,14.482117223671176,95.48683160415004,4.51316839584996,7.8607387638745685
"Nassau County, New York",1388138.0,143408.0,72719.0,733543.0,35100.0,257500.0,658700.0,36,59,5.2386001968104035,95.43351074556068,4.5664892544393165,18.5500288876178
"New York County, New York",1627788.0,104553.0,250056.0,950067.0,66581.0,415812.0,1108900.0,36,61,15.3617055783677,93.45092893508864,6.549071064911356,25.544604088493095
"Niagara County, New York",211341.0,67809.0,27014.0,106316.0,6334.0,24531.0,177400.0,36,63,12.782186135203297,94.37727474478473,5.6227252552152684,11.60730762133235
"Oneida County, New York",229645.0,68819.0,32026.0,107136.0,5059.0,25310.0,171100.0,36,65,13.945872977857126,95.4908864031374,4.509113596862605,11.021359054192342
"Onondaga County, New York",471611.0,74740.0,62884.0,240601.0,12265.0,68569.0,185300.0,36,67,13.333870499203792,95.14960492909287,4.850395070907121,14.539313120347067
"Ontario County, New York",112405.0,79814.0,9961.0,56879.0,2291.0,16154.0,202900.0,36,69,8.86170544014946,96.12810545884739,3.871894541152611,14.371246830657
"Orange County, New York",403840.0,96497.0,51238.0,194723.0,10556.0,46977.0,361100.0,36,71,12.687698098256735,94.85773021107859,5.1422697889214195,11.632577258320127
"Orleans County, New York",39686.0,63838.0,4948.0,18988.0,1099.0,3157.0,126200.0,36,73,12.46787280149171,94.52879972121272,5.4712002787872756,7.954946328680139
"Oswego County, New York",117945.0,68461.0,18598.0,57777.0,3971.0,10743.0,139600.0,36,75,15.768366611556234,93.56902247846084,6.430977521539159,9.10848276739158
"Otsego County, New York",59738.0,67086.0,7741.0,28113.0,1491.0,7281.0,175900.0,36,77,12.958251029495463,94.96351844345358,5.036481556546413,12.18822190230674
"Putnam County, New York",97988.0,127405.0,6331.0,52411.0,2163.0,17222.0,448000.0,36,79,6.460995223904968,96.03657419283908,3.963425807160919,17.57562150467404
"Queens County, New York",2330124.0,84961.0,282195.0,1218380.0,85295.0,365531.0,699200.0,36,81,12.11072887108154,93.45734174545036,6.542658254549638,15.68719089627848
"Rensselaer County, New York",160341.0,86663.0,18177.0,85325.0,4799.0,24375.0,244300.0,36,83,11.336464160757385,94.67511428698238,5.32488571301762,15.201975789099482
"Richmond County, New York",492734.0,98290.0,53177.0,240078.0,13201.0,74016.0,658500.0,36,85,10.792232725973852,94.78796110218376,5.212038897816242,15.02149232648853
"Rockland County, New York",338936.0,110631.0,51969.0,158008.0,9277.0,48405.0,564200.0,36,87,15.332983218070668,94.4543742714529,5.5456257285470905,14.281457266268557
"St. Lawrence County, New York",107796.0,61900.0,16924.0,47263.0,2708.0,9016.0,119800.0,36,89,15.700025974989796,94.58085689700026,5.4191431029997394,8.36394671416379
"Saratoga County, New York",237075.0,99653.0,15723.0,128191.0,3990.0,42092.0,324800.0,36,91,6.632078456184752,96.9814118519303,3.0185881480696923,17.754718970789835
"Schenectady County, New York",159603.0,76989.0,19384.0,80936.0,4685.0,21281.0,223100.0,36,93,12.145135116507836,94.52821153688932,5.471788463110686,13.333709266116553
"Schoharie County, New York",29979.0,71188.0,3106.0,14528.0,784.0,2903.0,182000.0,36,95,10.360585743353681,94.8798328108673,5.120167189132706,9.683445078221421
"Schuyler County, New York",17749.0,65625.0,2663.0,8588.0,541.0,1570.0,163300.0,36,97,15.003662178150881,94.07383064957827,5.926169350421733,8.845568764437434
"Seneca County, New York",33125.0,66007.0,4167.0,15406.0,727.0,3583.0,142700.0,36,99,12.579622641509433,95.49370854769727,4.506291452302733,10.816603773584905
"Steuben County, New York",93034.0,64740.0,12537.0,44679.0,2595.0,8704.0,128600.0,36,101,13.475718554506955,94.51072471125778,5.489275288742227,9.355719414407636
"Suffolk County, New York",1525680.0,128329.0,95543.0,821529.0,37812.0,229744.0,539500.0,36,103,6.2623223742855645,95.59988409723265,4.400115902767353,15.05846573331236
"Sullivan County, New York",79147.0,69826.0,11547.0,37774.0,2297.0,9476.0,234800.0,36,105,14.589308501901524,94.26767487709316,5.732325122906841,11.972658470946467
"Tioga County, New York",48106.0,71791.0,5810.0,23428.0,1234.0,5274.0,153200.0,36,107,12.07749553070303,94.99635066093586,5.003649339064147,10.963289402569327
"Tompkins County, New York",102879.0,73012.0,13547.0,52166.0,2778.0,15474.0,271500.0,36,109,13.167896266487816,94.94394292370414,5.056057076295865,15.040970460443823
"Ulster County, New York",182109.0,81804.0,25084.0,90622.0,4619.0,27094.0,315100.0,36,111,13.774168217935411,95.15019791896347,4.849802081036528,14.87790279448023
"Warren County, New York",65560.0,78239.0,5910.0,33412.0,1257.0,9264.0,247600.0,36,113,9.01464307504576,96.37428250021634,3.6257174997836685,14.130567419158025
"Washington County, New York",60883.0,72342.0,6304.0,29998.0,1617.0,5649.0,185000.0,36,115,10.354286089713057,94.88533923770362,5.114660762296378,9.27845211306933
"Wayne County, New York",91128.0,73914.0,10174.0,45474.0,1569.0,10351.0,163400.0,36,117,11.164515845843209,96.66475352337224,3.335246476627766,11.358748134492142
"Westchester County, New York",996888.0,118411.0,86670.0,528070.0,31760.0,181482.0,638400.0,36,119,8.694055901966921,94.32684922208527,5.673150777914724,18.204853504104772
"Wyoming County, New York",39980.0,68913.0,3968.0,18831.0,716.0,3317.0,154700.0,36,121,9.924962481240621,96.33703381593082,3.662966184069166,8.296648324162081
"Yates County, New York",24637.0,67521.0,3318.0,10814.0,317.0,2427.0,178000.0,36,123,13.46754880870236,97.15209774503639,2.847902254963615,9.85103705808337
"Alamance County, North Carolina",174286.0,64445.0,23943.0,88133.0,4305.0,22130.0,221200.0,37,1,13.737764364320714,95.34282437958416,4.657175620415846,12.697520167999723
"Alexander County, North Carolina",36440.0,65268.0,4204.0,16997.0,877.0,2747.0,190000.0,37,3,11.536772777167947,95.09343180038044,4.906568199619559,7.538419319429199
"Alleghany County, North Carolina",11075.0,44272.0,1907.0,4505.0,242.0,1276.0,199000.0,37,5,17.218961625282166,94.90204339582895,5.097956604171055,11.521444695259593
"Anson County, North Carolina",21903.0,44245.0,4235.0,9082.0,630.0,1281.0,119300.0,37,7,19.33525087887504,93.51317957166391,6.486820428336079,5.848513902205178
"Ashe County, North Carolina",26831.0,50827.0,3724.0,11838.0,642.0,2977.0,221900.0,37,9,13.879467779806939,94.85576923076923,5.144230769230769,11.09537475308412
"Avery County, North Carolina",17643.0,57657.0,1641.0,7119.0,343.0,1846.0,233200.0,37,11,9.301139262030267,95.4033771106942,4.596622889305816,10.46307317349657
"Beaufort County, North Carolina",44597.0,57997.0,7931.0,20455.0,1112.0,4290.0,181200.0,37,13,17.783707424266208,94.84397459081003,5.156025409189966,9.619481131017782
"Bertie County, North Carolina",17482.0,45931.0,3152.0,6502.0,543.0,1469.0,95800.0,37,15,18.029973687221144,92.29240596167494,7.707594038325054,8.40292872669031
"Bladen County, North Carolina",29591.0,44528.0,6207.0,11835.0,503.0,3079.0,125800.0,37,17,20.975972424047853,95.92316420813745,4.076835791862538,10.405190767463079
"Brunswick County, North Carolina",145889.0,74034.0,13570.0,62090.0,3206.0,24735.0,314700.0,37,19,9.301592306479584,95.09005145797599,4.909948542024014,16.954671017006078
"Buncombe County, North Carolina",271790.0,70578.0,31202.0,136260.0,4770.0,53513.0,360000.0,37,21,11.480186909010632,96.61774090619018,3.382259093809828,19.689098200816808
"Burke County, North Carolina",87863.0,55684.0,15326.0,41920.0,2024.0,8291.0,170500.0,37,23,17.44306477129167,95.3941379938103,4.605862006189696,9.436281483673445
"Cabarrus County, North Carolina",231262.0,86084.0,20450.0,122148.0,5521.0,36733.0,318600.0,37,25,8.842784374432462,95.6755359562619,4.324464043738105,15.883716304451228
"Caldwell County, North Carolina",80618.0,55401.0,10087.0,38704.0,1844.0,7571.0,174000.0,37,27,12.512094073283883,95.45230344283318,4.547696557166814,9.39120295715597
"Camden County, North Carolina",10743.0,87781.0,537.0,5312.0,259.0,1367.0,289800.0,37,29,4.998603741971516,95.35092443008436,4.6490755699156345,12.724564832914457
"Carteret County, North Carolina",68652.0,70235.0,6781.0,31839.0,1369.0,10634.0,304200.0,37,31,9.877352444211384,95.87749939773549,4.122500602264514,15.48971625007283
"Caswell County, North Carolina",22689.0,59407.0,3325.0,9858.0,562.0,1744.0,151200.0,37,33,14.654678478557893,94.60652591170825,5.393474088291747,7.6865441403323205
"Catawba County, North Carolina",162051.0,64544.0,20376.0,80348.0,3370.0,19976.0,218100.0,37,35,12.573819353166597,95.97458133256886,4.025418667431138,12.326983480509222
"Chatham County, North Carolina",78319.0,88534.0,8111.0,37464.0,1129.0,14528.0,397800.0,37,37,10.356363079201726,97.07459902054777,2.9254009794522324,18.549777193273663
"Cherokee County, North Carolina",29197.0,51496.0,4218.0,12511.0,670.0,3666.0,208700.0,37,39,14.446689728396752,94.91692587815795,5.083074121842046,12.556084529232455
"Chowan County, North Carolina",13814.0,56982.0,2790.0,6479.0,385.0,1492.0,204400.0,37,41,20.196901693933693,94.39102564102564,5.6089743589743595,10.800637034892139
"Clay County, North Carolina",11391.0,53645.0,1516.0,4331.0,184.0,1880.0,263300.0,37,43,13.308752523922395,95.92469545957918,4.075304540420819,16.504257747344393
"Cleveland County, North Carolina",100170.0,55769.0,16925.0,47093.0,2692.0,9312.0,180200.0,37,45,16.896276330238592,94.59274881992567,5.4072511800743195,9.296196466007785
"Columbus County, North Carolina",50453.0,48184.0,9006.0,20541.0,965.0,3623.0,128300.0,37,47,17.850276494955704,95.51288012647633,4.4871198735236675,7.180940677462193
"Craven County, North Carolina",101074.0,64635.0,13368.0,42413.0,1915.0,10735.0,206200.0,37,49,13.225953261966481,95.67993142032124,4.320068579678758,10.62093119892356
"Cumberland County, North Carolina",336749.0,58780.0,54794.0,135674.0,10457.0,36517.0,183700.0,37,51,16.27146628497783,92.84409194489875,7.155908055101244,10.843981719322105
"Currituck County, North Carolina",29612.0,91548.0,2248.0,15294.0,448.0,4357.0,351200.0,37,53,7.591516952586789,97.15411002413926,2.8458899758607545,14.713629609617723
"Dare County, North Carolina",37534.0,81214.0,2817.0,20167.0,1185.0,8376.0,425400.0,37,55,7.505195289604092,94.45016860247284,5.549831397527163,22.31576703788565
"Davidson County, North Carolina",171063.0,62426.0,23367.0,81546.0,3302.0,17574.0,200100.0,37,57,13.659879693446275,96.10833490477089,3.8916650952291154,10.273408042650953
"Davie County, North Carolina",43526.0,73234.0,4310.0,21028.0,954.0,5602.0,235300.0,37,59,9.90212746404448,95.66008552452007,4.339914475479938,12.870468225887974
"Duplin County, North Carolina",49053.0,51880.0,8708.0,23069.0,1086.0,4167.0,123200.0,37,61,17.752227182843047,95.50403643138067,4.4959635686193336,8.494893278698552
"Durham County, North Carolina",329405.0,79501.0,38013.0,181367.0,7545.0,63124.0,351700.0,37,63,11.539897694327651,96.0060769035318,3.9939230964681967,19.16303638378288
"Edgecombe County, North Carolina",48777.0,48480.0,10516.0,22412.0,1783.0,3969.0,116800.0,37,65,21.559341492916744,92.63070882413722,7.369291175862782,8.13703179777354
"Forsyth County, North Carolina",386740.0,65541.0,55308.0,191086.0,10179.0,58655.0,227800.0,37,67,14.301080829497852,94.94248875860184,5.057511241398157,15.166520142731551
"Franklin County, North Carolina",71962.0,71386.0,7118.0,35900.0,1991.0,8492.0,240900.0,37,69,9.89133153608849,94.74545406560925,5.254545934390753,11.800672577193518
"Gaston County, North Carolina",231485.0,65472.0,29054.0,115842.0,5552.0,29339.0,235000.0,37,71,12.551137222714214,95.42646259287937,4.573537407120615,12.674255351318662
"Gates County, North Carolina",10437.0,61612.0,1212.0,4818.0,432.0,427.0,163900.0,37,73,11.612532336878413,91.77142857142857,8.228571428571428,4.09121395036888
"Graham County, North Carolina",8041.0,49038.0,686.0,3597.0,232.0,652.0,155800.0,37,75,8.53127720432782,93.94097675633326,6.059023243666753,8.108444223355304
"Granville County, North Carolina",61439.0,70975.0,8020.0,28012.0,1244.0,7406.0,235700.0,37,77,13.053597877569622,95.74788077659284,4.252119223407164,12.054232653526261
"Greene County, North Carolina",20421.0,50904.0,3968.0,8533.0,478.0,1272.0,114000.0,37,79,19.430977914891535,94.69537232271668,5.30462767728332,6.228882033201116
"Guilford County, North Carolina",542987.0,66027.0,79108.0,279203.0,13221.0,85148.0,234900.0,37,81,14.56904124776468,95.47882526741991,4.521174732580089,15.68140673717787
"Halifax County, North Carolina",48219.0,45071.0,11826.0,19827.0,1719.0,3533.0,102500.0,37,83,24.52560194114353,92.02172096908939,7.97827903091061,7.326987287168958
"Harnett County, North Carolina",136503.0,69012.0,19368.0,58088.0,2907.0,14276.0,220700.0,37,85,14.188699149469242,95.23403557668661,4.765964423313386,10.458378204142035
"Haywood County, North Carolina",62432.0,61001.0,6960.0,29260.0,981.0,8476.0,254900.0,37,87,11.14812916453101,96.75605965411197,3.2439403458880327,13.576371091747822
"Henderson County, North Carolina",117387.0,67623.0,13536.0,55971.0,1872.0,19515.0,317800.0,37,89,11.531089473280687,96.7636533374825,3.2363466625175046,16.624498453832196
"Hertford County, North Carolina",20492.0,47472.0,3986.0,8797.0,461.0,1479.0,111100.0,37,91,19.45149326566465,95.0205227910996,4.97947720890041,7.21745071247316
"Hoke County, North Carolina",53102.0,60095.0,9011.0,20702.0,1528.0,5065.0,196000.0,37,93,16.969229030921625,93.12640575798471,6.873594242015295,9.538247147000114
"Hyde County, North Carolina",4625.0,47338.0,898.0,1683.0,50.0,370.0,119600.0,37,95,19.416216216216217,97.11482977495672,2.8851702250432774,8.0
"Iredell County, North Carolina",191800.0,78678.0,17271.0,100500.0,4400.0,30269.0,292300.0,37,97,9.004692387904067,95.80552907530982,4.194470924690181,15.781543274244003
"Jackson County, North Carolina",43089.0,53479.0,7575.0,20814.0,1331.0,4855.0,253900.0,37,99,17.579892780059875,93.98961390833145,6.010386091668548,11.267376824711643
"Johnston County, North Carolina",226623.0,79838.0,25065.0,115890.0,4560.0,30223.0,267600.0,37,101,11.06021895394554,96.21419676214197,3.785803237858033,13.336245659090206
"Jones County, North Carolina",9245.0,55659.0,1942.0,4030.0,167.0,980.0,122600.0,37,103,21.00594916170903,96.02096735763641,3.979032642363593,10.600324499729584
"Lee County, North Carolina",64565.0,63060.0,9787.0,30611.0,1237.0,6488.0,213800.0,37,105,15.158367536591033,96.1159256468224,3.8840743531775934,10.048788043057383
"Lenoir County, North Carolina",54917.0,44795.0,12100.0,24409.0,1768.0,3919.0,111400.0,37,107,22.03325017754065,93.24597929480079,6.7540207051992205,7.136223755849737
"Lincoln County, North Carolina",90359.0,78490.0,8097.0,45457.0,1614.0,12649.0,279500.0,37,109,8.960922542303479,96.57113721824479,3.428862781755221,13.998605562257218
"McDowell County, North Carolina",44679.0,55527.0,6057.0,19593.0,914.0,3985.0,168300.0,37,111,13.556704492043242,95.54298532208514,4.4570146779148585,8.919179032655162
"Macon County, North Carolina",37533.0,53298.0,5337.0,16807.0,492.0,4436.0,229000.0,37,113,14.219486851570618,97.15590496560495,2.8440950343950515,11.818932672581461
"Madison County, North Carolina",21640.0,58628.0,2378.0,10210.0,261.0,3327.0,263500.0,37,115,10.98890942698706,97.50740139432719,2.4925986056728107,15.37430683918669
"Martin County, North Carolina",21773.0,46793.0,4186.0,9962.0,699.0,1745.0,109900.0,37,117,19.225646442842052,93.44339180189476,6.556608198105243,8.014513388141275
"Mecklenburg County, North Carolina",1130906.0,83765.0,115896.0,643609.0,27284.0,239842.0,371200.0,37,119,10.248066594394228,95.93318159527674,4.066818404723257,21.207951854530794
"Mitchell County, North Carolina",14973.0,58089.0,1889.0,7097.0,464.0,1510.0,202100.0,37,121,12.616042209310091,93.86324560243354,6.13675439756646,10.084819341481332
"Montgomery County, North Carolina",25874.0,55849.0,4027.0,11233.0,326.0,2385.0,150300.0,37,123,15.563886527015535,97.17968682411974,2.8203131758802664,9.217747545798872
"Moore County, North Carolina",102840.0,82837.0,10077.0,43508.0,2023.0,18084.0,315300.0,37,125,9.798716452742124,95.55687333904372,4.443126660956271,17.584597432905486
"Nash County, North Carolina",95451.0,60704.0,13116.0,45548.0,2826.0,9763.0,171100.0,37,127,13.741081811610146,94.15801877041386,5.841981229586142,10.228284669621063
"New Hanover County, North Carolina",231214.0,72892.0,27891.0,125036.0,5904.0,46824.0,353700.0,37,129,12.062850865432024,95.49106460974492,4.508935390255079,20.251368861747128
"Northampton County, North Carolina",17212.0,47935.0,3311.0,7323.0,474.0,1507.0,102200.0,37,131,19.236579130838948,93.92073874567141,6.079261254328587,8.755519405066233
"Onslow County, North Carolina",208537.0,64568.0,21794.0,73831.0,4258.0,20233.0,219500.0,37,133,10.45090319703458,94.54724737158882,5.452752628411172,9.702354977773728
"Orange County, North Carolina",147292.0,88553.0,16892.0,76010.0,2738.0,25681.0,428500.0,37,135,11.468375743421232,96.52308630060446,3.4769136993955403,17.435434375254598
"Pamlico County, North Carolina",12315.0,61624.0,1414.0,4730.0,211.0,1365.0,209800.0,37,137,11.481932602517256,95.72960939081158,4.270390609188423,11.084043848964678
"Pasquotank County, North Carolina",40830.0,63912.0,3827.0,18812.0,1239.0,4978.0,223300.0,37,139,9.373010041636052,93.82075706947285,6.179242930527156,12.192015674748959
"Pender County, North Carolina",63475.0,76838.0,6641.0,30606.0,1838.0,8814.0,267100.0,37,141,10.462386766443482,94.33485390210825,5.665146097891752,13.885781803859787
"Perquimans County, North Carolina",13146.0,61224.0,1494.0,5337.0,269.0,1178.0,211600.0,37,143,11.364673664993154,95.20156974669996,4.798430253300036,8.96090065419139
"Person County, North Carolina",39275.0,64927.0,7182.0,19832.0,764.0,3946.0,192800.0,37,145,18.286441756842777,96.29054185278694,3.709458147213051,10.047103755569701
"Pitt County, North Carolina",172279.0,58851.0,32225.0,87594.0,6614.0,20921.0,194300.0,37,147,18.705123665681832,92.97936480978261,7.020635190217392,12.143673924273997
"Polk County, North Carolina",19689.0,61005.0,2643.0,9095.0,394.0,3163.0,281100.0,37,149,13.42373914368429,95.84782379597428,4.152176204025714,16.06480776067855
"Randolph County, North Carolina",145322.0,59047.0,21205.0,70312.0,2590.0,12722.0,171600.0,37,151,14.591734217805977,96.4472853968341,3.552714603165894,8.754352403627806
"Richmond County, North Carolina",42818.0,43626.0,10478.0,19487.0,1863.0,2988.0,120800.0,37,153,24.471016862067355,91.27400468384074,8.725995316159251,6.978373581204167
"Robeson County, North Carolina",116858.0,40318.0,32642.0,45612.0,2861.0,7205.0,88600.0,37,155,27.933046945865925,94.09774513646772,5.902254863532275,6.165602697290729
"Rockingham County, North Carolina",91585.0,55796.0,15086.0,43178.0,2723.0,7207.0,156000.0,37,157,16.472129715564776,94.06766737108124,5.93233262891876,7.869192553365726
"Rowan County, North Carolina",148487.0,63196.0,22881.0,71737.0,4221.0,15294.0,216100.0,37,159,15.409429781731735,94.44298164775272,5.557018352247295,10.299891572999655
"Rutherford County, North Carolina",64850.0,49771.0,11196.0,28652.0,1575.0,6265.0,180800.0,37,161,17.264456437933692,94.78942667151884,5.210573328481159,9.660755589822667
"Sampson County, North Carolina",59245.0,53159.0,11727.0,26234.0,1375.0,4524.0,128400.0,37,163,19.794075449405014,95.01973993987468,4.980260060125322,7.636087433538695
"Scotland County, North Carolina",34353.0,43500.0,8544.0,14609.0,1476.0,2174.0,109900.0,37,165,24.871190289057722,90.82374883431768,9.176251165682313,6.328413821209209
"Stanly County, North Carolina",63557.0,61631.0,8765.0,29630.0,1212.0,6618.0,214300.0,37,167,13.790770489481883,96.07029375526879,3.9297062447312103,10.412700410655003
"Stokes County, North Carolina",44889.0,60039.0,5280.0,21035.0,959.0,4097.0,186800.0,37,169,11.762347122903162,95.63971992361553,4.360280076384469,9.126957606540579
"Surry County, North Carolina",71407.0,56095.0,11724.0,33626.0,1666.0,6590.0,166400.0,37,171,16.4185584046382,95.27938342967245,4.720616570327553,9.228787093702298
"Swain County, North Carolina",14065.0,55429.0,2890.0,6319.0,524.0,1196.0,209800.0,37,173,20.547458229648065,92.34253982171562,7.657460178284378,8.503377177390686
"Transylvania County, North Carolina",33243.0,64523.0,4576.0,14852.0,535.0,6111.0,336100.0,37,175,13.765303973768914,96.523038928966,3.4769610710339895,18.382817435249528
"Tyrrell County, North Carolina",3376.0,43952.0,585.0,1231.0,63.0,238.0,138400.0,37,177,17.3281990521327,95.13137557959814,4.868624420401855,7.049763033175356
"Union County, North Carolina",244975.0,99243.0,18530.0,128614.0,5352.0,40533.0,374400.0,37,179,7.5640371466476175,96.00495648149531,3.995043518504695,16.54576997652822
"Vance County, North Carolina",42361.0,46943.0,7936.0,19542.0,1338.0,3682.0,146300.0,37,181,18.734213073345764,93.59195402298852,6.4080459770114935,8.691957224805835
"Wake County, North Carolina",1151009.0,101763.0,89566.0,637987.0,26495.0,263970.0,422800.0,37,183,7.781520387764126,96.01268356403936,3.987316435960643,22.93379113456107
"Warren County, North Carolina",18751.0,45279.0,4004.0,7923.0,636.0,1804.0,124700.0,37,185,21.353527811850036,92.56922537679635,7.430774623203646,9.620820222921445
"Washington County, North Carolina",10905.0,41750.0,2631.0,4433.0,498.0,674.0,107000.0,37,187,24.126547455295736,89.900628675725,10.099371324274994,6.180651077487391
"Watauga County, North Carolina",54607.0,51367.0,12005.0,29244.0,2621.0,8049.0,321500.0,37,189,21.984360979361618,91.77467440765732,8.225325592342696,14.739868515025545
"Wayne County, North Carolina",117606.0,58082.0,19436.0,52760.0,2856.0,11536.0,162700.0,37,191,16.526367702328113,94.86478711162255,5.1352128883774455,9.809023349148854
"Wilkes County, North Carolina",65983.0,50438.0,10623.0,30199.0,1484.0,5515.0,161400.0,37,193,16.099601412485036,95.31610011678187,4.68389988321813,8.358213479229498
"Wilson County, North Carolina",78648.0,51381.0,16226.0,35628.0,2138.0,6660.0,171800.0,37,195,20.63116671752619,94.33882328019912,5.661176719800879,8.46811107720476
"Yadkin County, North Carolina",37419.0,60321.0,5050.0,17918.0,969.0,3176.0,176400.0,37,197,13.495817632753415,94.86948694869487,5.1305130513051305,8.487666693391057
"Yancey County, North Carolina",18676.0,54961.0,2763.0,8067.0,488.0,2125.0,222300.0,37,199,14.7943885200257,94.29573348918761,5.70426651081239,11.378239451702719
"Adams County, North Dakota",2179.0,55417.0,307.0,996.0,21.0,215.0,108300.0,38,1,14.089031665901791,97.93510324483776,2.0648967551622417,9.866911427260211
"Barnes County, North Dakota",10794.0,70230.0,1149.0,5592.0,173.0,1748.0,168100.0,38,3,10.644802668148971,96.99913269731137,3.0008673026886385,16.194181952936816
"Benson County, North Dakota",5861.0,68049.0,1295.0,2139.0,41.0,514.0,83100.0,38,5,22.09520559631462,98.11926605504587,1.8807339449541285,8.769834499232212
"Billings County, North Dakota",948.0,81250.0,122.0,492.0,8.0,136.0,322500.0,38,7,12.869198312236287,98.4,1.6,14.345991561181433
"Bottineau County, North Dakota",6390.0,83460.0,460.0,3016.0,48.0,937.0,190900.0,38,9,7.198748043818466,98.43342036553526,1.5665796344647518,14.663536776212831
"Bowman County, North Dakota",2935.0,83773.0,272.0,1498.0,53.0,406.0,176400.0,38,11,9.267461669505963,96.58284977433914,3.4171502256608637,13.833049403747872
"Burke County, North Dakota",2163.0,96339.0,111.0,1065.0,47.0,292.0,141900.0,38,13,5.131761442441054,95.77338129496404,4.226618705035971,13.499768839574664
"Burleigh County, North Dakota",98986.0,84948.0,7801.0,51803.0,1580.0,17998.0,314700.0,38,15,7.880912452265977,97.04025626135662,2.9597437386433882,18.182369223930657
"Cass County, North Dakota",189286.0,75023.0,18980.0,114188.0,3467.0,34792.0,284700.0,38,17,10.027154675992941,97.05324890569887,2.946751094301135,18.380651500903394
"Cavalier County, North Dakota",3663.0,67064.0,273.0,1741.0,19.0,497.0,122300.0,38,19,7.4529074529074535,98.92045454545455,1.0795454545454546,13.568113568113569
"Dickey County, North Dakota",4959.0,63125.0,503.0,2606.0,76.0,663.0,167100.0,38,21,10.143174027021578,97.16629381058911,2.8337061894108873,13.369630973986691
"Divide County, North Dakota",2174.0,89297.0,153.0,1032.0,31.0,248.0,173100.0,38,23,7.0377184912603505,97.08372530573848,2.916274694261524,11.40754369825207
"Dunn County, North Dakota",4043.0,94688.0,288.0,1952.0,50.0,458.0,244000.0,38,25,7.123423200593619,97.5024975024975,2.4975024975024978,11.328221617610685
"Eddy County, North Dakota",2319.0,55389.0,283.0,1170.0,24.0,383.0,115500.0,38,27,12.203536006899526,97.98994974874373,2.0100502512562812,16.515739542906424
"Emmons County, North Dakota",3269.0,67368.0,268.0,1564.0,30.0,364.0,112400.0,38,29,8.198225757112267,98.11794228356337,1.8820577164366372,11.134903640256958
"Foster County, North Dakota",3372.0,83412.0,299.0,1850.0,2.0,565.0,162800.0,38,31,8.867141162514828,99.89200863930886,0.10799136069114472,16.755634638196916
"Golden Valley County, North Dakota",1679.0,76528.0,298.0,811.0,37.0,173.0,119200.0,38,33,17.748659916617036,95.63679245283019,4.363207547169811,10.303752233472304
"Grand Forks County, North Dakota",72764.0,68450.0,9496.0,40435.0,1096.0,10123.0,244200.0,38,35,13.050409543180693,97.36100744022538,2.638992559774626,13.912099389808146
"Grant County, North Dakota",2276.0,56750.0,389.0,1062.0,39.0,308.0,85800.0,38,37,17.091388400702986,96.45776566757493,3.5422343324250685,13.53251318101933
"Griggs County, North Dakota",2340.0,64737.0,228.0,1146.0,17.0,341.0,128200.0,38,39,9.743589743589745,98.53826311263973,1.4617368873602752,14.572649572649574
"Hettinger County, North Dakota",2453.0,70827.0,215.0,1254.0,76.0,254.0,110900.0,38,41,8.764777823073787,94.28571428571428,5.714285714285714,10.354667753770892
"Kidder County, North Dakota",2374.0,61850.0,243.0,1020.0,15.0,307.0,138500.0,38,43,10.235888795282225,98.55072463768117,1.4492753623188406,12.931760741364783
"LaMoure County, North Dakota",4107.0,70263.0,430.0,2085.0,34.0,579.0,118000.0,38,45,10.469929388848307,98.39546956111374,1.6045304388862671,14.097881665449233
"Logan County, North Dakota",1848.0,61339.0,204.0,900.0,10.0,299.0,101800.0,38,47,11.03896103896104,98.9010989010989,1.098901098901099,16.17965367965368
"McHenry County, North Dakota",5264.0,80614.0,511.0,2652.0,124.0,642.0,143200.0,38,49,9.707446808510637,95.53314121037464,4.46685878962536,12.196048632218845
"McIntosh County, North Dakota",2512.0,64236.0,372.0,1260.0,12.0,246.0,80300.0,38,51,14.808917197452228,99.05660377358491,0.9433962264150944,9.79299363057325
"McKenzie County, North Dakota",14280.0,88289.0,1801.0,7162.0,111.0,1616.0,357300.0,38,53,12.61204481792717,98.4738072322288,1.5261927677712086,11.316526610644258
"McLean County, North Dakota",9807.0,81847.0,806.0,4669.0,73.0,1362.0,233100.0,38,55,8.218619353522993,98.46056516237874,1.5394348376212568,13.888039155705108
"Mercer County, North Dakota",8341.0,79405.0,869.0,3714.0,70.0,1064.0,196200.0,38,57,10.418415058146504,98.15010570824523,1.849894291754757,12.756264236902052
"Morton County, North Dakota",33479.0,79483.0,2297.0,18907.0,268.0,5291.0,249600.0,38,59,6.8610173541623105,98.60234680573664,1.3976531942633639,15.803936796200604
"Mountrail County, North Dakota",9567.0,81292.0,1244.0,4517.0,133.0,864.0,222200.0,38,61,13.003031253266437,97.13978494623656,2.860215053763441,9.0310442144873
"Nelson County, North Dakota",3015.0,68051.0,288.0,1376.0,16.0,475.0,114500.0,38,63,9.55223880597015,98.85057471264368,1.1494252873563218,15.754560530679933
"Oliver County, North Dakota",1821.0,76953.0,86.0,848.0,8.0,182.0,217000.0,38,65,4.72267984623833,99.06542056074767,0.9345794392523363,9.9945085118067
"Pembina County, North Dakota",6787.0,66884.0,576.0,3226.0,130.0,854.0,116600.0,38,67,8.486813024900545,96.12634088200238,3.873659117997616,12.582879033446295
"Pierce County, North Dakota",3961.0,63214.0,463.0,1921.0,26.0,593.0,143400.0,38,69,11.68896743246655,98.66461222393426,1.335387776065742,14.97096692754355
"Ramsey County, North Dakota",11563.0,61319.0,1800.0,6149.0,115.0,1709.0,197400.0,38,71,15.56689440456629,98.16411238825033,1.8358876117496807,14.779901409668772
"Ransom County, North Dakota",5662.0,74521.0,593.0,2823.0,59.0,612.0,174800.0,38,73,10.473330978452843,97.95281054823039,2.0471894517696043,10.8089014482515
"Renville County, North Dakota",2277.0,76311.0,158.0,1146.0,10.0,262.0,163400.0,38,75,6.938954765041721,99.13494809688581,0.8650519031141869,11.506368028107158
"Richland County, North Dakota",16550.0,72524.0,1582.0,8680.0,154.0,2155.0,177600.0,38,77,9.558912386706949,98.25673534072901,1.7432646592709984,13.021148036253777
"Rolette County, North Dakota",12065.0,57355.0,2920.0,4581.0,262.0,769.0,93000.0,38,79,24.202237878159966,94.59013008465827,5.409869915341731,6.373808537090758
"Sargent County, North Dakota",3822.0,77697.0,297.0,2087.0,24.0,400.0,149600.0,38,81,7.770800627943484,98.86309805779251,1.1369019422074846,10.465724751439037
"Sheridan County, North Dakota",1327.0,67361.0,113.0,648.0,7.0,193.0,107700.0,38,83,8.51544837980407,98.93129770992365,1.0687022900763359,14.544084400904294
"Sioux County, North Dakota",3789.0,41676.0,1590.0,1351.0,291.0,166.0,87400.0,38,85,41.96357878068092,82.27771010962242,17.72228989037759,4.381103193454738
"Slope County, North Dakota",795.0,62500.0,51.0,423.0,23.0,113.0,121300.0,38,87,6.415094339622642,94.84304932735425,5.15695067264574,14.213836477987421
"Stark County, North Dakota",33116.0,80744.0,3538.0,17014.0,528.0,4405.0,260400.0,38,89,10.683657446551516,96.99008094858056,3.0099190514194505,13.301727261746588
"Steele County, North Dakota",1731.0,80313.0,230.0,821.0,29.0,343.0,120400.0,38,91,13.287117273252456,96.58823529411765,3.4117647058823533,19.81513575967649
"Stutsman County, North Dakota",21525.0,60172.0,2469.0,11034.0,402.0,2617.0,200300.0,38,93,11.470383275261325,96.48478488982161,3.5152151101783837,12.157955865272939
"Towner County, North Dakota",2113.0,63017.0,237.0,1027.0,14.0,232.0,122800.0,38,95,11.216280170373876,98.65513928914505,1.344860710854947,10.979649787032656
"Traill County, North Dakota",7980.0,88289.0,523.0,4245.0,94.0,1212.0,193200.0,38,97,6.553884711779448,97.83360221249136,2.1663977875086426,15.18796992481203
"Walsh County, North Dakota",10488.0,69976.0,1081.0,5276.0,113.0,1006.0,125700.0,38,99,10.307017543859649,97.90313601781406,2.0968639821859343,9.591914569031273
"Ward County, North Dakota",69232.0,79273.0,5255.0,34939.0,1201.0,9088.0,259100.0,38,101,7.590420614744627,96.67681239623685,3.3231876037631434,13.126877744395655
"Wells County, North Dakota",3942.0,61346.0,405.0,1862.0,30.0,511.0,106400.0,38,103,10.273972602739725,98.41437632135307,1.5856236786469344,12.962962962962962
"Williams County, North Dakota",39368.0,90224.0,3406.0,20647.0,526.0,3766.0,267800.0,38,105,8.651696809591547,97.51570396259388,2.4842960374061303,9.566145092460882
"Adams County, Ohio",27510.0,49521.0,5508.0,11141.0,724.0,1383.0,157500.0,39,1,20.021810250817886,93.89801938474504,6.101980615254952,5.027262813522356
"Allen County, Ohio",101685.0,62001.0,12815.0,48961.0,2865.0,8513.0,158400.0,39,3,12.602645424595565,94.47188669779646,5.528113302203527,8.371932930127354
"Ashland County, Ohio",52296.0,64991.0,6988.0,25545.0,942.0,5259.0,175900.0,39,5,13.362398653816735,96.4435383395628,3.5564616604371957,10.056218448829739
"Ashtabula County, Ohio",97343.0,55507.0,17208.0,45345.0,3127.0,7253.0,149600.0,39,7,17.677696393166432,93.5488529460307,6.451147053969302,7.450972334939338
"Athens County, Ohio",61573.0,53837.0,11914.0,30426.0,1750.0,6041.0,173800.0,39,9,19.34939015477563,94.56116360019891,5.438836399801094,9.81111850973641
"Auglaize County, Ohio",46209.0,76454.0,3408.0,24388.0,603.0,4029.0,182000.0,39,11,7.375186651950918,97.58713136729223,2.4128686327077746,8.719080698565215
"Belmont County, Ohio",65982.0,58411.0,8872.0,30219.0,1715.0,5619.0,143000.0,39,13,13.446091358249221,94.62954844366506,5.370451556334941,8.51595889788124
"Brown County, Ohio",43710.0,69990.0,7498.0,20173.0,870.0,3110.0,181100.0,39,15,17.15396934339968,95.86560851589601,4.134391484103977,7.1150766415008
"Butler County, Ohio",389910.0,81194.0,44346.0,195813.0,9385.0,52329.0,243000.0,39,17,11.373393860121567,95.42636867805729,4.573631321942709,13.420789412941447
"Carroll County, Ohio",26731.0,64675.0,3274.0,12363.0,485.0,1749.0,174500.0,39,19,12.247951816243313,96.22509339975093,3.7749066002490657,6.542965096704201
"Champaign County, Ohio",38772.0,74239.0,3131.0,20067.0,1041.0,3491.0,186300.0,39,21,8.075415248117197,95.06822057987493,4.931779420125071,9.003920354895286
"Clark County, Ohio",135445.0,60846.0,20582.0,64014.0,4173.0,10774.0,155900.0,39,23,15.195835948170844,93.88006511505125,6.119934884948744,7.9545202849865255
"Clermont County, Ohio",209862.0,83178.0,18343.0,109590.0,4476.0,28996.0,245600.0,39,25,8.74050566562789,96.07595602545894,3.9240439745410556,13.816698592408343
"Clinton County, Ohio",42014.0,68125.0,6018.0,20888.0,987.0,3536.0,192800.0,39,27,14.323796829628218,95.488,4.5120000000000005,8.416242204979293
"Columbiana County, Ohio",101203.0,58474.0,13547.0,48354.0,2323.0,7922.0,139100.0,39,29,13.38596681916544,95.41606646012984,4.583933539870158,7.827831190774977
"Coshocton County, Ohio",36679.0,54687.0,6776.0,16393.0,866.0,2827.0,142300.0,39,31,18.473786090133316,94.98232806072194,5.017671939278058,7.707407508383543
"Crawford County, Ohio",41767.0,55477.0,5416.0,20303.0,1144.0,2800.0,123600.0,39,33,12.967175042497667,94.66592064158156,5.3340793584184265,6.703857112074125
"Cuyahoga County, Ohio",1249418.0,62823.0,198469.0,651035.0,45151.0,181794.0,183200.0,39,35,15.884916016897469,93.51452054479694,6.4854794552030635,14.550294617173757
"Darke County, Ohio",51655.0,64654.0,5721.0,24734.0,669.0,3919.0,169100.0,39,37,11.07540412351176,97.36645278116758,2.633547218832421,7.5868744555222145
"Defiance County, Ohio",38258.0,73615.0,3731.0,19546.0,791.0,3442.0,150900.0,39,39,9.7522086883789,96.11053744406746,3.8894625559325364,8.9968111244707
"Delaware County, Ohio",221160.0,130088.0,11029.0,120799.0,3587.0,50725.0,419500.0,39,41,4.986887321396274,97.11623494605503,2.8837650539449777,22.935883523241092
"Erie County, Ohio",74938.0,68431.0,9228.0,37990.0,2327.0,10160.0,183900.0,39,43,12.31417972190344,94.2282411885805,5.771758811419501,13.557874509594598
"Fairfield County, Ohio",161289.0,87069.0,12903.0,81958.0,2956.0,22781.0,272200.0,39,45,7.999925599389915,96.51883081706197,3.4811691829380313,14.124335819553721
"Fayette County, Ohio",28880.0,60047.0,4541.0,13529.0,585.0,1843.0,162200.0,39,47,15.723684210526315,95.85517925464079,4.144820745359218,6.381578947368421
"Franklin County, Ohio",1321635.0,73795.0,187832.0,729064.0,33148.0,227712.0,265700.0,39,49,14.21209335406523,95.65107870251322,4.348921297486789,17.229567921551713
"Fulton County, Ohio",42434.0,72866.0,3640.0,21585.0,780.0,3483.0,176000.0,39,51,8.578027053777632,96.5124077800134,3.4875922199865865,8.208040722062497
"Gallia County, Ohio",29162.0,56455.0,4219.0,12423.0,452.0,2024.0,135000.0,39,53,14.467457650366915,96.48932038834953,3.5106796116504855,6.9405390576778
"Geauga County, Ohio",95479.0,100783.0,5490.0,49415.0,1480.0,16062.0,305100.0,39,55,5.74995548759413,97.09205226446606,2.9079477355339423,16.8225473664366
"Greene County, Ohio",168531.0,85218.0,15757.0,84542.0,3392.0,24710.0,238000.0,39,57,9.349615204324428,96.14256146655447,3.857438533445539,14.661990969020536
"Guernsey County, Ohio",38283.0,55756.0,5965.0,17397.0,875.0,2732.0,154100.0,39,59,15.581328527022439,95.21125218914186,4.788747810858143,7.136326829140873
"Hamilton County, Ohio",827878.0,70816.0,120229.0,436983.0,22048.0,138192.0,225700.0,39,61,14.522550424096304,95.19683855774447,4.803161442255534,16.692314568088534
"Hancock County, Ohio",74885.0,69699.0,7497.0,38755.0,1262.0,9485.0,196500.0,39,63,10.011350737797956,96.84634030537022,3.1536596946297824,12.666088001602457
"Hardin County, Ohio",30527.0,58001.0,5153.0,14694.0,598.0,2315.0,134800.0,39,65,16.880138893438595,96.08945854041329,3.9105414595867116,7.583450715759819
"Harrison County, Ohio",14408.0,53851.0,2060.0,5885.0,267.0,889.0,118000.0,39,67,14.297612437534704,95.65994798439532,4.340052015604681,6.170183231538035
"Henry County, Ohio",27581.0,79267.0,2292.0,14117.0,506.0,2368.0,166000.0,39,69,8.310068525434176,96.53969773644259,3.4603022635574097,8.585620535876147
"Highland County, Ohio",43403.0,62008.0,6169.0,20228.0,809.0,3008.0,157000.0,39,71,14.213303227887472,96.15439463801873,3.845605361981271,6.930396516369836
"Hocking County, Ohio",27938.0,61366.0,4723.0,13220.0,647.0,1933.0,172300.0,39,73,16.90529028563247,95.33424677291411,4.6657532270858875,6.918891831913523
"Holmes County, Ohio",44312.0,74774.0,3831.0,21014.0,428.0,1953.0,251800.0,39,75,8.645513630619245,98.00391754500512,1.99608245499487,4.407384004332912
"Huron County, Ohio",58412.0,65972.0,6904.0,28593.0,1178.0,4369.0,158900.0,39,77,11.819489146065877,96.04312921971045,3.956870780289543,7.479627473806752
"Jackson County, Ohio",32588.0,58409.0,5659.0,14504.0,588.0,2425.0,140400.0,39,79,17.36528783601326,96.1038961038961,3.896103896103896,7.441389468516019
"Jefferson County, Ohio",64855.0,56983.0,10603.0,29901.0,1491.0,6170.0,120600.0,39,81,16.34877804332742,95.25038226299695,4.749617737003058,9.513530182715288
"Knox County, Ohio",62888.0,73988.0,6530.0,30264.0,746.0,6539.0,218300.0,39,83,10.383538989950388,97.59432441148017,2.4056755885198324,10.39785014629182
"Lake County, Ohio",232101.0,77952.0,18731.0,126317.0,5424.0,33713.0,199900.0,39,85,8.07019357951926,95.88283070570286,4.117169294297144,14.52514207177048
"Lawrence County, Ohio",57385.0,54842.0,9902.0,24630.0,751.0,4751.0,135600.0,39,87,17.25538032586913,97.04109373153146,2.9589062684685397,8.279167029711596
"Licking County, Ohio",180311.0,81033.0,17873.0,90809.0,2881.0,24318.0,250700.0,39,89,9.912318161398916,96.92496531113247,3.0750346888675417,13.486697982929494
"Logan County, Ohio",46140.0,69183.0,5158.0,22647.0,811.0,3994.0,186200.0,39,91,11.179020372778501,96.54275726830932,3.457242731690681,8.656263545730386
"Lorain County, Ohio",314588.0,70693.0,39114.0,154344.0,6859.0,38245.0,207200.0,39,93,12.433404961409844,95.74511640602222,4.254883593977779,12.157170648594352
"Lucas County, Ohio",428748.0,60095.0,74739.0,215837.0,14726.0,51594.0,155200.0,39,95,17.4319180497635,93.6130255071282,6.386974492871797,12.033642139438552
"Madison County, Ohio",44126.0,83229.0,3809.0,20886.0,836.0,4889.0,231400.0,39,97,8.632098989258035,96.15136727741461,3.8486327225853976,11.07963558899515
"Mahoning County, Ohio",227063.0,55576.0,40423.0,109523.0,7017.0,27356.0,141100.0,39,99,17.80254819147109,93.97889136777073,6.021108632229277,12.047757670778594
"Marion County, Ohio",65145.0,57306.0,9145.0,28334.0,1686.0,4320.0,146200.0,39,101,14.037915419448922,94.38374417055296,5.616255829447035,6.631360810499655
"Medina County, Ohio",183049.0,92660.0,11133.0,98949.0,3008.0,30988.0,268000.0,39,103,6.081978049593278,97.04973665368733,2.9502633463126613,16.928800485116007
"Meigs County, Ohio",22072.0,46701.0,4775.0,8881.0,544.0,1284.0,113400.0,39,105,21.63374411018485,94.22811671087533,5.771883289124668,5.817325117796303
"Mercer County, Ohio",42438.0,78036.0,2555.0,22027.0,396.0,3960.0,208600.0,39,107,6.020547622413874,98.23395620568166,1.7660437943183338,9.331259720062208
"Miami County, Ohio",109549.0,74175.0,9345.0,55955.0,2027.0,11317.0,209200.0,39,109,8.530429305607537,96.5040874754234,3.495912524576593,10.33053701996367
"Monroe County, Ohio",13308.0,58962.0,1995.0,5779.0,347.0,695.0,132000.0,39,111,14.990982867448151,94.33561867450211,5.664381325497878,5.2224226029455965
"Montgomery County, Ohio",535528.0,64403.0,77204.0,267578.0,15645.0,67126.0,167400.0,39,113,14.416426405342017,94.47608421632424,5.52391578367576,12.534545345901616
"Morgan County, Ohio",13758.0,55971.0,1936.0,5796.0,172.0,952.0,134200.0,39,115,14.071812763483063,97.11796246648794,2.8820375335120643,6.919610408489605
"Morrow County, Ohio",35214.0,71047.0,3781.0,17301.0,522.0,3204.0,200800.0,39,117,10.737206792752882,97.07120013465746,2.9287998653425347,9.098653944453911
"Muskingum County, Ohio",86382.0,59203.0,13148.0,40897.0,1883.0,7460.0,170100.0,39,119,15.220763585006136,95.59841047218326,4.401589527816737,8.63605843810053
"Noble County, Ohio",14252.0,55360.0,1401.0,4552.0,133.0,1030.0,149300.0,39,121,9.830199270277856,97.16115261472785,2.838847385272145,7.227055851810273
"Ottawa County, Ohio",40161.0,75728.0,3303.0,19582.0,572.0,5371.0,200700.0,39,123,8.224396802868455,97.16185372630744,2.8381462736925673,13.373670974328327
"Paulding County, Ohio",18800.0,68167.0,1783.0,9238.0,363.0,1370.0,126800.0,39,125,9.48404255319149,96.21914383918342,3.7808561608165814,7.287234042553191
"Perry County, Ohio",35474.0,64737.0,5141.0,15902.0,635.0,2631.0,178300.0,39,127,14.492304222811073,96.16012577855717,3.8398742214428254,7.416699554603372
"Pickaway County, Ohio",59407.0,72927.0,6668.0,27846.0,1163.0,6099.0,235700.0,39,129,11.22426650058074,95.99089937605571,4.009100623944293,10.266466914673355
"Pike County, Ohio",27080.0,49552.0,5309.0,10932.0,585.0,1827.0,148500.0,39,131,19.60487444608567,94.92055222714248,5.079447772857515,6.746676514032496
"Portage County, Ohio",161421.0,72822.0,17567.0,87404.0,4629.0,20184.0,210500.0,39,133,10.882722817972878,94.97028239870481,5.029717601295188,12.503949300276915
"Preble County, Ohio",40802.0,71237.0,4553.0,20671.0,728.0,3088.0,171100.0,39,135,11.15876672712122,96.5979718678443,3.4020281321557078,7.568256458016764
"Putnam County, Ohio",34352.0,82785.0,2427.0,17355.0,373.0,4155.0,191600.0,39,137,7.065090824406147,97.89598375451264,2.1040162454873648,12.09536562645552
"Richland County, Ohio",125138.0,57649.0,16434.0,57113.0,2727.0,9853.0,154000.0,39,139,13.132701497546709,95.4428475935829,4.557152406417112,7.873707427000591
"Ross County, Ohio",76748.0,59819.0,12012.0,33645.0,1527.0,6020.0,158500.0,39,141,15.651222181685517,95.65847833503923,4.341521664960765,7.843852608537031
"Sandusky County, Ohio",58770.0,62500.0,7654.0,28839.0,1124.0,5627.0,152500.0,39,143,13.023651522885826,96.24870673831059,3.751293261689417,9.574612897736941
"Scioto County, Ohio",73118.0,49571.0,15618.0,29429.0,1935.0,5843.0,132300.0,39,145,21.35999343526902,93.83050631297029,6.169493687029715,7.9911923192647505
"Seneca County, Ohio",54861.0,65020.0,6194.0,27858.0,1100.0,4897.0,136200.0,39,147,11.290351980459707,96.20139512397266,3.79860487602735,8.926195293560088
"Shelby County, Ohio",48007.0,72822.0,5268.0,24857.0,1142.0,4387.0,190300.0,39,149,10.973399712541921,95.60752336628332,4.392476633716681,9.138250671777033
"Stark County, Ohio",373764.0,65740.0,46553.0,186653.0,7230.0,42362.0,177700.0,39,151,12.45518562515384,96.27094691128154,3.7290530887184534,11.333889834226946
"Summit County, Ohio",538087.0,71016.0,66926.0,284800.0,14866.0,85408.0,195700.0,39,153,12.437765640128827,95.03914357985224,4.960856420147765,15.87252619000273
"Trumbull County, Ohio",201367.0,55088.0,33135.0,91046.0,4071.0,19491.0,128100.0,39,155,16.455029870832856,95.72000799015949,4.279992009840512,9.679341699484027
"Tuscarawas County, Ohio",92585.0,64494.0,11848.0,44781.0,2367.0,8645.0,176800.0,39,157,12.796889344926285,94.97963858488166,5.020361415118351,9.337365663984446
"Union County, Ohio",65293.0,109506.0,3169.0,35099.0,843.0,11245.0,306600.0,39,159,4.853506501462638,97.65455456012464,2.3454454398753546,17.22236686934281
"Van Wert County, Ohio",28824.0,65344.0,2710.0,14521.0,532.0,2118.0,137300.0,39,161,9.401887316125451,96.46582076662459,3.534179233375407,7.348043297252289
"Vinton County, Ohio",12686.0,53813.0,2083.0,5375.0,194.0,948.0,131700.0,39,163,16.419675232539806,96.51643023882205,3.4835697611779493,7.472804666561564
"Warren County, Ohio",246364.0,107843.0,13008.0,128648.0,4026.0,46140.0,319700.0,39,165,5.279992206653569,96.96549436965796,3.0345056303420415,18.7283856407592
"Washington County, Ohio",59318.0,61355.0,7429.0,28054.0,1304.0,5646.0,174100.0,39,167,12.524023062139655,95.5582805368213,4.441719463178691,9.518190094069254
"Wayne County, Ohio",116618.0,71769.0,9807.0,56873.0,1865.0,11591.0,204600.0,39,169,8.409507966180179,96.82488338043515,3.1751166195648475,9.939288960537825
"Williams County, Ohio",36862.0,61834.0,4262.0,18213.0,635.0,2421.0,140000.0,39,171,11.562042211491509,96.63094227504244,3.3690577249575555,6.567739135152732
"Wood County, Ohio",131795.0,73124.0,15163.0,71718.0,3292.0,18512.0,214400.0,39,173,11.504988808376645,95.61125183308891,4.388748166911078,14.046056375431542
"Wyandot County, Ohio",21699.0,71878.0,1600.0,11091.0,278.0,1939.0,159500.0,39,175,7.373611687174524,97.55475415603834,2.44524584396165,8.935895663394627
"Adair County, Oklahoma",19595.0,48028.0,4145.0,7947.0,553.0,892.0,111500.0,40,1,21.15335544781832,93.49411764705883,6.5058823529411764,4.5521816789997445
"Alfalfa County, Oklahoma",5685.0,67870.0,629.0,2145.0,93.0,587.0,103000.0,40,3,11.064204045734389,95.84450402144772,4.1554959785522785,10.325417766051011
"Atoka County, Oklahoma",14255.0,52034.0,2257.0,5425.0,242.0,1048.0,138000.0,40,5,15.8330410382322,95.72966296100229,4.270337038997706,7.351806383725008
"Beaver County, Oklahoma",5041.0,64266.0,483.0,2352.0,45.0,543.0,117900.0,40,7,9.58143225550486,98.1226533166458,1.877346683354193,10.771672287244595
"Beckham County, Oklahoma",22202.0,52323.0,4339.0,8734.0,507.0,1299.0,153400.0,40,9,19.5432843887938,94.51358078130072,5.486419218699274,5.850824250067562
"Blaine County, Oklahoma",8603.0,59304.0,1157.0,3322.0,248.0,847.0,126200.0,40,11,13.448796931303034,93.0532212885154,6.946778711484594,9.845402766476811
"Bryan County, Oklahoma",47237.0,54280.0,7991.0,21648.0,1041.0,5226.0,163700.0,40,13,16.9168236763554,95.41187359513421,4.588126404865793,11.063361348095773
"Caddo County, Oklahoma",26626.0,52817.0,4782.0,11227.0,603.0,2107.0,109900.0,40,15,17.95988883046646,94.90278951817413,5.097210481825867,7.913317809659731
"Canadian County, Oklahoma",162621.0,85427.0,13659.0,84907.0,3406.0,24011.0,230300.0,40,17,8.399284225284557,96.14326316623827,3.856736833761734,14.765005749564938
"Carter County, Oklahoma",48255.0,58856.0,7150.0,22152.0,869.0,4148.0,153500.0,40,19,14.817117397160917,96.22518570001303,3.7748142999869687,8.596000414464822
"Cherokee County, Oklahoma",47621.0,53668.0,8887.0,21960.0,1127.0,5798.0,160300.0,40,21,18.661934860670712,95.11846493697752,4.88153506302248,12.17530081266668
"Choctaw County, Oklahoma",14299.0,45456.0,3096.0,5879.0,249.0,1026.0,119700.0,40,23,21.651863766696973,95.93668407310705,4.06331592689295,7.175326945940276
"Cimarron County, Oklahoma",2247.0,57204.0,234.0,1055.0,3.0,440.0,94500.0,40,25,10.413885180240321,99.7164461247637,0.28355387523629494,19.581664441477525
"Cleveland County, Oklahoma",297545.0,74446.0,36484.0,155633.0,7529.0,40142.0,222800.0,40,27,12.261674704666522,95.38556771797356,4.614432282026453,13.491068577862173
"Coal County, Oklahoma",5275.0,48162.0,1111.0,2130.0,131.0,358.0,92500.0,40,29,21.061611374407583,94.2061034940292,5.793896505970809,6.786729857819905
"Comanche County, Oklahoma",121699.0,59000.0,19857.0,48592.0,3355.0,12247.0,154300.0,40,31,16.31648575584023,93.54149421525786,6.458505784742141,10.063353026729882
"Cotton County, Oklahoma",5475.0,60313.0,1230.0,2391.0,53.0,530.0,113200.0,40,33,22.465753424657535,97.83142389525368,2.1685761047463172,9.680365296803654
"Craig County, Oklahoma",14215.0,50182.0,2599.0,5758.0,273.0,1040.0,132900.0,40,35,18.283503341540627,95.47338749792738,4.5266125020726244,7.316215265564545
"Creek County, Oklahoma",72353.0,61849.0,9901.0,32656.0,1160.0,6445.0,170900.0,40,37,13.684297817644051,96.56967116158032,3.430328838419683,8.907716335189972
"Custer County, Oklahoma",28332.0,57562.0,4408.0,14665.0,519.0,3672.0,177000.0,40,39,15.558379217845545,96.58192834562698,3.418071654373024,12.960609911054638
"Delaware County, Oklahoma",41017.0,55114.0,7513.0,17350.0,840.0,3916.0,164900.0,40,41,18.31679547504693,95.38207806487081,4.617921935129192,9.54726089182534
"Dewey County, Oklahoma",4433.0,60550.0,627.0,1930.0,86.0,360.0,118200.0,40,43,14.1439205955335,95.73412698412699,4.265873015873016,8.120911346717799
"Ellis County, Oklahoma",3717.0,56992.0,504.0,1754.0,114.0,367.0,122500.0,40,45,13.559322033898304,93.89721627408993,6.102783725910064,9.873553941350552
"Garfield County, Oklahoma",62322.0,67302.0,7645.0,29590.0,1250.0,6251.0,149800.0,40,47,12.266936234395558,95.94682230869002,4.053177691309987,10.030165912518854
"Garvin County, Oklahoma",25779.0,57127.0,3885.0,11209.0,311.0,2032.0,132600.0,40,49,15.07040614453625,97.30034722222223,2.6996527777777777,7.8823848869234645
"Grady County, Oklahoma",55868.0,75730.0,6732.0,26688.0,1383.0,5890.0,187900.0,40,51,12.04983174625904,95.07320722453778,4.9267927754622205,10.542707811269421
"Grant County, Oklahoma",4137.0,61824.0,543.0,1804.0,73.0,478.0,79500.0,40,53,13.12545322697607,96.11081513052744,3.8891848694725626,11.554266376601403
"Greer County, Oklahoma",5498.0,60183.0,658.0,2097.0,98.0,520.0,103600.0,40,55,11.967988359403419,95.53530751708428,4.4646924829157175,9.457984721716988
"Harmon County, Oklahoma",2452.0,54286.0,402.0,1150.0,111.0,175.0,75700.0,40,57,16.39477977161501,91.19746233148295,8.80253766851705,7.137030995106036
"Harper County, Oklahoma",3231.0,59191.0,502.0,1487.0,32.0,442.0,99300.0,40,59,15.536985453419994,97.89335088874259,2.106649111257406,13.67997523986382
"Haskell County, Oklahoma",11667.0,49930.0,2306.0,5015.0,297.0,864.0,122300.0,40,61,19.765149567155223,94.40888554216868,5.591114457831326,7.4055026999228595
"Hughes County, Oklahoma",13411.0,47923.0,2463.0,4634.0,257.0,812.0,94900.0,40,63,18.365520841100587,94.74545082805153,5.254549171948477,6.054731190813511
"Jackson County, Oklahoma",24730.0,61497.0,3813.0,11229.0,588.0,2498.0,145000.0,40,65,15.418520016174686,95.02411779639502,4.975882203604976,10.101091791346542
"Jefferson County, Oklahoma",5377.0,48750.0,1191.0,2251.0,93.0,458.0,77500.0,40,67,22.149897712479078,96.03242320819113,3.967576791808874,8.517760833178352
"Johnston County, Oklahoma",10334.0,50911.0,2167.0,4158.0,212.0,1014.0,110700.0,40,69,20.96961486355719,95.1487414187643,4.851258581235697,9.81227017611767
"Kay County, Oklahoma",43731.0,56673.0,6616.0,20091.0,1202.0,3746.0,116800.0,40,71,15.12885596030276,94.35495233175222,5.645047668247781,8.566005808236719
"Kingfisher County, Oklahoma",15288.0,70617.0,1757.0,7557.0,144.0,1611.0,206400.0,40,73,11.492673992673993,98.13011297234125,1.8698870276587458,10.53767660910518
"Kiowa County, Oklahoma",8458.0,42063.0,2069.0,3398.0,146.0,707.0,90300.0,40,75,24.46204776542918,95.8803611738149,4.119638826185101,8.358950106408134
"Latimer County, Oklahoma",9495.0,41048.0,1748.0,3650.0,267.0,480.0,103300.0,40,77,18.409689310163245,93.18355884605566,6.8164411539443455,5.055292259083728
"Le Flore County, Oklahoma",48728.0,50027.0,9405.0,19568.0,1020.0,3410.0,121600.0,40,79,19.301017895255296,95.04565766465902,4.954342335340976,6.9980298801510425
"Lincoln County, Oklahoma",33917.0,59425.0,5515.0,14828.0,528.0,2552.0,152000.0,40,81,16.260282454226495,96.56160458452722,3.4383954154727796,7.524250375917682
"Logan County, Oklahoma",50905.0,82735.0,6747.0,23756.0,790.0,7255.0,234300.0,40,83,13.25410077595521,96.78155300252587,3.21844699747413,14.252038110205284
"Love County, Oklahoma",10196.0,62940.0,1491.0,4658.0,217.0,856.0,167500.0,40,85,14.62338171832091,95.54871794871795,4.451282051282051,8.395449195763044
"McClain County, Oklahoma",43779.0,84778.0,3396.0,21695.0,1011.0,5799.0,233900.0,40,87,7.7571438360857945,95.54743239672334,4.452567603276667,13.246076886178304
"McCurtain County, Oklahoma",30825.0,50175.0,6423.0,12748.0,533.0,2300.0,126100.0,40,89,20.83698296836983,95.98674798584443,4.013252014155561,7.461476074614761
"McIntosh County, Oklahoma",19237.0,46203.0,3944.0,6596.0,277.0,1322.0,135800.0,40,91,20.502157301034465,95.96973665066201,4.030263349337989,6.872173415813276
"Major County, Oklahoma",7656.0,69229.0,855.0,3474.0,65.0,694.0,134700.0,40,93,11.16771159874608,98.16332297259113,1.8366770274088724,9.06478578892372
"Marshall County, Oklahoma",15628.0,56495.0,2548.0,6488.0,348.0,1407.0,139700.0,40,95,16.30406961863322,94.9093036863663,5.090696313633704,9.003071410289225
"Mayes County, Oklahoma",39406.0,57279.0,6829.0,17982.0,1180.0,3315.0,171900.0,40,97,17.32984824645993,93.84197891660578,6.1580210833942175,8.412424503882658
"Murray County, Oklahoma",13807.0,61904.0,1704.0,6172.0,128.0,1217.0,154900.0,40,99,12.341565872383574,97.96825396825398,2.0317460317460316,8.814369522705874
"Muskogee County, Oklahoma",66471.0,51999.0,12691.0,27530.0,1627.0,5849.0,138800.0,40,101,19.092536594906047,94.4198648694996,5.580135130500395,8.7993260218742
"Noble County, Oklahoma",10909.0,70071.0,1220.0,4924.0,113.0,1066.0,142600.0,40,103,11.183426528554405,97.75660115147905,2.243398848520945,9.771748097900817
"Nowata County, Oklahoma",9392.0,52679.0,1516.0,4025.0,206.0,801.0,121900.0,40,105,16.141396933560475,95.13117466320018,4.868825336799811,8.528534923339013
"Okfuskee County, Oklahoma",11304.0,45441.0,2802.0,3870.0,120.0,696.0,110800.0,40,107,24.787685774946922,96.99248120300751,3.007518796992481,6.1571125265392785
"Oklahoma County, Oklahoma",800487.0,65374.0,123302.0,401554.0,19447.0,115747.0,207800.0,40,109,15.403373196566589,95.3807710670521,4.619228932947903,14.45957273509751
"Okmulgee County, Oklahoma",36922.0,53123.0,6254.0,15767.0,1137.0,2975.0,114600.0,40,111,16.938410703645523,93.27378135352579,6.726218646474208,8.057526677861437
"Osage County, Oklahoma",45963.0,60482.0,5591.0,20286.0,1091.0,4776.0,172300.0,40,113,12.164132019232861,94.89638396407354,5.103616035926463,10.3909666470857
"Ottawa County, Oklahoma",30360.0,48656.0,6047.0,12700.0,441.0,1973.0,114300.0,40,115,19.917654808959156,96.64409101286051,3.3559089871394874,6.498682476943346
"Pawnee County, Oklahoma",15689.0,57551.0,2625.0,6783.0,241.0,1331.0,125700.0,40,117,16.73146790745108,96.56890660592255,3.4310933940774486,8.483650965644719
"Payne County, Oklahoma",82290.0,48937.0,17305.0,38926.0,1737.0,9757.0,217700.0,40,119,21.029286669097097,95.72830337161548,4.271696628384526,11.856847733624985
"Pittsburg County, Oklahoma",43629.0,54787.0,7553.0,18300.0,1057.0,3913.0,146300.0,40,121,17.31187971303491,94.53944309552101,5.460556904479,8.968805152536156
"Pontotoc County, Oklahoma",38158.0,62564.0,4641.0,18192.0,640.0,4605.0,170500.0,40,123,12.162587137690654,96.60152931180968,3.3984706881903146,12.068242570365323
"Pottawatomie County, Oklahoma",73011.0,60828.0,10879.0,31626.0,1704.0,6953.0,155700.0,40,125,14.900494446042378,94.88748874887489,5.112511251125112,9.523222528112202
"Pushmataha County, Oklahoma",10787.0,44634.0,2508.0,4057.0,252.0,592.0,116800.0,40,127,23.250208584407154,94.15177535391041,5.84822464608958,5.488087512746825
"Roger Mills County, Oklahoma",3378.0,62721.0,517.0,1523.0,51.0,365.0,152600.0,40,129,15.304914150384844,96.75984752223634,3.2401524777636594,10.805210183540556
"Rogers County, Oklahoma",97235.0,77688.0,9128.0,49163.0,2291.0,11550.0,222200.0,40,131,9.38756620558441,95.54747930190072,4.452520698099273,11.878438833753279
"Seminole County, Oklahoma",23550.0,46191.0,5106.0,9237.0,660.0,1655.0,91200.0,40,133,21.681528662420384,93.33131251894513,6.668687481054865,7.0276008492569
"Sequoyah County, Oklahoma",39676.0,49795.0,7967.0,16080.0,769.0,2945.0,127500.0,40,135,20.080149208589575,95.43593091578136,4.564069084218648,7.4226232483113215
"Stephens County, Oklahoma",43314.0,60236.0,7464.0,18849.0,996.0,3893.0,135100.0,40,137,17.232303643163874,94.98110355253212,5.018896447467876,8.987856120422958
"Texas County, Oklahoma",20880.0,59275.0,3787.0,10153.0,252.0,2052.0,155600.0,40,139,18.13697318007663,97.5780874579529,2.421912542047093,9.827586206896552
"Tillman County, Oklahoma",6967.0,47445.0,1160.0,2973.0,175.0,599.0,71900.0,40,141,16.649921056408783,94.44091486658196,5.559085133418043,8.597674752404192
"Tulsa County, Oklahoma",673708.0,67317.0,97074.0,343876.0,18551.0,97061.0,213500.0,40,143,14.40891306025756,94.88145198895226,5.118548011047742,14.406983440897244
"Wagoner County, Oklahoma",84339.0,78520.0,7797.0,42127.0,2024.0,10466.0,216000.0,40,145,9.244833351118698,95.41573237299268,4.584267627007316,12.409442843761486
"Washington County, Oklahoma",52895.0,61205.0,7541.0,23912.0,924.0,7284.0,160900.0,40,147,14.256545987333396,96.27959413754228,3.720405862457723,13.7706777578221
"Washita County, Oklahoma",10857.0,61980.0,1336.0,4989.0,303.0,951.0,113300.0,40,149,12.305425071382519,94.27437641723357,5.72562358276644,8.759325780602376
"Woods County, Oklahoma",8619.0,50512.0,1463.0,4355.0,296.0,1216.0,141900.0,40,151,16.97412692887806,93.63577725220382,6.364222747796173,14.10836523958696
"Woodward County, Oklahoma",20260.0,65060.0,2149.0,10237.0,487.0,2011.0,178000.0,40,153,10.6071076011846,95.45878403580753,4.541215964192466,9.925962487660414
"Baker County, Oregon",16796.0,57844.0,2252.0,6743.0,310.0,2377.0,247700.0,41,1,13.407954274827341,95.60470721678719,4.395292783212818,14.152179090259587
"Benton County, Oregon",96359.0,76011.0,17389.0,50556.0,3400.0,17133.0,481700.0,41,3,18.046056932927907,93.69856920453702,6.30143079546297,17.78038377318154
"Clackamas County, Oregon",422308.0,100360.0,31386.0,218776.0,9999.0,77182.0,577900.0,41,5,7.432016442975269,95.62933012785489,4.370669872145121,18.276234407115187
"Clatsop County, Oregon",41343.0,68705.0,5038.0,19247.0,853.0,5247.0,437800.0,41,7,12.185859758604844,95.75621890547264,4.243781094527363,12.691386691822073
"Columbia County, Oregon",53178.0,86359.0,4578.0,25304.0,1123.0,4996.0,390600.0,41,9,8.608823197562902,95.75055814129489,4.249441858705112,9.394862537139419
"Coos County, Oregon",64832.0,60313.0,9935.0,27357.0,1507.0,6445.0,302800.0,41,11,15.324222606120436,94.77896341463415,5.221036585365853,9.94107847976308
"Crook County, Oregon",25651.0,81675.0,2475.0,12107.0,644.0,2789.0,423300.0,41,13,9.64874663755799,94.94941573209944,5.050584267900557,10.87287045339363
"Curry County, Oregon",23463.0,64769.0,3094.0,9039.0,482.0,2802.0,366700.0,41,15,13.18671951583344,94.93750656443652,5.062493435563491,11.94220687891574
"Deschutes County, Oregon",203026.0,87640.0,18793.0,106235.0,4971.0,41151.0,596000.0,41,17,9.256449912819049,95.52991745049727,4.470082549502725,20.268832563317012
"Douglas County, Oregon",111807.0,58983.0,17284.0,46234.0,2724.0,10059.0,283200.0,41,19,15.458781650522777,94.43604722415131,5.563952775848686,8.996753333869972
"Gilliam County, Oregon",2002.0,64219.0,248.0,863.0,15.0,254.0,158400.0,41,21,12.387612387612387,98.29157175398633,1.7084282460136675,12.687312687312687
"Grant County, Oregon",7238.0,59800.0,1071.0,3052.0,190.0,793.0,225100.0,41,23,14.796905222437138,94.13942011104257,5.860579888957433,10.956065211384361
"Harney County, Oregon",7515.0,48338.0,942.0,3267.0,145.0,462.0,190600.0,41,25,12.53493013972056,95.75029308323563,4.249706916764361,6.147704590818363
"Hood River County, Oregon",23958.0,82095.0,1306.0,13194.0,465.0,3834.0,571200.0,41,27,5.451206277652559,96.5956512189765,3.4043487810235007,16.003005259203608
"Jackson County, Oregon",222563.0,71443.0,27295.0,104517.0,5673.0,30128.0,400200.0,41,29,12.263943243036802,94.85161992921319,5.148380070786822,13.536841253937087
"Jefferson County, Oregon",24973.0,73051.0,2811.0,11283.0,866.0,2460.0,339200.0,41,31,11.256156649181115,92.87184130381101,7.1281586961889865,9.850638689784967
"Josephine County, Oregon",88069.0,59097.0,13713.0,36330.0,2821.0,8115.0,383100.0,41,33,15.570745665330593,92.79456463436439,7.2054353656356165,9.21436600847063
"Klamath County, Oregon",69812.0,59353.0,12598.0,28756.0,2276.0,6623.0,255700.0,41,35,18.045608204893142,92.66563547306006,7.334364526939933,9.486907694952157
"Lake County, Oregon",8254.0,61222.0,1379.0,3406.0,151.0,871.0,219400.0,41,37,16.707051126726434,95.75484959235311,4.245150407646894,10.55245941361764
"Lane County, Oregon",382628.0,69311.0,57161.0,195167.0,13241.0,52544.0,395800.0,41,39,14.939053075049397,93.64659705961384,6.353402940386166,13.732398047189436
"Lincoln County, Oregon",50632.0,61314.0,7888.0,21400.0,1693.0,6725.0,387700.0,41,41,15.579080423447621,92.66877408738578,7.331225912614212,13.282114078053405
"Linn County, Oregon",129794.0,73396.0,16414.0,62472.0,3705.0,12644.0,344600.0,41,43,12.646193198452933,94.40137812230836,5.598621877691645,9.741590520363037
"Malheur County, Oregon",31701.0,49902.0,5025.0,12463.0,628.0,2163.0,221300.0,41,45,15.851234976814613,95.20281109158965,4.797188908410358,6.823128607930349
"Marion County, Oregon",346532.0,74624.0,44208.0,168250.0,8709.0,39674.0,383300.0,41,47,12.757263398474022,95.07852101334208,4.9214789866579265,11.448870522780002
"Morrow County, Oregon",12249.0,70217.0,1730.0,5503.0,167.0,495.0,229800.0,41,49,14.123601926687893,97.0546737213404,2.945326278659612,4.041146216017634
"Multnomah County, Oregon",803863.0,86247.0,98908.0,470877.0,25568.0,175476.0,528000.0,41,51,12.304086641629233,94.84978194966209,5.1502180503379025,21.829092768295094
"Polk County, Oregon",88553.0,81318.0,10581.0,42735.0,2212.0,10913.0,419500.0,41,53,11.948776438968753,95.07864818564087,4.9213518143591335,12.323693155511389
"Sherman County, Oregon",1908.0,59500.0,341.0,831.0,7.0,150.0,206700.0,41,55,17.872117400419288,99.16467780429595,0.8353221957040573,7.861635220125786
"Tillamook County, Oregon",27471.0,66551.0,3197.0,11502.0,570.0,3513.0,408600.0,41,57,11.637727057624405,95.27833001988071,4.721669980119284,12.788031014524407
"Umatilla County, Oregon",80087.0,68958.0,9606.0,36389.0,1947.0,6127.0,256100.0,41,59,11.994456029068388,94.92122287145241,5.078777128547579,7.650430157204041
"Union County, Oregon",26192.0,64212.0,4065.0,12345.0,688.0,3003.0,260500.0,41,61,15.520006108735492,94.72109261106422,5.278907388935778,11.4653329260843
"Wallowa County, Oregon",7532.0,65559.0,581.0,3462.0,179.0,1293.0,371900.0,41,63,7.713754646840148,95.08376819555068,4.916231804449327,17.166755177907593
"Wasco County, Oregon",26603.0,63602.0,3160.0,12908.0,1004.0,2498.0,332500.0,41,65,11.87835958350562,92.78320874065555,7.2167912593444505,9.389918430252226
"Washington County, Oregon",600266.0,104434.0,47458.0,332460.0,15109.0,119682.0,558500.0,41,67,7.906161601689917,95.65294948628905,4.347050513710947,19.938160748734727
"Wheeler County, Oregon",1434.0,51250.0,142.0,515.0,17.0,146.0,259000.0,41,69,9.902370990237099,96.80451127819549,3.195488721804511,10.181311018131103
"Yamhill County, Oregon",108122.0,87084.0,10684.0,52201.0,2352.0,14134.0,442700.0,41,71,9.881430236214646,95.68859641082985,4.3114035891701645,13.072270213277593
"Adams County, Pennsylvania",105183.0,81071.0,8439.0,54712.0,1685.0,10664.0,256100.0,42,1,8.02315963606286,97.01225242477437,2.9877475752256326,10.138520483348069
"Allegheny County, Pennsylvania",1240476.0,76393.0,135306.0,670748.0,33128.0,234058.0,216700.0,42,3,10.907587087537364,95.29348919411942,4.706510805880582,18.868402129505125
"Armstrong County, Pennsylvania",65069.0,64295.0,7258.0,31249.0,1448.0,6077.0,146300.0,42,5,11.154313113771535,95.57145915527418,4.428540844725816,9.33931672532235
"Beaver County, Pennsylvania",166993.0,70156.0,16575.0,85269.0,4351.0,23804.0,185500.0,42,7,9.925565742276623,95.14505690694041,4.8549430930595845,14.254489709149484
"Bedford County, Pennsylvania",47503.0,60302.0,5151.0,23196.0,968.0,3416.0,172900.0,42,9,10.843525672062817,95.9940407217348,4.005959278265188,7.1911247710670905
"Berks County, Pennsylvania",429989.0,77684.0,48747.0,223263.0,11745.0,51020.0,239700.0,42,11,11.336801639111698,95.00229779411765,4.997702205882353,11.865419813064985
"Blair County, Pennsylvania",121854.0,60594.0,15388.0,59161.0,2628.0,14289.0,156700.0,42,13,12.62822722274197,95.74681577627085,4.253184223729143,11.726328228864052
"Bradford County, Pennsylvania",59971.0,62482.0,7968.0,27035.0,1487.0,5356.0,182300.0,42,15,13.28642177052242,94.78648061145782,5.213519388542178,8.930983308599156
"Bucks County, Pennsylvania",645993.0,111951.0,38691.0,352858.0,16077.0,121430.0,421700.0,42,17,5.989383785892417,95.64232181820645,4.357678181793541,18.797417309475488
"Butler County, Pennsylvania",195870.0,86775.0,15175.0,101436.0,4346.0,34211.0,275600.0,42,19,7.747485577168531,95.8915505473521,4.108449452647898,17.466176545668045
"Cambria County, Pennsylvania",132355.0,56292.0,17864.0,59838.0,2828.0,14657.0,115900.0,42,21,13.497034490574592,95.48718603389398,4.512813966106022,11.074005515469759
"Cameron County, Pennsylvania",4475.0,47681.0,712.0,1927.0,180.0,297.0,88200.0,42,23,15.910614525139666,91.45704793545325,8.54295206454675,6.636871508379888
"Carbon County, Pennsylvania",65191.0,67877.0,7697.0,33037.0,2342.0,6014.0,193700.0,42,25,11.806844503075578,93.38025382288929,6.619746177110715,9.225199797518062
"Centre County, Pennsylvania",158041.0,72748.0,23282.0,76801.0,3068.0,21816.0,308100.0,42,27,14.731620275751228,96.15870988744068,3.841290112559316,13.80401288273296
"Chester County, Pennsylvania",540896.0,123041.0,31305.0,296687.0,11414.0,122249.0,461800.0,42,29,5.787619061705023,96.2953706739024,3.704629326097611,22.601202449269362
"Clarion County, Pennsylvania",37297.0,60668.0,4996.0,18320.0,930.0,3684.0,152100.0,42,31,13.395179236935947,95.16883116883118,4.8311688311688314,9.877470037804649
"Clearfield County, Pennsylvania",78902.0,60181.0,10219.0,36811.0,2143.0,7882.0,125000.0,42,33,12.951509467440623,94.49863942085537,5.501360579144632,9.989607361030139
"Clinton County, Pennsylvania",37707.0,58842.0,5114.0,18144.0,1035.0,3398.0,179100.0,42,35,13.562468507173733,94.60347254809949,5.396527451900516,9.01158936006577
"Columbia County, Pennsylvania",65055.0,61992.0,9592.0,31935.0,1766.0,6599.0,199200.0,42,37,14.744447006379218,94.75979941248033,5.2402005875196584,10.143724540773192
"Crawford County, Pennsylvania",83189.0,60254.0,10152.0,37529.0,1836.0,7699.0,143400.0,42,39,12.203536525261754,95.33595833862569,4.664041661374317,9.254829364459244
"Cumberland County, Pennsylvania",264422.0,85634.0,19473.0,137604.0,4708.0,44066.0,261900.0,42,41,7.364364538502848,96.69177581651583,3.3082241834841755,16.665027872113516
"Dauphin County, Pennsylvania",287484.0,74159.0,34738.0,149108.0,6475.0,43600.0,222300.0,42,43,12.083455079239194,95.83823425438513,4.161765745614881,15.166061415591825
"Delaware County, Pennsylvania",576195.0,88576.0,56407.0,304628.0,20904.0,92346.0,302400.0,42,45,9.789567767856369,93.5785114827421,6.421488517257903,16.02686590477182
"Elk County, Pennsylvania",30703.0,64103.0,2756.0,15841.0,986.0,3039.0,128600.0,42,47,8.97632153209784,94.14036964402447,5.859630355975516,9.898055564602808
"Erie County, Pennsylvania",269544.0,61476.0,39543.0,129705.0,7185.0,34597.0,169500.0,42,49,14.670332116463362,94.75126013587553,5.24873986412448,12.835381236458613
"Fayette County, Pennsylvania",126967.0,56093.0,21411.0,56970.0,3825.0,11552.0,126900.0,42,51,16.86343695605945,93.70836417468541,6.291635825314581,9.098427150361905
"Forest County, Pennsylvania",6785.0,50061.0,646.0,1910.0,60.0,521.0,111900.0,42,53,9.521002210759027,96.95431472081218,3.0456852791878175,7.678703021370671
"Franklin County, Pennsylvania",156626.0,74946.0,11995.0,77876.0,2782.0,15824.0,236300.0,42,55,7.658370896275203,96.55086910163901,3.449130898360981,10.10304802523208
"Fulton County, Pennsylvania",14545.0,64798.0,1694.0,7097.0,214.0,1128.0,206000.0,42,57,11.646613956686148,97.07290384352346,2.9270961564765425,7.755242351323479
"Greene County, Pennsylvania",35265.0,66870.0,4017.0,14787.0,896.0,3239.0,146200.0,42,59,11.390897490429605,94.2868073710387,5.713192628961296,9.184744080533108
"Huntingdon County, Pennsylvania",43844.0,65429.0,4293.0,18944.0,976.0,3807.0,180300.0,42,61,9.791533619195329,95.1004016064257,4.899598393574297,8.68305811513548
"Indiana County, Pennsylvania",83213.0,58739.0,9985.0,39292.0,2603.0,8416.0,145400.0,42,63,11.999327028228763,93.78684807256235,6.213151927437642,10.113804333457512
"Jefferson County, Pennsylvania",44099.0,56898.0,6594.0,20284.0,960.0,3704.0,126700.0,42,65,14.9527200163269,95.48107700997929,4.5189229900207115,8.399283430463274
"Juniata County, Pennsylvania",23419.0,63923.0,2310.0,11271.0,284.0,1685.0,206300.0,42,67,9.863785814936591,97.5421895283427,2.4578104716572913,7.19501259660959
"Lackawanna County, Pennsylvania",215834.0,64691.0,29224.0,106221.0,5015.0,27959.0,189900.0,42,69,13.540035397574062,95.49156747815456,4.508432521845446,12.953936821816766
"Lancaster County, Pennsylvania",555151.0,83703.0,47050.0,289633.0,9560.0,74352.0,279400.0,42,71,8.475171619973665,96.80473807876521,3.1952619212347884,13.39311286478814
"Lawrence County, Pennsylvania",85423.0,60779.0,9628.0,40921.0,2533.0,9825.0,136700.0,42,73,11.270969176919564,94.17084733281172,5.829152667188291,11.501586223850719
"Lebanon County, Pennsylvania",143592.0,76350.0,14793.0,71680.0,2969.0,15036.0,227300.0,42,75,10.302105966906234,96.02271966134845,3.9772803386515556,10.471335450442922
"Lehigh County, Pennsylvania",375408.0,77493.0,43403.0,194346.0,10726.0,53447.0,276100.0,42,77,11.561554362187273,94.76964188187563,5.230358118124366,14.237043430081405
"Luzerne County, Pennsylvania",325978.0,62321.0,48562.0,162694.0,9330.0,35628.0,163800.0,42,79,14.897324359312591,94.57633818536948,5.423661814630517,10.929571934302315
"Lycoming County, Pennsylvania",113570.0,64412.0,13456.0,55609.0,2979.0,12615.0,195600.0,42,81,11.848199348419477,94.91534102546596,5.084658974534034,11.10768688914326
"McKean County, Pennsylvania",40149.0,61705.0,5137.0,18445.0,885.0,3621.0,98700.0,42,83,12.794839223891005,95.4216244180031,4.578375581996896,9.018904580437868
"Mercer County, Pennsylvania",109852.0,60614.0,13135.0,50445.0,2658.0,12771.0,153600.0,42,85,11.956996686450863,94.99463307157787,5.005366928422124,11.625641772566727
"Mifflin County, Pennsylvania",46074.0,61415.0,7255.0,21960.0,718.0,2726.0,142900.0,42,87,15.74640795242436,96.83393597318988,3.1660640268101248,5.916568997699353
"Monroe County, Pennsylvania",167784.0,82374.0,18566.0,83763.0,5359.0,20846.0,241200.0,42,89,11.06541744147237,93.98689436951595,6.0131056304840556,12.42430744290278
"Montgomery County, Pennsylvania",861225.0,111521.0,54662.0,473974.0,20680.0,177678.0,409900.0,42,91,6.347005718598508,95.81929995512014,4.180700044879855,20.630845597840285
"Montour County, Pennsylvania",18079.0,72926.0,1509.0,8666.0,224.0,2257.0,240300.0,42,93,8.346700591846894,97.48031496062993,2.5196850393700787,12.48409757176835
"Northampton County, Pennsylvania",315927.0,86687.0,26577.0,164706.0,7849.0,45687.0,285000.0,42,95,8.412386405720309,95.45130538089305,4.548694619106952,14.461252124699694
"Northumberland County, Pennsylvania",90925.0,57948.0,10671.0,42767.0,1676.0,8964.0,151600.0,42,97,11.736046191916415,96.22887743851675,3.7711225614832484,9.858674731921914
"Perry County, Pennsylvania",45988.0,78824.0,3651.0,23127.0,737.0,4298.0,222800.0,42,99,7.939027572410194,96.91166610794502,3.0883338920549783,9.345916325998086
"Philadelphia County, Pennsylvania",1582432.0,60698.0,338466.0,809321.0,68006.0,210729.0,232400.0,42,101,21.388975955996845,92.24850027412812,7.751499725871882,13.316780752664254
"Pike County, Pennsylvania",59691.0,79318.0,5482.0,28726.0,2111.0,7591.0,250900.0,42,103,9.183964081687357,93.15432759347537,6.8456724065246295,12.717160040877184
"Potter County, Pennsylvania",16276.0,59840.0,1881.0,7326.0,328.0,1267.0,146200.0,42,105,11.556893585647579,95.7146590018291,4.285340998170891,7.784467928237897
"Schuylkill County, Pennsylvania",143259.0,66901.0,17055.0,68201.0,3565.0,13058.0,140400.0,42,107,11.905011203484598,95.03246662765098,4.967533372349023,9.114959618592898
"Snyder County, Pennsylvania",39711.0,68435.0,3143.0,19697.0,462.0,3413.0,205500.0,42,109,7.914683588930019,97.70821965375266,2.2917803462473336,8.594595955780514
"Somerset County, Pennsylvania",73255.0,59378.0,7702.0,34323.0,1824.0,6080.0,130600.0,42,111,10.513958091597843,94.95393808614823,5.046061913851772,8.299774759402089
"Sullivan County, Pennsylvania",5849.0,64758.0,620.0,2786.0,178.0,607.0,186400.0,42,113,10.600102581637886,93.99460188933874,6.005398110661268,10.377842366216447
"Susquehanna County, Pennsylvania",38349.0,66930.0,4146.0,17596.0,978.0,3625.0,206700.0,42,115,10.811233669717593,94.73457521266286,5.265424787337138,9.452658478708702
"Tioga County, Pennsylvania",41078.0,62932.0,4766.0,19287.0,903.0,3708.0,176000.0,42,117,11.60231754223672,95.52748885586925,4.472511144130758,9.02672963630167
"Union County, Pennsylvania",42570.0,72894.0,3290.0,17771.0,411.0,4218.0,222900.0,42,119,7.728447263330985,97.73952260477395,2.2604773952260477,9.908386187455955
"Venango County, Pennsylvania",50096.0,61626.0,6290.0,22951.0,1455.0,4710.0,114500.0,42,121,12.555892686042796,94.03835122510858,5.961648774891421,9.401948259342063
"Warren County, Pennsylvania",38174.0,59013.0,4271.0,17526.0,742.0,3561.0,121800.0,42,123,11.188243306962855,95.93825268228596,4.061747317714035,9.32833865982082
"Washington County, Pennsylvania",209778.0,77487.0,19123.0,107252.0,5275.0,31109.0,220600.0,42,125,9.115827207810161,95.31223617442924,4.687763825570752,14.829486409442364
"Wayne County, Pennsylvania",51189.0,62182.0,5845.0,22168.0,1336.0,4990.0,228200.0,42,127,11.418468811658755,94.31586113002042,5.684138869979578,9.748188087284378
"Westmoreland County, Pennsylvania",353345.0,72468.0,34698.0,180298.0,8712.0,52941.0,193100.0,42,129,9.819864438438355,95.39072006772128,4.6092799322787155,14.982807171461321
"Wyoming County, Pennsylvania",26075.0,70268.0,2871.0,12623.0,595.0,2613.0,205600.0,42,131,11.010546500479386,95.4985625661976,4.501437433802391,10.021093000958773
"York County, Pennsylvania",459312.0,82238.0,38560.0,243489.0,10777.0,55071.0,235000.0,42,133,8.395164942348556,95.76152533173921,4.238474668260798,11.989889225624411
"Bristol County, Rhode Island",50568.0,110926.0,3189.0,26800.0,828.0,9827.0,468000.0,44,1,6.306359753203607,97.00304039380339,2.996959606196612,19.43323841164373
"Kent County, Rhode Island",170658.0,91278.0,12500.0,95337.0,4449.0,27118.0,333900.0,44,3,7.324590701871579,95.54145872166437,4.458541278335638,15.890260052268278
"Newport County, Rhode Island",85095.0,100859.0,7027.0,44400.0,2779.0,19654.0,559700.0,44,5,8.257829484693579,94.10966743678331,5.890332563216686,23.096539162112933
"Providence County, Rhode Island",658977.0,78204.0,82273.0,353274.0,22264.0,90198.0,339100.0,44,7,12.484957745110982,94.07143884240743,5.928561157592574,13.68757938440947
"Washington County, Rhode Island",130073.0,102478.0,9901.0,69738.0,3314.0,25962.0,469800.0,44,9,7.6118794830595125,95.4635054481739,4.536494551826096,19.959561169497128
"Abbeville County, South Carolina",24352.0,52112.0,3318.0,10354.0,351.0,2314.0,147200.0,45,1,13.625164257555847,96.7211583372256,3.2788416627744046,9.502299605781866
"Aiken County, South Carolina",171949.0,67940.0,23440.0,80470.0,4530.0,23850.0,199500.0,45,3,13.631949008136132,94.67058823529412,5.329411764705883,13.870391802220425
"Allendale County, South Carolina",7738.0,31603.0,1824.0,2855.0,307.0,329.0,61600.0,45,5,23.571982424399067,90.29095509171411,9.709044908285895,4.251744636857069
"Anderson County, South Carolina",207218.0,64683.0,29358.0,99323.0,5017.0,23852.0,212500.0,45,7,14.16768813520061,95.19168104274488,4.8083189572551275,11.5105830574564
"Bamberg County, South Carolina",13164.0,43206.0,2676.0,5811.0,690.0,961.0,96000.0,45,9,20.3281677301732,89.386248269497,10.613751730503001,7.300212701306593
"Barnwell County, South Carolina",20565.0,41800.0,5750.0,9137.0,658.0,1154.0,97200.0,45,11,27.960126428397764,93.28228688106176,6.717713118938234,5.611475808412351
"Beaufort County, South Carolina",192123.0,84819.0,19494.0,83717.0,2482.0,35837.0,407600.0,45,13,10.146624818475663,97.12061624844836,2.879383751551642,18.653154489571786
"Berkeley County, South Carolina",238723.0,82327.0,24152.0,116977.0,4270.0,30937.0,280300.0,45,15,10.117165082543366,96.47826337971249,3.5217366202875118,12.95937132157354
"Calhoun County, South Carolina",14150.0,56690.0,2267.0,6741.0,490.0,1528.0,148800.0,45,17,16.021201413427562,93.22362052274927,6.7763794772507255,10.798586572438163
"Charleston County, South Carolina",414711.0,84320.0,47041.0,222237.0,7992.0,89757.0,450800.0,45,19,11.343079879723469,96.52867362495601,3.471326375043978,21.64326482779574
"Cherokee County, South Carolina",56299.0,49047.0,10191.0,25456.0,1598.0,4261.0,135200.0,45,21,18.10156485905611,94.0932948916981,5.906705108301915,7.568518090907476
"Chester County, South Carolina",32177.0,51216.0,6177.0,14597.0,947.0,1891.0,143800.0,45,23,19.196941915032475,93.9076170869789,6.092382913021101,5.876868570718215
"Chesterfield County, South Carolina",43575.0,47620.0,8685.0,19836.0,1599.0,2446.0,101400.0,45,25,19.931153184165233,92.54023792862142,7.459762071378587,5.613310384394722
"Clarendon County, South Carolina",31037.0,48887.0,5501.0,12424.0,1073.0,2587.0,147300.0,45,27,17.724006830557077,92.05008520411944,7.9499147958805665,8.33521281051648
"Colleton County, South Carolina",38623.0,48779.0,7055.0,16871.0,1573.0,2941.0,145900.0,45,29,18.26631799704839,91.47148124051182,8.52851875948818,7.6146337674442695
"Darlington County, South Carolina",62754.0,47419.0,12500.0,28299.0,1941.0,5309.0,141400.0,45,31,19.919048984925265,93.5813492063492,6.418650793650793,8.460018484877457
"Dillon County, South Carolina",28031.0,44038.0,8057.0,12324.0,838.0,1287.0,84400.0,45,33,28.743177196675106,93.6331864458289,6.366813554171098,4.591345296279119
"Dorchester County, South Carolina",164322.0,76896.0,18643.0,82116.0,3823.0,21584.0,294400.0,45,35,11.34540718832536,95.55149582843644,4.448504171563552,13.135185793746423
"Edgefield County, South Carolina",26508.0,67092.0,4003.0,12128.0,707.0,2447.0,194300.0,45,37,15.101101554247776,94.49162446435528,5.5083755356447215,9.231175494190433
"Fairfield County, South Carolina",20741.0,46972.0,3460.0,10096.0,558.0,1369.0,129100.0,45,39,16.681934332963692,94.76253050497466,5.237469495025342,6.600453208620606
"Florence County, South Carolina",136921.0,56650.0,24483.0,62585.0,2926.0,13604.0,165500.0,45,41,17.881113927009004,95.53357451420372,4.466425485796279,9.935656327371257
"Georgetown County, South Carolina",64200.0,66734.0,9157.0,27466.0,1414.0,9951.0,262300.0,45,43,14.263239875389408,95.10387811634348,4.89612188365651,15.5
"Greenville County, South Carolina",537575.0,74624.0,57760.0,279077.0,11874.0,92650.0,273900.0,45,45,10.744547272473607,95.91890043340632,4.0810995665936876,17.23480444589127
"Greenwood County, South Carolina",69329.0,50635.0,11306.0,30698.0,1445.0,7548.0,166400.0,45,47,16.307750003605996,95.50446442460256,4.495535575397443,10.887218912720506
"Hampton County, South Carolina",18555.0,43059.0,3597.0,8308.0,833.0,954.0,102400.0,45,49,19.3856103476152,90.8872114648288,9.112788535171207,5.141471301535974
"Horry County, South Carolina",368937.0,64623.0,46454.0,169255.0,8826.0,47837.0,260500.0,45,51,12.591309627388958,95.04382837023601,4.9561716297639835,12.96617037597205
"Jasper County, South Carolina",30658.0,63503.0,5338.0,13441.0,686.0,4219.0,269400.0,45,53,17.41144236414639,95.14405039994337,4.855949600056629,13.761497814599776
"Kershaw County, South Carolina",66924.0,64343.0,9358.0,31211.0,1533.0,6426.0,191900.0,45,55,13.983025521487061,95.31822623992183,4.681773760078182,9.601936525013448
"Lancaster County, South Carolina",100905.0,74751.0,12160.0,47332.0,2609.0,14475.0,298100.0,45,57,12.050939002031615,94.77583548587333,5.224164514126669,14.3451761557901
"Laurens County, South Carolina",67904.0,55517.0,11621.0,30931.0,1407.0,5591.0,153500.0,45,59,17.113866635249764,95.64908157585504,4.350918424144969,8.233682846371346
"Lee County, South Carolina",16330.0,44145.0,3525.0,6484.0,368.0,1003.0,101900.0,45,61,21.586037966932025,94.62930531231757,5.370694687682429,6.1420698101653395
"Lexington County, South Carolina",300370.0,75014.0,34010.0,152392.0,6399.0,43013.0,217700.0,45,63,11.322702000865599,95.97017463206353,4.02982536793647,14.320005326763658
"McCormick County, South Carolina",9701.0,55344.0,1572.0,3223.0,178.0,1307.0,159000.0,45,65,16.204514998453767,94.76624522199353,5.233754778006468,13.472837851767858
"Marion County, South Carolina",28900.0,34501.0,7807.0,11553.0,678.0,1702.0,86800.0,45,67,27.013840830449826,94.45670836399313,5.543291636006868,5.889273356401384
"Marlboro County, South Carolina",26285.0,36293.0,6241.0,10047.0,841.0,1134.0,74500.0,45,69,23.743579988586646,92.27590007347538,7.724099926524615,4.314247669773636
"Newberry County, South Carolina",38121.0,59670.0,5893.0,17779.0,644.0,3652.0,158200.0,45,71,15.45867107368642,96.50436953807741,3.495630461922597,9.580021510453555
"Oconee County, South Carolina",79566.0,60193.0,12905.0,34652.0,2104.0,10080.0,217200.0,45,73,16.21923937360179,94.27576450103385,5.724235498966155,12.66872784857854
"Orangeburg County, South Carolina",83531.0,43214.0,19137.0,35586.0,3326.0,5842.0,109700.0,45,75,22.91005734398008,91.45250822368422,8.54749177631579,6.993810681064515
"Pickens County, South Carolina",132604.0,59411.0,21473.0,63798.0,2240.0,12812.0,216000.0,45,77,16.19332750143284,96.60801356794573,3.3919864320542716,9.661850321257278
"Richland County, South Carolina",418725.0,61699.0,65996.0,211342.0,13892.0,62729.0,224200.0,45,79,15.761179771926681,93.83219229778807,6.167807702211922,14.980954086811153
"Saluda County, South Carolina",18958.0,52957.0,3630.0,8555.0,202.0,1521.0,123200.0,45,81,19.14758940816542,97.69327395226675,2.306726047733242,8.022998206561875
"Spartanburg County, South Carolina",338096.0,64195.0,47882.0,165886.0,7168.0,36052.0,216000.0,45,83,14.162249775211775,95.85794029609255,4.142059703907451,10.663243575789124
"Sumter County, South Carolina",104853.0,55990.0,16710.0,44116.0,3231.0,9755.0,159500.0,45,85,15.936596950015735,93.17591399666294,6.824086003337064,9.303501092004996
"Union County, South Carolina",26990.0,41200.0,6037.0,11773.0,901.0,1995.0,100000.0,45,87,22.367543534642458,92.89095786649835,7.109042133501657,7.391626528343831
"Williamsburg County, South Carolina",30517.0,43471.0,6833.0,12489.0,617.0,1956.0,95100.0,45,89,22.390798571288133,95.2922325652373,4.707767434762704,6.40954222236786
"York County, South Carolina",288559.0,83060.0,25243.0,151550.0,6735.0,47386.0,322700.0,45,91,8.74795102561348,95.74501689989576,4.254983100104242,16.421598355968797
"Aurora County, South Dakota",2573.0,74130.0,209.0,1394.0,10.0,255.0,129000.0,46,3,8.122813835989117,99.28774928774928,0.7122507122507122,9.910610182666149
"Beadle County, South Dakota",19279.0,63082.0,2609.0,9404.0,237.0,2303.0,178400.0,46,5,13.532859588152913,97.54174878124677,2.4582512187532415,11.945640334042222
"Bennett County, South Dakota",3354.0,44569.0,1058.0,1186.0,117.0,320.0,138600.0,46,7,31.54442456768038,91.02072141212587,8.979278587874138,9.540846750149075
"Bon Homme County, South Dakota",7024.0,61275.0,645.0,2784.0,61.0,692.0,120300.0,46,9,9.182801822323462,97.85588752196837,2.1441124780316345,9.851936218678816
"Brookings County, South Dakota",34968.0,67341.0,4078.0,19779.0,714.0,5558.0,246300.0,46,11,11.662091054678564,96.5158834724052,3.4841165275947885,15.894532143674217
"Brown County, South Dakota",38079.0,70239.0,3914.0,21088.0,732.0,6160.0,212900.0,46,13,10.27863126657738,96.64527956003667,3.3547204399633364,16.176895401664957
"Brule County, South Dakota",5261.0,74043.0,537.0,2728.0,43.0,809.0,205500.0,46,15,10.20718494582779,98.44821364128474,1.5517863587152654,15.37730469492492
"Buffalo County, South Dakota",1757.0,47000.0,568.0,649.0,63.0,41.0,108000.0,46,17,32.32783153101878,91.15168539325843,8.848314606741573,2.333523050654525
"Butte County, South Dakota",10538.0,67692.0,749.0,5664.0,230.0,963.0,207700.0,46,19,7.107610552286961,96.09772650152698,3.902273498473023,9.13835642436895
"Campbell County, South Dakota",1481.0,65000.0,125.0,787.0,27.0,283.0,87900.0,46,21,8.440243079000675,96.68304668304668,3.3169533169533167,19.10871033085753
"Charles Mix County, South Dakota",9281.0,64850.0,2045.0,4170.0,244.0,1035.0,169200.0,46,23,22.034263549186512,94.47213411871319,5.527865881286815,11.151815537118845
"Clark County, South Dakota",3876.0,62885.0,416.0,1647.0,66.0,355.0,141900.0,46,25,10.732714138286893,96.14711033274956,3.852889667250438,9.158926728586172
"Clay County, South Dakota",15133.0,58794.0,2515.0,8492.0,711.0,1828.0,221800.0,46,27,16.619308795347916,92.27425839400195,7.725741605998045,12.079561223815501
"Codington County, South Dakota",28556.0,65080.0,2867.0,15570.0,310.0,2900.0,218000.0,46,29,10.039921557641126,98.04785894206549,1.9521410579345089,10.155483961339124
"Corson County, South Dakota",3859.0,43750.0,1731.0,1544.0,359.0,329.0,73800.0,46,31,44.856180357605595,81.1350499211771,18.86495007882291,8.525524747343871
"Custer County, South Dakota",8686.0,81958.0,564.0,4108.0,84.0,1451.0,327200.0,46,33,6.493207460280911,97.99618320610686,2.0038167938931295,16.705042597282986
"Davison County, South Dakota",19936.0,61401.0,2376.0,10525.0,90.0,2516.0,190000.0,46,35,11.918138041733547,99.15214319359397,0.8478568064060292,12.620385232744782
"Day County, South Dakota",5460.0,62270.0,747.0,2536.0,55.0,631.0,155100.0,46,37,13.681318681318682,97.8772674642995,2.122732535700502,11.556776556776557
"Deuel County, South Dakota",4318.0,79556.0,288.0,2146.0,25.0,546.0,180100.0,46,39,6.66975451597962,98.84845693228927,1.1515430677107323,12.644742936544699
"Dewey County, South Dakota",5230.0,57928.0,1661.0,2274.0,333.0,326.0,75400.0,46,41,31.759082217973233,87.22669735327963,12.773302646720369,6.233269598470363
"Douglas County, South Dakota",2823.0,78125.0,371.0,1462.0,11.0,347.0,125000.0,46,43,13.14204746723344,99.25322471147318,0.7467752885268161,12.291888062345024
"Edmunds County, South Dakota",4033.0,77266.0,332.0,1958.0,14.0,649.0,163600.0,46,45,8.232085296305481,99.29006085192698,0.7099391480730223,16.092239028018845
"Fall River County, South Dakota",7179.0,61056.0,1365.0,3219.0,113.0,829.0,176300.0,46,47,19.013790221479315,96.60864345738295,3.3913565426170464,11.547569299345312
"Faulk County, South Dakota",2137.0,58000.0,529.0,994.0,42.0,172.0,124100.0,46,49,24.754328497894242,95.94594594594594,4.054054054054054,8.048666354702855
"Grant County, South Dakota",7544.0,73818.0,822.0,4200.0,153.0,948.0,179400.0,46,51,10.896076352067869,96.48518263266712,3.5148173673328738,12.56627783669141
"Gregory County, South Dakota",3993.0,52432.0,434.0,2048.0,62.0,376.0,129000.0,46,53,10.869020786376158,97.06161137440759,2.938388625592417,9.41647883796644
"Haakon County, South Dakota",1708.0,59231.0,136.0,840.0,0.0,199.0,153200.0,46,55,7.962529274004685,100.0,0.0,11.651053864168619
"Hamlin County, South Dakota",6288.0,83194.0,402.0,3062.0,56.0,671.0,207700.0,46,57,6.393129770992366,98.20397690827454,1.7960230917254651,10.671119592875318
"Hand County, South Dakota",3045.0,72054.0,198.0,1649.0,19.0,445.0,152100.0,46,59,6.502463054187192,98.86091127098321,1.1390887290167866,14.614121510673234
"Hanson County, South Dakota",3473.0,86375.0,215.0,1856.0,29.0,356.0,192400.0,46,61,6.190613302620213,98.46153846153847,1.5384615384615385,10.250503887129284
"Harding County, South Dakota",1092.0,74766.0,60.0,682.0,7.0,212.0,156400.0,46,63,5.4945054945054945,98.98403483309144,1.0159651669085632,19.413919413919416
"Hughes County, South Dakota",17732.0,78981.0,1543.0,9051.0,53.0,3099.0,221100.0,46,65,8.701782088878863,99.41783831282952,0.5821616871704745,17.47687796074893
"Hutchinson County, South Dakota",7393.0,74459.0,708.0,3704.0,74.0,984.0,160500.0,46,67,9.57662653861761,98.0412916887242,1.9587083112758072,13.309887731638037
"Hyde County, South Dakota",1305.0,74279.0,103.0,700.0,18.0,180.0,134500.0,46,69,7.892720306513409,97.49303621169916,2.5069637883008355,13.793103448275861
"Jackson County, South Dakota",2826.0,26686.0,1031.0,903.0,76.0,164.0,111500.0,46,71,36.482661004954,92.23697650663942,7.763023493360572,5.803255484784147
"Jerauld County, South Dakota",1845.0,75417.0,188.0,962.0,11.0,228.0,127000.0,46,73,10.18970189701897,98.86947584789311,1.1305241521068858,12.357723577235772
"Jones County, South Dakota",1030.0,64688.0,162.0,462.0,0.0,119.0,117100.0,46,75,15.728155339805824,100.0,0.0,11.553398058252426
"Kingsbury County, South Dakota",5210.0,70221.0,496.0,2579.0,33.0,588.0,159600.0,46,77,9.520153550863723,98.73660030627872,1.2633996937212864,11.285988483685221
"Lake County, South Dakota",11052.0,73792.0,985.0,6093.0,147.0,1986.0,231000.0,46,79,8.912414042707201,97.64423076923077,2.355769230769231,17.96959826275787
"Lawrence County, South Dakota",26574.0,66766.0,3028.0,14760.0,334.0,4381.0,310800.0,46,81,11.394596221871002,97.78720021200476,2.21279978799523,16.486038985474526
"Lincoln County, South Dakota",68286.0,96552.0,3902.0,39103.0,611.0,12480.0,323500.0,46,83,5.714202032627479,98.46149972301959,1.53850027698041,18.276074158685528
"Lyman County, South Dakota",3717.0,61169.0,904.0,1585.0,59.0,491.0,156500.0,46,85,24.32068872746839,96.41119221411192,3.588807785888078,13.209577616357276
"McCook County, South Dakota",5732.0,80847.0,413.0,3012.0,52.0,736.0,217300.0,46,87,7.20516399162596,98.30287206266318,1.6971279373368149,12.840195394277739
"McPherson County, South Dakota",2278.0,62024.0,269.0,1113.0,7.0,299.0,78400.0,46,89,11.808604038630378,99.375,0.625,13.125548726953468
"Marshall County, South Dakota",4355.0,72500.0,333.0,2215.0,24.0,542.0,147200.0,46,91,7.64638346727899,98.92809289861545,1.0719071013845467,12.445464982778416
"Meade County, South Dakota",30297.0,74161.0,2241.0,15640.0,549.0,4301.0,274800.0,46,93,7.396771957619566,96.60880845018222,3.3911915498177776,14.196125028880747
"Mellette County, South Dakota",2043.0,51364.0,898.0,777.0,114.0,163.0,63000.0,46,95,43.954968184043075,87.20538720538721,12.794612794612794,7.97846304454234
"Miner County, South Dakota",2299.0,72589.0,229.0,1182.0,10.0,220.0,114100.0,46,97,9.960852544584602,99.16107382550335,0.8389261744966443,9.569377990430622
"Minnehaha County, South Dakota",200689.0,76074.0,17316.0,114861.0,2600.0,32296.0,266600.0,46,99,8.628275590590416,97.78649934872,2.213500651279999,16.09256112691777
"Moody County, South Dakota",6371.0,77500.0,623.0,3183.0,98.0,850.0,206300.0,46,101,9.778684664887773,97.01310576043889,2.9868942395611096,13.341704598964055
"Oglala Lakota County, South Dakota",13587.0,34769.0,7039.0,3561.0,461.0,452.0,45600.0,46,102,51.806874218002505,88.53804077573346,11.461959224266534,3.3267093545300654
"Pennington County, South Dakota",112081.0,70768.0,13073.0,56715.0,1895.0,16951.0,270400.0,46,103,11.663885939632944,96.766763350964,3.2332366490360003,15.12388361988205
"Perkins County, South Dakota",3058.0,65455.0,354.0,1624.0,57.0,347.0,105900.0,46,105,11.576193590582081,96.60916121356335,3.390838786436645,11.347285807717462
"Potter County, South Dakota",2430.0,71726.0,180.0,1212.0,35.0,384.0,121300.0,46,107,7.4074074074074066,97.19326383319968,2.8067361668003206,15.802469135802468
"Roberts County, South Dakota",10219.0,63691.0,1728.0,4636.0,288.0,868.0,139100.0,46,109,16.90967805068989,94.1510966693745,5.848903330625508,8.493981798610431
"Sanborn County, South Dakota",2370.0,69870.0,263.0,1226.0,14.0,212.0,138500.0,46,111,11.09704641350211,98.87096774193549,1.129032258064516,8.945147679324894
"Spink County, South Dakota",6283.0,73011.0,571.0,3058.0,49.0,1004.0,117400.0,46,115,9.088015279325164,98.42291599613775,1.5770840038622465,15.979627566449148
"Stanley County, South Dakota",3012.0,77000.0,62.0,1767.0,6.0,353.0,169900.0,46,117,2.058432934926959,99.66159052453469,0.338409475465313,11.719787516600267
"Sully County, South Dakota",1481.0,70250.0,117.0,892.0,0.0,197.0,198700.0,46,119,7.9000675219446315,100.0,0.0,13.301823092505064
"Todd County, South Dakota",9293.0,39148.0,4478.0,2817.0,489.0,555.0,45200.0,46,121,48.18680727429248,85.2087114337568,14.791288566243194,5.97223716776068
"Tripp County, South Dakota",5607.0,58854.0,1013.0,2647.0,43.0,637.0,137100.0,46,123,18.06670233636526,98.40148698884758,1.5985130111524164,11.36079900124844
"Turner County, South Dakota",8772.0,75283.0,728.0,4623.0,61.0,1193.0,199000.0,46,125,8.299133606931145,98.69769427839454,1.3023057216054654,13.600091199270405
"Union County, South Dakota",16916.0,84137.0,1218.0,8972.0,318.0,2659.0,269500.0,46,127,7.200283755024829,96.57696447793326,3.4230355220667383,15.718846062899031
"Walworth County, South Dakota",5298.0,62722.0,791.0,2533.0,93.0,820.0,130000.0,46,129,14.930162325405814,96.45849200304646,3.5415079969535412,15.477538693846734
"Yankton County, South Dakota",23379.0,73855.0,2037.0,11859.0,191.0,2864.0,208200.0,46,135,8.712947517002439,98.4149377593361,1.5850622406639006,12.250310107361308
"Ziebach County, South Dakota",2410.0,47333.0,921.0,1141.0,276.0,164.0,101700.0,46,137,38.21576763485477,80.52223006351447,19.477769936485533,6.804979253112033
"Anderson County, Tennessee",78175.0,63171.0,11370.0,35846.0,1789.0,8511.0,215800.0,47,1,14.544291653341862,95.24644612727514,4.753553872724857,10.887112248161177
"Bedford County, Tennessee",51291.0,62197.0,6862.0,25116.0,1008.0,4027.0,255300.0,47,3,13.37856544033066,96.14147909967846,3.858520900321544,7.851279951648438
"Benton County, Tennessee",15948.0,50435.0,2920.0,6495.0,348.0,864.0,123400.0,47,5,18.309505894156004,94.91451117930733,5.085488820692679,5.417607223476298
"Bledsoe County, Tennessee",14905.0,49655.0,3427.0,5915.0,310.0,585.0,165400.0,47,7,22.99228446829923,95.02008032128514,4.979919678714859,3.924857430392486
"Blount County, Tennessee",137747.0,74607.0,12046.0,68992.0,2572.0,17143.0,275700.0,47,9,8.745018040320298,96.40601419708233,3.593985802917668,12.44528011499343
"Bradley County, Tennessee",109743.0,63789.0,13994.0,54623.0,3204.0,11344.0,230800.0,47,11,12.751610581084899,94.45933560447541,5.540664395524582,10.336877978549884
"Campbell County, Tennessee",39568.0,50260.0,7447.0,16758.0,876.0,2230.0,169500.0,47,13,18.820764253942578,95.03232391970057,4.967676080299421,5.6358673675697535
"Cannon County, Tennessee",14661.0,58092.0,2397.0,6583.0,156.0,1216.0,227600.0,47,15,16.349498669940658,97.68511648612554,2.314883513874462,8.294113634813451
"Carroll County, Tennessee",28461.0,50391.0,4508.0,12518.0,523.0,2144.0,122100.0,47,17,15.839218579810968,95.98957135189019,4.010428648109808,7.5331154913741605
"Carter County, Tennessee",56462.0,48435.0,9851.0,24764.0,1695.0,5799.0,157200.0,47,19,17.447132584747262,93.59386220189727,6.4061377981027245,10.270624490807977
"Cheatham County, Tennessee",41500.0,82015.0,3330.0,21930.0,842.0,4920.0,291400.0,47,21,8.024096385542169,96.30247672580361,3.6975232741963815,11.855421686746988
"Chester County, Tennessee",17452.0,60543.0,2517.0,7452.0,401.0,1344.0,155200.0,47,23,14.422415768966307,94.89367120845536,5.106328791544633,7.701123080449232
"Claiborne County, Tennessee",32221.0,46587.0,5599.0,13967.0,645.0,2233.0,148000.0,47,25,17.376866019055896,95.58581987407611,4.414180125923898,6.930262872039974
"Clay County, Tennessee",7621.0,44712.0,1639.0,2900.0,152.0,350.0,136900.0,47,27,21.50636399422648,95.01965923984272,4.980340760157274,4.592573153129511
"Cocke County, Tennessee",36503.0,48416.0,7275.0,15798.0,694.0,1996.0,141800.0,47,29,19.929868777908666,95.7918991025952,4.208100897404803,5.468043722433773
"Coffee County, Tennessee",58940.0,60656.0,9391.0,27094.0,1090.0,5200.0,227300.0,47,31,15.933152358330505,96.13255747942094,3.8674425205790524,8.822531387852054
"Crockett County, Tennessee",13937.0,59049.0,2028.0,6694.0,225.0,1016.0,134100.0,47,33,14.551194661691898,96.7480849833791,3.2519150166208988,7.289947621439334
"Cumberland County, Tennessee",62529.0,58475.0,8307.0,24317.0,1185.0,5251.0,228000.0,47,35,13.285035743415055,95.35330562308837,4.646694376911615,8.397703465591967
"Davidson County, Tennessee",709846.0,75664.0,95838.0,414914.0,18969.0,144376.0,386600.0,47,37,13.501238296757325,95.62808406874665,4.371915931253357,20.33905945796694
"Decatur County, Tennessee",11499.0,46190.0,2442.0,4628.0,385.0,1045.0,133900.0,47,39,21.23662927211062,92.31996808298423,7.680031917015759,9.087746760587876
"DeKalb County, Tennessee",20551.0,48484.0,4323.0,9045.0,540.0,1869.0,206600.0,47,41,21.03547272638801,94.36619718309859,5.633802816901409,9.0944479587368
"Dickson County, Tennessee",55197.0,73223.0,5375.0,27592.0,820.0,5388.0,272700.0,47,43,9.73784807145316,97.11389553709701,2.8861044629029986,9.761400076091093
"Dyer County, Tennessee",36681.0,54973.0,6454.0,16535.0,636.0,3337.0,159500.0,47,45,17.59494015975573,96.29608060101333,3.7039193989866637,9.097352852975655
"Fayette County, Tennessee",42653.0,84764.0,4564.0,20857.0,1005.0,5812.0,316000.0,47,47,10.700302440625514,95.40298234379289,4.597017656207117,13.626239654889458
"Fentress County, Tennessee",18948.0,50865.0,3873.0,7461.0,330.0,1342.0,151800.0,47,49,20.440151994933505,95.76434347323836,4.235656526761648,7.082541693054675
"Franklin County, Tennessee",43478.0,61553.0,5230.0,20558.0,588.0,4298.0,215700.0,47,51,12.029072174433047,97.2193322614206,2.7806677385794,9.885459312755875
"Gibson County, Tennessee",50610.0,59009.0,6644.0,22889.0,1195.0,4195.0,149700.0,47,53,13.127840347757362,95.03819963461218,4.961800365387809,8.288875716261607
"Giles County, Tennessee",30442.0,61476.0,4232.0,14188.0,722.0,2706.0,204100.0,47,55,13.901846133631167,95.15761234071093,4.842387659289068,8.889034886012745
"Grainger County, Tennessee",23929.0,51351.0,3884.0,10484.0,541.0,1500.0,172000.0,47,57,16.23135108027916,95.09297052154196,4.90702947845805,6.268544443980108
"Greene County, Tennessee",70919.0,54071.0,10458.0,30788.0,1674.0,5717.0,186400.0,47,59,14.746400823474668,94.84320128149837,5.156798718501633,8.061309381124945
"Grundy County, Tennessee",13665.0,45573.0,2569.0,5532.0,396.0,581.0,133400.0,47,61,18.79985364068789,93.31983805668015,6.680161943319838,4.251738016831321
"Hamblen County, Tennessee",64930.0,52794.0,10970.0,29612.0,1819.0,5231.0,188800.0,47,63,16.8951178191899,94.21271992618753,5.787280073812478,8.056368396734944
"Hamilton County, Tennessee",370913.0,72568.0,45380.0,192890.0,8045.0,60648.0,282100.0,47,65,12.234674977690187,95.99621768233509,4.003782317664917,16.351004143828877
"Hancock County, Tennessee",6790.0,31995.0,2078.0,2474.0,180.0,213.0,118000.0,47,67,30.603829160530193,93.21778447626224,6.782215523737754,3.1369661266568483
"Hardeman County, Tennessee",25477.0,46173.0,3789.0,10135.0,1139.0,1334.0,116800.0,47,69,14.872237704596303,89.89710839098811,10.102891609011886,5.236095301644621
"Hardin County, Tennessee",26939.0,49149.0,5508.0,11112.0,482.0,1815.0,154000.0,47,71,20.446193251419874,95.84267724685182,4.15732275314818,6.737443854634545
"Hawkins County, Tennessee",57446.0,55278.0,9725.0,24129.0,2030.0,4686.0,166900.0,47,73,16.928941962886885,92.23976451699224,7.76023548300776,8.157225916512898
"Haywood County, Tennessee",17672.0,43513.0,3968.0,7806.0,515.0,1018.0,119600.0,47,75,22.453598913535536,93.81084004326404,6.18915995673597,5.760525124490719
"Henderson County, Tennessee",27906.0,53471.0,4616.0,12103.0,860.0,1898.0,156000.0,47,77,16.541245610263026,93.36573324076217,6.634266759237831,6.801404715831722
"Henry County, Tennessee",32345.0,48540.0,5824.0,13435.0,451.0,2813.0,145200.0,47,79,18.005874169114236,96.75212444188391,3.247875558116088,8.696861957025815
"Hickman County, Tennessee",25229.0,57223.0,3330.0,11050.0,351.0,1702.0,192000.0,47,81,13.19909627809267,96.92132269099201,3.0786773090079818,6.746204764358477
"Houston County, Tennessee",8293.0,54475.0,1106.0,3557.0,238.0,516.0,150100.0,47,83,13.336548896659833,93.72859025032938,6.271409749670618,6.222115036778005
"Humphreys County, Tennessee",19074.0,59333.0,2548.0,8584.0,837.0,1383.0,186900.0,47,85,13.358498479605746,91.11559282454091,8.88440717545908,7.250707769738912
"Jackson County, Tennessee",11882.0,41475.0,2412.0,5082.0,393.0,884.0,135200.0,47,87,20.299612859787914,92.82191780821918,7.178082191780821,7.439824945295405
"Jefferson County, Tennessee",55835.0,63084.0,6229.0,27560.0,1497.0,5156.0,210000.0,47,89,11.156084892988268,94.84805726675157,5.151942733248442,9.234351213396614
"Johnson County, Tennessee",18073.0,52152.0,3583.0,6860.0,253.0,1537.0,175500.0,47,91,19.825153543960607,96.44313229298469,3.5568677070153236,8.504398826979472
"Knox County, Tennessee",487401.0,71662.0,58146.0,255767.0,9180.0,79863.0,279700.0,47,93,11.929807283940738,96.53515608782133,3.464843912178662,16.385481359291425
"Lake County, Tennessee",6691.0,30500.0,1453.0,1615.0,69.0,265.0,107000.0,47,95,21.715737557913613,95.90261282660333,4.097387173396674,3.960544014347631
"Lauderdale County, Tennessee",24933.0,49205.0,4252.0,9576.0,489.0,1163.0,122100.0,47,97,17.05370392652308,95.14157973174366,4.858420268256334,4.664500862310994
"Lawrence County, Tennessee",44901.0,53233.0,6748.0,20275.0,1144.0,2862.0,176700.0,47,99,15.028618516291397,94.65894766328961,5.341052336710398,6.374022850270595
"Lewis County, Tennessee",12784.0,49477.0,1986.0,5764.0,199.0,690.0,157800.0,47,101,15.535043804755944,96.66275364749288,3.3372463525071274,5.397371714643304
"Lincoln County, Tennessee",35617.0,63115.0,4359.0,16706.0,643.0,2850.0,209100.0,47,103,12.238537776904288,96.29373450919361,3.706265490806387,8.001796894741275
"Loudon County, Tennessee",56996.0,80296.0,7159.0,25656.0,690.0,7546.0,292600.0,47,105,12.560530563548319,97.38100660441813,2.6189933955818723,13.239525580742509
"McMinn County, Tennessee",54135.0,59674.0,7011.0,24425.0,1291.0,4381.0,190400.0,47,107,12.950955943474646,94.97977912583605,5.020220874163945,8.09273113512515
"McNairy County, Tennessee",25933.0,50714.0,4114.0,10877.0,625.0,1430.0,151100.0,47,109,15.863957120271468,94.56616240653798,5.433837593462006,5.514209694212008
"Macon County, Tennessee",25793.0,56269.0,3871.0,12680.0,462.0,1349.0,211200.0,47,111,15.007947892839143,96.48455334043524,3.515446659564754,5.230101190245415
"Madison County, Tennessee",98845.0,58189.0,17648.0,48611.0,3546.0,10569.0,189700.0,47,113,17.85421619707623,93.2012960868148,6.79870391318519,10.692498356011939
"Marion County, Tennessee",29010.0,58103.0,4854.0,12721.0,985.0,2100.0,173600.0,47,115,16.73216132368149,92.81336640887203,7.186633591127974,7.238883143743537
"Marshall County, Tennessee",35276.0,70829.0,4943.0,17660.0,790.0,3576.0,246100.0,47,117,14.012359677968023,95.71815718157181,4.281842818428185,10.13720376459916
"Maury County, Tennessee",104855.0,74162.0,10294.0,53735.0,1320.0,13590.0,307500.0,47,119,9.817366839921798,97.6023976023976,2.3976023976023977,12.960755328787373
"Meigs County, Tennessee",13076.0,58395.0,1853.0,5305.0,359.0,762.0,185500.0,47,121,14.171000305903947,93.6617231638418,6.338276836158192,5.827470174365249
"Monroe County, Tennessee",47054.0,56648.0,7366.0,19731.0,1040.0,3605.0,199700.0,47,123,15.654354571343562,94.99301911318665,5.006980886813346,7.661410294555192
"Montgomery County, Tennessee",227957.0,72365.0,25939.0,102855.0,5624.0,27593.0,248300.0,47,125,11.37890040665564,94.81558642686603,5.184413573133971,12.104475844128498
"Moore County, Tennessee",6611.0,66687.0,732.0,3176.0,161.0,775.0,259300.0,47,127,11.072454999243684,95.17530716212167,4.824692837878334,11.722886098926033
"Morgan County, Tennessee",21193.0,57408.0,3544.0,8200.0,494.0,1301.0,144000.0,47,129,16.722502713160008,94.31792040487693,5.682079595123073,6.138819421507102
"Obion County, Tennessee",30570.0,53102.0,5121.0,13420.0,506.0,2351.0,122700.0,47,131,16.75171736997056,96.36650868878357,3.6334913112164293,7.690546287209683
"Overton County, Tennessee",22807.0,46159.0,4048.0,10531.0,306.0,1435.0,171700.0,47,133,17.748936729951332,97.17634031558549,2.8236596844145057,6.291927916867629
"Perry County, Tennessee",8561.0,50489.0,1483.0,3571.0,318.0,569.0,113800.0,47,135,17.322742670248804,91.82309076883519,8.176909231164824,6.64641981076977
"Pickett County, Tennessee",5062.0,44591.0,1292.0,1853.0,65.0,404.0,162200.0,47,137,25.523508494666142,96.61105318039624,3.388946819603754,7.981035163966811
"Polk County, Tennessee",17702.0,60227.0,2314.0,8056.0,342.0,1199.0,136400.0,47,139,13.07196926900915,95.92760180995475,4.072398190045249,6.773245960908373
"Putnam County, Tennessee",81366.0,56537.0,13172.0,40491.0,1525.0,9605.0,246800.0,47,141,16.188579996558758,96.370430312262,3.6295696877380044,11.804685003564144
"Rhea County, Tennessee",33299.0,58133.0,4998.0,14519.0,918.0,2740.0,178500.0,47,143,15.00945974353584,94.05324868821661,5.946751311783378,8.228475329589477
"Roane County, Tennessee",54403.0,66218.0,6854.0,24293.0,1169.0,5175.0,212300.0,47,145,12.598569931805232,95.40884455266672,4.591155447333281,9.51234306931603
"Robertson County, Tennessee",74291.0,78439.0,7503.0,38097.0,1347.0,7867.0,296700.0,47,147,10.099473691295042,96.5850319440219,3.414968055978095,10.589438828391057
"Rutherford County, Tennessee",351591.0,82588.0,31796.0,195258.0,6480.0,52342.0,346400.0,47,149,9.043462432201052,96.7879130357196,3.2120869642804037,14.887184256707368
"Scott County, Tennessee",21969.0,42679.0,5338.0,9113.0,670.0,869.0,116800.0,47,151,24.297874277390868,93.15138505570889,6.848614944291118,3.955573763029724
"Sequatchie County, Tennessee",16409.0,52260.0,3812.0,6559.0,320.0,1446.0,217800.0,47,153,23.231153635200194,95.34816106992295,4.651838930077046,8.812237186909623
"Sevier County, Tennessee",98802.0,63829.0,13285.0,49318.0,1687.0,10314.0,259500.0,47,155,13.446084087366653,96.69248112930104,3.3075188706989516,10.439059938057934
"Shelby County, Tennessee",922195.0,62337.0,158883.0,461072.0,33045.0,121963.0,229700.0,47,157,17.228785668974567,93.31231267088565,6.68768732911436,13.225293999642156
"Smith County, Tennessee",20196.0,62799.0,2656.0,9723.0,303.0,1783.0,224500.0,47,159,13.151119033471975,96.97785757031717,3.0221424296828245,8.828480887304417
"Stewart County, Tennessee",13859.0,62052.0,1648.0,5841.0,178.0,1148.0,182700.0,47,161,11.891189840536835,97.04269812261172,2.95730187738827,8.28342593260697
"Sullivan County, Tennessee",159693.0,56802.0,23495.0,75032.0,4538.0,20755.0,190800.0,47,163,14.712604810480109,94.29684554480332,5.703154455196683,12.996812634241953
"Sumner County, Tennessee",200553.0,86005.0,17768.0,106518.0,3430.0,30532.0,364000.0,47,165,8.859503472897439,96.8803434350784,3.1196565649215993,15.223905900185986
"Tipton County, Tennessee",61339.0,71736.0,7004.0,29334.0,1619.0,4902.0,220100.0,47,167,11.418510246335936,94.7694892256001,5.230510774399896,7.991652945108332
"Trousdale County, Tennessee",11805.0,63190.0,953.0,5287.0,31.0,544.0,284100.0,47,169,8.072850487081745,99.417074088003,0.5829259119969913,4.608216857263871
"Unicoi County, Tennessee",17779.0,50381.0,2461.0,8019.0,413.0,1635.0,168200.0,47,171,13.842173350582149,95.10199240986718,4.898007590132828,9.196242758310365
"Union County, Tennessee",20141.0,61858.0,2773.0,8935.0,364.0,1284.0,186300.0,47,173,13.767936050841566,96.0856006022153,3.9143993977847082,6.375055856213693
"Van Buren County, Tennessee",6293.0,60281.0,843.0,2760.0,102.0,394.0,149200.0,47,175,13.395836643890036,96.43605870020964,3.563941299790356,6.26092483712061
"Warren County, Tennessee",41587.0,54088.0,6286.0,18925.0,720.0,2939.0,173900.0,47,177,15.115300454468944,96.33494527869686,3.6650547213031306,7.067112318753456
"Washington County, Tennessee",134693.0,61051.0,20590.0,67546.0,3352.0,17600.0,231700.0,47,179,15.286614746126375,95.27208101780022,4.72791898219978,13.066751798534446
"Wayne County, Tennessee",16251.0,52824.0,2669.0,6737.0,254.0,1037.0,126600.0,47,181,16.423604701249154,96.36675725933343,3.6332427406665717,6.381145775644575
"Weakley County, Tennessee",32959.0,49502.0,5945.0,14727.0,435.0,2779.0,136300.0,47,183,18.037561819229953,97.13098535813216,2.8690146418678277,8.43168785460724
"White County, Tennessee",27764.0,52206.0,4038.0,12140.0,560.0,1898.0,190200.0,47,185,14.544013830860106,95.59055118110236,4.409448818897638,6.836190750612303
"Williamson County, Tennessee",254609.0,131202.0,11423.0,132028.0,2644.0,64211.0,673700.0,47,187,4.4864871233931245,98.0367114173696,1.963288582630391,25.219454143412058
"Wilson County, Tennessee",153587.0,94048.0,11509.0,80655.0,2805.0,26396.0,397000.0,47,189,7.493472754855554,96.6391085549964,3.3608914450035945,17.18635040726103
"Anderson County, Texas",57825.0,58846.0,7975.0,21670.0,1157.0,4344.0,173400.0,48,1,13.79161262429745,94.93144083760458,5.06855916239541,7.512321660181582
"Andrews County, Texas",18518.0,76902.0,2613.0,9148.0,214.0,1749.0,188200.0,48,3,14.110595096662706,97.7141636402478,2.2858363597521896,9.444864456204774
"Angelina County, Texas",86791.0,58847.0,13707.0,40055.0,2174.0,6400.0,149800.0,48,5,15.793112189051861,94.85187904046983,5.148120959530181,7.374036478436705
"Aransas County, Texas",24449.0,61754.0,4513.0,9763.0,602.0,3812.0,236800.0,48,7,18.458832672092928,94.19199228171732,5.808007718282682,15.591639739866661
"Archer County, Texas",8734.0,71958.0,1015.0,4202.0,141.0,1084.0,175300.0,48,9,11.621250286237691,96.75339626985955,3.2466037301404556,12.411266315548431
"Armstrong County, Texas",1883.0,68462.0,106.0,861.0,8.0,164.0,185700.0,48,11,5.629314922995221,99.07940161104717,0.9205983889528193,8.709506107275624
"Atascosa County, Texas",50058.0,69413.0,7924.0,22107.0,1003.0,3816.0,157400.0,48,13,15.829637620360382,95.65988749459109,4.340112505408914,7.623157137720245
"Austin County, Texas",30712.0,75994.0,4408.0,14665.0,615.0,3663.0,270900.0,48,15,14.352696014587133,95.97513089005236,4.024869109947644,11.926934097421203
"Bailey County, Texas",7044.0,70625.0,927.0,2622.0,12.0,501.0,104400.0,48,17,13.160136286201022,99.54441913439635,0.45558086560364464,7.112436115843271
"Bandera County, Texas",21589.0,69703.0,3423.0,9529.0,704.0,2681.0,249800.0,48,19,15.855296678864237,93.12029707808071,6.879702921919281,12.418361202464217
"Bastrop County, Texas",102370.0,82730.0,12335.0,48662.0,2262.0,9929.0,269500.0,48,21,12.049428543518609,95.55808656036446,4.441913439635535,9.699130604669337
"Baylor County, Texas",3464.0,42313.0,705.0,1452.0,55.0,556.0,93300.0,48,23,20.352193995381064,96.35036496350365,3.64963503649635,16.05080831408776
"Bee County, Texas",31000.0,56075.0,4039.0,11654.0,688.0,1679.0,102800.0,48,25,13.029032258064516,94.42553881056554,5.574461189434452,5.416129032258064
"Bell County, Texas",379811.0,66051.0,53935.0,167095.0,12188.0,42123.0,221100.0,48,27,14.20048392489949,93.2018094297842,6.798190570215803,11.090516072467622
"Bexar County, Texas",2037344.0,70571.0,294002.0,1024492.0,56081.0,257932.0,244100.0,48,29,14.430650886644573,94.81006836187838,5.189931638121626,12.660208585295365
"Blanco County, Texas",12008.0,87564.0,1031.0,5821.0,204.0,2459.0,396200.0,48,31,8.585942704863424,96.61410788381743,3.3858921161825726,20.4780146568954
"Borden County, Texas",723.0,64250.0,35.0,320.0,1.0,113.0,105400.0,48,33,4.840940525587829,99.68847352024922,0.3115264797507788,15.629322268326417
"Bosque County, Texas",18546.0,69339.0,1657.0,8048.0,328.0,1851.0,184500.0,48,35,8.934541140946834,96.08404966571156,3.9159503342884436,9.980588806211582
"Bowie County, Texas",92321.0,59295.0,14112.0,39799.0,1454.0,8478.0,161300.0,48,37,15.285796297700415,96.47540784912613,3.524592150873876,9.183176092113388
"Brazoria County, Texas",381650.0,95155.0,27057.0,186549.0,8453.0,50517.0,276800.0,48,39,7.089479889951527,95.66517266489575,4.334827335104255,13.236473208437049
"Brazos County, Texas",237980.0,58388.0,52536.0,122784.0,5688.0,29828.0,279700.0,48,41,22.075804689469702,95.57257612553708,4.427423874462918,12.533826371964029
"Brewster County, Texas",9464.0,52612.0,767.0,4918.0,109.0,1916.0,216000.0,48,43,8.104395604395604,97.8317087726278,2.16829122737219,20.245139475908708
"Briscoe County, Texas",1223.0,41188.0,187.0,562.0,0.0,137.0,82900.0,48,45,15.290269828291086,100.0,0.0,11.201962387571546
"Brooks County, Texas",6987.0,31310.0,2011.0,3507.0,123.0,630.0,82700.0,48,47,28.78202375840847,96.61157024793388,3.3884297520661155,9.0167453842851
"Brown County, Texas",38294.0,55305.0,5294.0,17753.0,854.0,3809.0,149900.0,48,49,13.824620044915653,95.41032944590745,4.589670554092546,9.946727946936857
"Burleson County, Texas",18327.0,72888.0,2290.0,8297.0,242.0,2127.0,174000.0,48,51,12.495225623397173,97.16594448998713,2.8340555100128824,11.60582746767065
"Burnet County, Texas",51064.0,77158.0,3988.0,24510.0,569.0,7161.0,310500.0,48,53,7.809807300642331,97.73116950436619,2.2688304956337975,14.02357825473915
"Caldwell County, Texas",47184.0,68503.0,6238.0,21849.0,691.0,3772.0,215600.0,48,55,13.220583248558833,96.9343389529725,3.0656610470275067,7.994235334011529
"Calhoun County, Texas",19921.0,71870.0,1717.0,10267.0,458.0,1490.0,150000.0,48,57,8.61904522865318,95.72960372960372,4.270396270396271,7.479544199588374
"Callahan County, Texas",14017.0,68455.0,1394.0,6538.0,337.0,1711.0,144800.0,48,59,9.945066704715702,95.09818181818181,4.901818181818181,12.206606263822502
"Cameron County, Texas",423192.0,51334.0,102583.0,182627.0,10484.0,35367.0,120000.0,48,61,24.24029754815781,94.57099802704144,5.429001972958558,8.357199568989962
"Camp County, Texas",12652.0,55061.0,2826.0,5473.0,319.0,1213.0,159900.0,48,63,22.33638950363579,94.49240331491713,5.5075966850828735,9.587417009168512
"Carson County, Texas",5802.0,84583.0,415.0,2934.0,38.0,674.0,140600.0,48,65,7.152705963460876,98.72139973082099,1.278600269179004,11.616683902102723
"Cass County, Texas",28582.0,54328.0,4863.0,11668.0,698.0,2432.0,133500.0,48,67,17.01420474424463,94.35549086204108,5.64450913795892,8.508851724861803
"Castro County, Texas",7328.0,63485.0,1010.0,3579.0,95.0,797.0,94900.0,48,69,13.782751091703057,97.41426238432227,2.5857376156777354,10.876091703056769
"Chambers County, Texas",49178.0,108114.0,6381.0,24734.0,1811.0,5428.0,289900.0,48,71,12.975314164870472,93.17762290450179,6.8223770954982115,11.037455772906585
"Cherokee County, Texas",51143.0,59830.0,8578.0,21507.0,1328.0,4065.0,160300.0,48,73,16.77257884754512,94.1843661046639,5.815633895336107,7.948301820385977
"Childress County, Texas",6772.0,60333.0,525.0,2880.0,15.0,406.0,115100.0,48,75,7.752510336680449,99.48186528497409,0.5181347150259068,5.9952746603662135
"Clay County, Texas",10402.0,77355.0,1072.0,5006.0,94.0,1275.0,161300.0,48,77,10.305710440299942,98.15686274509804,1.843137254901961,12.25725821957316
"Cochran County, Texas",2520.0,42137.0,667.0,1099.0,68.0,123.0,57700.0,48,79,26.46825396825397,94.17309340188518,5.8269065981148245,4.880952380952381
"Coke County, Texas",3315.0,46431.0,449.0,1471.0,88.0,348.0,112900.0,48,81,13.544494720965309,94.35535599743426,5.644644002565747,10.497737556561086
"Coleman County, Texas",7765.0,52364.0,1154.0,3628.0,214.0,800.0,91200.0,48,83,14.86155827430779,94.42998438313379,5.570015616866216,10.3026400515132
"Collin County, Texas",1116601.0,117588.0,69846.0,613587.0,25247.0,250024.0,447600.0,48,85,6.255233516717251,96.04795612005623,3.9520438799437723,22.391525710616417
"Collingsworth County, Texas",2733.0,60165.0,698.0,1389.0,17.0,321.0,108400.0,48,87,25.539699963410172,98.79089615931721,1.209103840682788,11.745334796926453
"Colorado County, Texas",20736.0,68554.0,2140.0,9486.0,369.0,2294.0,194000.0,48,89,10.320216049382717,96.25570776255708,3.744292237442922,11.062885802469136
"Comal County, Texas",174552.0,99015.0,11144.0,87004.0,3043.0,33728.0,398800.0,48,91,6.384343920436317,96.62065365864493,3.3793463413550704,19.322608735505753
"Comanche County, Texas",13786.0,59946.0,1919.0,6728.0,453.0,1320.0,137800.0,48,93,13.91991875816045,93.69168639465255,6.308313605347444,9.574931089511098
"Concho County, Texas",3301.0,59632.0,323.0,1107.0,11.0,231.0,105800.0,48,95,9.784913662526506,99.01610017889088,0.9838998211091234,6.997879430475614
"Cooke County, Texas",42473.0,72472.0,5872.0,21491.0,924.0,4507.0,224600.0,48,97,13.825253690579897,95.87776042828463,4.122239571715369,10.61144727238481
"Coryell County, Texas",83772.0,68904.0,6650.0,27332.0,1775.0,6681.0,177400.0,48,99,7.938213245475816,93.90181056103343,6.098189438966572,7.975218450078786
"Cottle County, Texas",1302.0,58819.0,296.0,609.0,39.0,146.0,54100.0,48,101,22.734254992319507,93.98148148148148,6.018518518518518,11.213517665130567
"Crane County, Texas",4623.0,59915.0,368.0,2279.0,84.0,294.0,119900.0,48,103,7.960199004975125,96.44519678374948,3.5548032162505288,6.3595068137573
"Crockett County, Texas",2881.0,81739.0,92.0,1473.0,41.0,150.0,140000.0,48,105,3.1933356473446723,97.29194187582563,2.7080581241743724,5.206525511975009
"Crosby County, Texas",5072.0,52197.0,1097.0,2397.0,149.0,374.0,75500.0,48,107,21.62854889589905,94.14768263943441,5.852317360565594,7.373817034700315
"Culberson County, Texas",2181.0,42672.0,383.0,925.0,6.0,248.0,84500.0,48,109,17.56075194864741,99.35553168635876,0.644468313641246,11.370930765703806
"Dallam County, Texas",7180.0,72332.0,692.0,3910.0,56.0,598.0,140500.0,48,111,9.637883008356546,98.58799798285426,1.4120020171457388,8.328690807799441
"Dallas County, Texas",2603816.0,74149.0,359950.0,1390325.0,67955.0,363144.0,277900.0,48,113,13.823941476663482,95.34005815069808,4.659941849301917,13.94660759439223
"Dawson County, Texas",12311.0,55789.0,1863.0,5083.0,401.0,963.0,90800.0,48,115,15.132808057834456,92.68781911013858,7.312180889861415,7.822272764194622
"Deaf Smith County, Texas",18487.0,54114.0,2883.0,8554.0,280.0,886.0,116000.0,48,117,15.594742251311732,96.83042789223455,3.1695721077654517,4.7925569318980905
"Delta County, Texas",5345.0,62855.0,740.0,2434.0,81.0,547.0,149400.0,48,119,13.84471468662301,96.77932405566601,3.2206759443339963,10.233863423760523
"Denton County, Texas",945644.0,108185.0,65649.0,538872.0,21327.0,201939.0,403400.0,48,121,6.942253110049871,96.19296000171367,3.8070399982863234,21.35465354826975
"DeWitt County, Texas",19853.0,64014.0,2855.0,7908.0,329.0,1506.0,167200.0,48,123,14.380698131264797,96.00582736433168,3.994172635668326,7.585755301465773
"Dickens County, Texas",1641.0,50417.0,229.0,735.0,49.0,165.0,65000.0,48,125,13.954905545399146,93.75,6.25,10.054844606946983
"Dimmit County, Texas",8507.0,33409.0,3758.0,2677.0,183.0,282.0,80300.0,48,127,44.175384977077705,93.6013986013986,6.398601398601398,3.314917127071823
"Donley County, Texas",3276.0,56648.0,241.0,1355.0,0.0,242.0,90500.0,48,129,7.356532356532357,100.0,0.0,7.3870573870573875
"Duval County, Texas",9824.0,50081.0,2663.0,3770.0,299.0,280.0,86400.0,48,131,27.107084690553744,92.65175718849841,7.348242811501597,2.8501628664495113
"Eastland County, Texas",17846.0,51741.0,2485.0,8161.0,401.0,1844.0,121700.0,48,133,13.924689005939705,95.31651483298295,4.683485167017052,10.332847696962904
"Ector County, Texas",163206.0,71031.0,24626.0,80005.0,4469.0,11234.0,190500.0,48,135,15.08890604512089,94.70961479271729,5.290385207282714,6.8833253679399045
"Edwards County, Texas",1392.0,38500.0,343.0,742.0,0.0,202.0,78300.0,48,137,24.64080459770115,100.0,0.0,14.511494252873563
"Ellis County, Texas",203927.0,95898.0,16372.0,108076.0,4355.0,25022.0,306400.0,48,139,8.028363090713835,96.12651315028774,3.8734868497122683,12.270077037371216
"El Paso County, Texas",866275.0,58859.0,160998.0,396605.0,24609.0,92832.0,167300.0,48,141,18.585091339355287,94.15760159918712,5.842398400812889,10.716227525901129
"Erath County, Texas",43244.0,65351.0,6435.0,22436.0,1188.0,5509.0,251900.0,48,143,14.880677088150957,94.97121571283441,5.028784287165594,12.739339561557673
"Falls County, Texas",17063.0,55372.0,2198.0,6664.0,478.0,1190.0,97300.0,48,145,12.881673797104847,93.30719686362363,6.692803136376366,6.974154603528102
"Fannin County, Texas",36525.0,68377.0,4753.0,16310.0,740.0,3486.0,213500.0,48,147,13.013004791238878,95.65982404692082,4.3401759530791795,9.544147843942504
"Fayette County, Texas",24783.0,76541.0,2151.0,11387.0,333.0,3595.0,271100.0,48,149,8.67933664205302,97.15870307167236,2.8412969283276452,14.505911310172296
"Fisher County, Texas",3661.0,64700.0,374.0,1786.0,64.0,334.0,77600.0,48,151,10.215788036055724,96.54054054054055,3.4594594594594597,9.123190385140672
"Floyd County, Texas",5294.0,55461.0,947.0,2411.0,91.0,473.0,101000.0,48,153,17.888175292784283,96.36290967226219,3.6370903277378095,8.934642992066491
"Foard County, Texas",1079.0,42212.0,214.0,519.0,35.0,73.0,71400.0,48,155,19.833178869323447,93.68231046931407,6.31768953068592,6.765523632993513
"Fort Bend County, Texas",859721.0,113409.0,61205.0,437538.0,21887.0,164356.0,350300.0,48,157,7.119170056332229,95.2360015236437,4.763998476356314,19.11736481951703
"Franklin County, Texas",10522.0,66800.0,1153.0,4896.0,314.0,1431.0,213200.0,48,159,10.957992777038585,93.97312859884836,6.026871401151632,13.600076031172781
"Freestone County, Texas",19813.0,58460.0,2631.0,7506.0,139.0,1577.0,164400.0,48,161,13.279160147377983,98.18181818181819,1.8181818181818181,7.959420582445868
"Frio County, Texas",18019.0,60098.0,2835.0,7039.0,375.0,799.0,110100.0,48,163,15.73339253010711,94.94200161855947,5.057998381440518,4.434208335645708
"Gaines County, Texas",21904.0,76605.0,1603.0,9029.0,196.0,786.0,185300.0,48,165,7.318298027757487,97.87533875338752,2.124661246612466,3.5883856829802774
"Galveston County, Texas",354721.0,85348.0,38925.0,178597.0,9887.0,55058.0,284900.0,48,167,10.97341290760908,94.75446191719192,5.24553808280809,15.521494357537332
"Garza County, Texas",5435.0,50545.0,569.0,1883.0,130.0,272.0,79300.0,48,169,10.46918123275069,93.54197714853453,6.458022851465474,5.004599816007359
"Gillespie County, Texas",27202.0,67799.0,2549.0,12714.0,487.0,4526.0,432300.0,48,171,9.370634512168223,96.31088553897432,3.68911446102568,16.638482464524667
"Glasscock County, Texas",1070.0,106806.0,91.0,484.0,6.0,255.0,248600.0,48,173,8.504672897196262,98.77551020408163,1.2244897959183674,23.83177570093458
"Goliad County, Texas",7096.0,59556.0,645.0,3004.0,165.0,685.0,182800.0,48,175,9.089627959413754,94.79331019248974,5.206689807510256,9.653325817361894
"Gonzales County, Texas",19764.0,59355.0,2828.0,8794.0,127.0,1170.0,158900.0,48,177,14.308844363489174,98.57639278107835,1.4236072189216455,5.919854280510018
"Gray County, Texas",21131.0,56082.0,3162.0,9517.0,503.0,1682.0,100400.0,48,179,14.96379726468222,94.98003992015967,5.0199600798403194,7.959869386209833
"Grayson County, Texas",139988.0,70455.0,15280.0,68711.0,2442.0,15142.0,228300.0,48,181,10.915221304683259,96.56795918654167,3.4320408134583222,10.816641426407978
"Gregg County, Texas",124860.0,64809.0,20595.0,59089.0,2179.0,12333.0,185800.0,48,183,16.494473810667948,96.44349415681923,3.5565058431807794,9.877462758289283
"Grimes County, Texas",30385.0,67080.0,3563.0,12664.0,586.0,2630.0,226600.0,48,185,11.7261806812572,95.57735849056603,4.422641509433962,8.655586638143822
"Guadalupe County, Texas",178368.0,93776.0,15510.0,90010.0,3925.0,24432.0,285900.0,48,187,8.695505920344457,95.82157875126417,4.178421248735828,13.697524219590958
"Hale County, Texas",32247.0,52788.0,5731.0,14675.0,597.0,1927.0,106100.0,48,189,17.77219586318107,96.09088528025144,3.9091147197485596,5.975749682140974
"Hall County, Texas",2827.0,46728.0,455.0,1198.0,111.0,265.0,80200.0,48,191,16.094800141492748,91.52024446142093,8.479755538579067,9.37389458790237
"Hamilton County, Texas",8320.0,55339.0,1489.0,3651.0,223.0,1074.0,124800.0,48,193,17.896634615384617,94.24367578729995,5.756324212700052,12.908653846153847
"Hansford County, Texas",5182.0,68299.0,396.0,2627.0,145.0,753.0,132100.0,48,195,7.641837128521805,94.76911976911977,5.230880230880231,14.531069085295254
"Hardeman County, Texas",3529.0,61179.0,445.0,1821.0,29.0,305.0,76500.0,48,197,12.609804477189005,98.43243243243244,1.5675675675675675,8.64267497874752
"Hardin County, Texas",57126.0,72532.0,6955.0,25684.0,1323.0,6111.0,188200.0,48,199,12.174841578265589,95.10127004110046,4.898729958899545,10.697405734691735
"Harris County, Texas",4758579.0,73104.0,749481.0,2464059.0,158268.0,645298.0,255000.0,48,201,15.750101028059008,93.96459709258228,6.035402907417725,13.560728948705064
"Harrison County, Texas",69584.0,66040.0,11691.0,33530.0,2005.0,7031.0,178200.0,48,203,16.801276155438032,94.35767553116645,5.642324468833544,10.104334329730973
"Hartley County, Texas",5307.0,82122.0,263.0,1814.0,43.0,575.0,213200.0,48,205,4.955718861880535,97.68443726440495,2.3155627355950457,10.834746561145657
"Haskell County, Texas",5390.0,54044.0,726.0,2443.0,133.0,522.0,92000.0,48,207,13.46938775510204,94.83695652173914,5.163043478260869,9.684601113172542
"Hays County, Texas",256429.0,85827.0,29858.0,139229.0,6430.0,43152.0,371400.0,48,209,11.64376884049776,95.58558001908567,4.414419980914327,16.828049869554533
"Hemphill County, Texas",3311.0,72052.0,113.0,1601.0,77.0,459.0,214900.0,48,211,3.412866203563878,95.41120381406436,4.588796185935638,13.86288130474177
"Henderson County, Texas",83658.0,63955.0,11667.0,37011.0,1836.0,7857.0,189600.0,48,213,13.946066126371656,95.27376631400108,4.726233685998919,9.391809510148462
"Hidalgo County, Texas",880921.0,52281.0,237121.0,372548.0,28197.0,70640.0,124000.0,48,215,26.917396679157378,92.963854820397,7.03614517960299,8.018880240112338
"Hill County, Texas",36664.0,63147.0,5085.0,16537.0,702.0,3033.0,163100.0,48,217,13.869190486580843,95.92783804164975,4.072161958350253,8.27241981234999
"Hockley County, Texas",21455.0,54810.0,2628.0,10074.0,491.0,1742.0,112700.0,48,219,12.24889303192729,95.35257927117841,4.647420728821581,8.119319505942672
"Hood County, Texas",64198.0,86802.0,5191.0,30043.0,1848.0,10532.0,281300.0,48,221,8.08592167980311,94.20526167257219,5.794738327427801,16.405495498302127
"Hopkins County, Texas",37351.0,64725.0,4502.0,18160.0,824.0,3405.0,193200.0,48,223,12.053224813258012,95.65950273914876,4.340497260851244,9.116221787903939
"Houston County, Texas",22042.0,54563.0,3134.0,8313.0,546.0,1761.0,155100.0,48,225,14.218310498139914,93.83677615983746,6.163223840162547,7.989293167589148
"Howard County, Texas",33127.0,71457.0,4445.0,14374.0,713.0,2381.0,150300.0,48,227,13.418057777643613,95.27407701995095,4.725922980049049,7.187490566607299
"Hudspeth County, Texas",3331.0,39336.0,497.0,1063.0,127.0,237.0,57400.0,48,229,14.920444311017715,89.32773109243698,10.672268907563025,7.114980486340439
"Hunt County, Texas",104917.0,70112.0,12640.0,50359.0,2776.0,9967.0,210900.0,48,231,12.047618593745533,94.77557165709985,5.22442834290016,9.499890389546021
"Hutchinson County, Texas",20413.0,65470.0,2340.0,9255.0,214.0,1605.0,102200.0,48,233,11.463283201881154,97.73999366353362,2.260006336466364,7.862636555136433
"Irion County, Texas",1432.0,58125.0,107.0,644.0,4.0,205.0,152600.0,48,235,7.472067039106145,99.38271604938271,0.6172839506172839,14.315642458100559
"Jack County, Texas",8623.0,65693.0,1024.0,3466.0,339.0,659.0,174800.0,48,237,11.875217441725617,91.09067017082786,8.909329829172142,7.642351849704279
"Jackson County, Texas",15081.0,61752.0,2104.0,6519.0,359.0,1247.0,175500.0,48,239,13.951329487434519,94.78045943588252,5.219540564117476,8.268682448113521
"Jasper County, Texas",32807.0,49919.0,7032.0,14512.0,2037.0,1947.0,125900.0,48,241,21.434449964946506,87.6910991600701,12.308900839929905,5.934709055994148
"Jeff Davis County, Texas",1740.0,32625.0,534.0,559.0,0.0,265.0,234400.0,48,243,30.689655172413794,100.0,0.0,15.229885057471265
"Jefferson County, Texas",253939.0,59934.0,44758.0,109905.0,6082.0,22507.0,159600.0,48,245,17.625492736444578,94.7563088966867,5.243691103313303,8.863152174341081
"Jim Hogg County, Texas",4797.0,42230.0,1427.0,1893.0,159.0,331.0,125600.0,48,247,29.7477590160517,92.2514619883041,7.748538011695906,6.900145924536169
"Jim Wells County, Texas",38863.0,47492.0,8920.0,16182.0,902.0,2804.0,104800.0,48,249,22.95242261276793,94.72020604073987,5.279793959260126,7.215088902040501
"Johnson County, Texas",188820.0,81826.0,19933.0,93504.0,3322.0,20283.0,254600.0,48,251,10.556614765385023,96.56910334001198,3.4308966599880195,10.741976485541786
"Jones County, Texas",19968.0,63472.0,1761.0,6957.0,340.0,1285.0,92700.0,48,253,8.819110576923077,95.34055091133342,4.659449088666575,6.4352964743589745
"Karnes County, Texas",14819.0,59103.0,2419.0,5302.0,243.0,1107.0,136900.0,48,255,16.32363857210338,95.61767357980162,4.382326420198377,7.470139685538834
"Kaufman County, Texas",160718.0,88606.0,15419.0,82608.0,3967.0,18460.0,290800.0,48,257,9.59382272054157,95.41784579844065,4.582154201559342,11.485956768999117
"Kendall County, Texas",46971.0,110498.0,2353.0,22844.0,1076.0,10276.0,489800.0,48,259,5.009473930723212,95.50167224080268,4.498327759197324,21.877328564433373
"Kenedy County, Texas",52.0,,3.0,25.0,0.0,4.0,,48,261,5.769230769230769,100.0,0.0,7.6923076923076925
"Kent County, Texas",727.0,71420.0,56.0,284.0,25.0,81.0,108900.0,48,263,7.702888583218708,91.9093851132686,8.090614886731391,11.141678129298487
"Kerr County, Texas",53166.0,67927.0,5999.0,24280.0,712.0,7637.0,285100.0,48,265,11.283527066170109,97.15108834827144,2.848911651728553,14.36444344129707
"Kimble County, Texas",4355.0,65703.0,645.0,2033.0,23.0,560.0,173100.0,48,267,14.810562571756602,98.88132295719845,1.1186770428015564,12.85878300803674
"King County, Texas",189.0,70192.0,29.0,92.0,0.0,49.0,,48,269,15.343915343915343,100.0,0.0,25.925925925925924
"Kinney County, Texas",3140.0,66341.0,320.0,1483.0,24.0,268.0,88500.0,48,271,10.191082802547772,98.40743198407432,1.5925680159256803,8.535031847133757
"Kleberg County, Texas",30629.0,57612.0,8329.0,14374.0,1093.0,2602.0,152200.0,48,273,27.193182931208987,92.9333419538372,7.0666580461627975,8.495216951255347
"Knox County, Texas",3322.0,56304.0,364.0,1479.0,19.0,254.0,66800.0,48,275,10.957254665863937,98.73164218958611,1.268357810413885,7.645996387718242
"Lamar County, Texas",50421.0,61122.0,9301.0,23982.0,933.0,4733.0,175500.0,48,277,18.44667896313044,96.25526791089705,3.74473208910295,9.386961781797266
"Lamb County, Texas",12919.0,56997.0,2023.0,5911.0,171.0,802.0,76600.0,48,279,15.659106742007895,97.18842486024334,2.811575139756659,6.207910829011533
"Lampasas County, Texas",22267.0,76919.0,2022.0,9545.0,450.0,2367.0,236000.0,48,281,9.08070238469484,95.49774887443722,4.502251125562781,10.630080388018143
"La Salle County, Texas",6946.0,55469.0,1301.0,2150.0,53.0,176.0,101000.0,48,283,18.730204434206737,97.59418974126191,2.4058102587380845,2.5338324215375754
"Lavaca County, Texas",20479.0,61768.0,1892.0,9832.0,295.0,2123.0,220900.0,48,285,9.238732359978515,97.08699516144958,2.91300483855041,10.366717124859612
"Lee County, Texas",17758.0,66000.0,2121.0,8303.0,436.0,1769.0,247500.0,48,287,11.943912602770581,95.01087080901705,4.9891291909829505,9.961707399481924
"Leon County, Texas",16067.0,59975.0,2301.0,6546.0,255.0,1232.0,177400.0,48,289,14.321279641501214,96.25055138950155,3.7494486104984563,7.667890707661666
"Liberty County, Texas",97993.0,64773.0,16281.0,38720.0,2743.0,4950.0,167100.0,48,291,16.614452052697644,93.38446325639727,6.61553674360273,5.05138122110763
"Limestone County, Texas",22185.0,58109.0,4154.0,8693.0,274.0,2097.0,154400.0,48,293,18.724363308541808,96.94435151109624,3.055648488903758,9.452332657200811
"Lipscomb County, Texas",2964.0,71442.0,394.0,1367.0,101.0,373.0,128400.0,48,295,13.29284750337382,93.11989100817438,6.8801089918256135,12.584345479082321
"Live Oak County, Texas",11444.0,53869.0,1702.0,4059.0,219.0,735.0,142300.0,48,297,14.872422229989516,94.88078541374475,5.119214586255259,6.422579517651171
"Llano County, Texas",22011.0,65636.0,2542.0,9063.0,481.0,4004.0,322300.0,48,299,11.548771069010948,94.9601844090528,5.0398155909471924,18.190904547726134
"Loving County, Texas",54.0,51087.0,5.0,30.0,0.0,0.0,,48,301,9.25925925925926,100.0,0.0,0.0
"Lubbock County, Texas",314633.0,63367.0,51998.0,162882.0,7618.0,37942.0,199600.0,48,303,16.526556337065724,95.53196480938416,4.4680351906158355,12.05912920768006
"Lynn County, Texas",5667.0,57411.0,980.0,2627.0,113.0,580.0,130800.0,48,305,17.293100405858482,95.87591240875912,4.124087591240875,10.234692076936652
"McCulloch County, Texas",7565.0,51919.0,1082.0,3513.0,368.0,718.0,104400.0,48,307,14.302709847984138,90.51790775573306,9.482092244266942,9.491077329808329
"McLennan County, Texas",263608.0,63888.0,43507.0,127943.0,5753.0,27176.0,219200.0,48,309,16.504430821522867,95.69695428434657,4.303045715653423,10.309247063822038
"McMullen County, Texas",623.0,45833.0,57.0,253.0,0.0,49.0,108800.0,48,311,9.149277688603531,100.0,0.0,7.865168539325842
"Madison County, Texas",13574.0,67128.0,1505.0,5426.0,322.0,1013.0,149100.0,48,313,11.087372918815383,94.39805149617258,5.601948503827418,7.4627965227641075
"Marion County, Texas",9631.0,47447.0,1750.0,3972.0,334.0,958.0,110500.0,48,315,18.170491122417197,92.243381328379,7.756618671620993,9.947045997300384
"Martin County, Texas",5230.0,77083.0,419.0,2538.0,160.0,385.0,162200.0,48,317,8.011472275334608,94.06968124536694,5.930318754633062,7.361376673040152
"Mason County, Texas",3951.0,68750.0,253.0,1654.0,38.0,723.0,274600.0,48,319,6.403442166540116,97.75413711583924,2.2458628841607564,18.29916476841306
"Matagorda County, Texas",36274.0,55174.0,7816.0,16280.0,1128.0,3721.0,162200.0,48,321,21.54711363511055,93.52022058823529,6.4797794117647065,10.258036058885152
"Maverick County, Texas",57770.0,51270.0,12981.0,24275.0,1847.0,3794.0,151500.0,48,323,22.470140211182272,92.92933159788684,7.070668402113162,6.567422537649299
"Medina County, Texas",52419.0,73462.0,5641.0,22785.0,739.0,5016.0,220000.0,48,325,10.761365153856426,96.8585274613161,3.1414725386838973,9.569049390488182
"Menard County, Texas",1964.0,48191.0,405.0,840.0,121.0,233.0,105300.0,48,327,20.621181262729124,87.40894901144641,12.59105098855359,11.863543788187373
"Midland County, Texas",171496.0,93984.0,18048.0,88896.0,3289.0,22773.0,293000.0,48,329,10.523860614824835,96.432174431849,3.567825568151001,13.279026916079676
"Milam County, Texas",25268.0,59076.0,3907.0,11241.0,606.0,2283.0,168900.0,48,331,15.462244736425518,94.88478095720436,5.115219042795644,9.035143264207694
"Mills County, Texas",4499.0,64494.0,332.0,2030.0,79.0,617.0,200200.0,48,333,7.379417648366305,96.25414888572783,3.745851114272167,13.714158701933762
"Mitchell County, Texas",8989.0,56033.0,999.0,3855.0,182.0,511.0,85700.0,48,335,11.113583268439204,95.49170175873172,4.508298241268268,5.684725775948381
"Montague County, Texas",20599.0,62818.0,2739.0,8408.0,445.0,1886.0,189400.0,48,337,13.296761978736832,94.97345532587823,5.026544674121767,9.155784261371911
"Montgomery County, Texas",654722.0,97266.0,60445.0,326039.0,14921.0,105629.0,317500.0,48,339,9.232162658349651,95.62382684185829,4.376173158141718,16.133412349058073
"Moore County, Texas",21234.0,61325.0,3226.0,10167.0,219.0,1132.0,135400.0,48,341,15.192615616464161,97.89139225880994,2.1086077411900637,5.331072807761138
"Morris County, Texas",12014.0,55082.0,1985.0,5290.0,385.0,869.0,110200.0,48,343,16.522390544364907,93.215859030837,6.784140969162995,7.23322790078242
"Motley County, Texas",1267.0,62857.0,123.0,628.0,6.0,161.0,81100.0,48,345,9.707971586424625,99.05362776025235,0.9463722397476341,12.70718232044199
"Nacogdoches County, Texas",64897.0,51528.0,13307.0,31061.0,2222.0,6125.0,158200.0,48,347,20.50479991370942,93.32391911786799,6.67608088213202,9.438032574695287
"Navarro County, Texas",53735.0,59310.0,8814.0,24500.0,942.0,4059.0,159900.0,48,349,16.40271703731274,96.29746089143936,3.702539108560648,7.553735926305015
"Newton County, Texas",12193.0,41044.0,2689.0,5163.0,544.0,388.0,83100.0,48,351,22.053637332895924,90.46784650429296,9.532153495707027,3.1821536947428855
"Nolan County, Texas",14565.0,50160.0,2679.0,6827.0,388.0,823.0,98300.0,48,353,18.39340885684861,94.62231462231462,5.377685377685378,5.6505320974939925
"Nueces County, Texas",352829.0,66021.0,61023.0,169080.0,9446.0,35747.0,194700.0,48,355,17.29534703780018,94.708893942619,5.291106057380998,10.131536806781757
"Ochiltree County, Texas",9852.0,64988.0,1516.0,4933.0,55.0,758.0,137200.0,48,357,15.387738530247667,98.89735364875702,1.1026463512429832,7.693869265123833
"Oldham County, Texas",2097.0,76402.0,301.0,849.0,6.0,229.0,144800.0,48,359,14.353838817358131,99.29824561403508,0.7017543859649122,10.920362422508346
"Orange County, Texas",84993.0,73372.0,10663.0,40630.0,2577.0,7391.0,163400.0,48,361,12.545739060863836,94.03568866155948,5.96431133844053,8.696010259668444
"Palo Pinto County, Texas",28920.0,64972.0,4868.0,13137.0,1001.0,2477.0,167300.0,48,363,16.832641770401107,92.91979063516763,7.080209364832367,8.565006915629322
"Panola County, Texas",22624.0,62593.0,2635.0,9860.0,254.0,1932.0,146000.0,48,365,11.646923620933523,97.48862962230571,2.511370377694285,8.53960396039604
"Parker County, Texas",158079.0,102099.0,12122.0,79892.0,3118.0,22395.0,343600.0,48,367,7.6683177398642455,96.24382604505482,3.756173954945188,14.166967149336724
"Parmer County, Texas",9752.0,68164.0,931.0,4829.0,120.0,771.0,127300.0,48,369,9.546759639048402,97.57526773085472,2.424732269145282,7.9060705496308445
"Pecos County, Texas",14983.0,67689.0,3445.0,6035.0,75.0,815.0,142900.0,48,371,22.99272508843356,98.77250409165302,1.227495908346972,5.439498097844223
"Polk County, Texas",51780.0,59066.0,8675.0,20465.0,1838.0,3389.0,154000.0,48,373,16.75357280803399,91.75895619423396,8.24104380576604,6.544998068752414
"Potter County, Texas",116634.0,50448.0,23024.0,51016.0,2037.0,8945.0,134900.0,48,375,19.740384450503285,96.16044333025465,3.839556669745349,7.669290258415214
"Presidio County, Texas",6043.0,29014.0,2192.0,2631.0,292.0,458.0,123100.0,48,377,36.273374151911305,90.01026342798495,9.989736572015053,7.5790170445143135
"Rains County, Texas",12505.0,64874.0,1590.0,5463.0,131.0,1802.0,214900.0,48,379,12.714914034386245,97.65820521987845,2.3417947801215586,14.410235905637744
"Randall County, Texas",143791.0,80905.0,13392.0,75502.0,2200.0,20202.0,227500.0,48,381,9.31351753586803,97.16867004710303,2.831329952896965,14.049558039098414
"Reagan County, Texas",3259.0,70288.0,361.0,1474.0,122.0,191.0,163700.0,48,383,11.077017490027616,92.35588972431079,7.644110275689223,5.860693464252838
"Real County, Texas",2821.0,45417.0,521.0,732.0,51.0,293.0,,48,385,18.4686281460475,93.48659003831418,6.513409961685824,10.386387805742645
"Red River County, Texas",11621.0,46912.0,2389.0,4765.0,94.0,869.0,133800.0,48,387,20.557611221065315,98.06544556493105,1.9345544350689443,7.477841838051804
"Reeves County, Texas",13219.0,56056.0,2669.0,6025.0,242.0,472.0,113700.0,48,389,20.190634692488086,96.1385032711026,3.861496728897399,3.5706180497768365
"Refugio County, Texas",6693.0,58016.0,1128.0,2832.0,162.0,498.0,94400.0,48,391,16.85342895562528,94.58917835671342,5.410821643286573,7.440609592111161
"Roberts County, Texas",785.0,66118.0,50.0,367.0,2.0,90.0,176800.0,48,393,6.369426751592357,99.45799457994579,0.5420054200542005,11.464968152866243
"Robertson County, Texas",16973.0,66250.0,2768.0,7392.0,601.0,1555.0,172700.0,48,395,16.308254286219288,92.480920805705,7.519079194295008,9.161609615271313
"Rockwall County, Texas",116931.0,124917.0,4991.0,62830.0,2540.0,21333.0,386000.0,48,397,4.268329185588081,96.11442557748202,3.885574422517975,18.244092670036174
"Runnels County, Texas",9880.0,63490.0,1004.0,4772.0,203.0,884.0,103700.0,48,399,10.161943319838057,95.91959798994975,4.080402010050252,8.947368421052632
"Rusk County, Texas",52613.0,67506.0,6795.0,22305.0,842.0,4176.0,166900.0,48,401,12.91505901583259,96.36237957402687,3.637620425973128,7.937201832246783
"Sabine County, Texas",9998.0,59924.0,1414.0,3788.0,263.0,853.0,131900.0,48,403,14.142828565713142,93.50777585781287,6.492224142187114,8.531706341268254
"San Augustine County, Texas",7889.0,46338.0,2101.0,2942.0,277.0,409.0,83500.0,48,405,26.63201926733426,91.39484311898104,8.60515688101895,5.184434022056028
"San Jacinto County, Texas",27983.0,59526.0,4928.0,11417.0,809.0,1846.0,183100.0,48,407,17.610692205982204,93.38295435956158,6.61704564043841,6.596862380731158
"San Patricio County, Texas",69519.0,67512.0,10387.0,30968.0,1321.0,5313.0,180400.0,48,409,14.941239085717573,95.90882343832264,4.091176561677352,7.6425149959004015
"San Saba County, Texas",5802.0,54855.0,753.0,2486.0,72.0,620.0,161800.0,48,411,12.97828335056877,97.18530101641907,2.8146989835809224,10.685970355049983
"Schleicher County, Texas",2426.0,90141.0,216.0,1099.0,58.0,368.0,113400.0,48,413,8.903544929925804,94.98703543647365,5.012964563526361,15.169002473206925
"Scurry County, Texas",16633.0,62689.0,1411.0,6974.0,145.0,1464.0,110800.0,48,415,8.483135934587867,97.96319707824132,2.036802921758674,8.80177959478146
"Shackelford County, Texas",3169.0,64659.0,363.0,1680.0,102.0,614.0,176900.0,48,417,11.454717576522562,94.27609427609428,5.723905723905724,19.37519722309877
"Shelby County, Texas",24108.0,50436.0,5635.0,10595.0,433.0,1616.0,111700.0,48,419,23.3739837398374,96.07363075807037,3.926369241929634,6.703169072507052
"Sherman County, Texas",2434.0,74167.0,151.0,1200.0,38.0,258.0,125500.0,48,421,6.203779786359902,96.93053311793214,3.0694668820678515,10.599835661462613
"Smith County, Texas",238014.0,71923.0,28262.0,114273.0,4672.0,28778.0,220800.0,48,423,11.874091439999328,96.07213417966287,3.927865820337131,12.090885410101928
"Somervell County, Texas",9510.0,83382.0,607.0,4882.0,193.0,1252.0,253600.0,48,425,6.382754994742376,96.19704433497537,3.802955665024631,13.16508937960042
"Starr County, Texas",65809.0,38182.0,21862.0,27009.0,2917.0,3320.0,93300.0,48,427,33.220380191159265,90.25262313707144,9.747376862928556,5.044902672886687
"Stephens County, Texas",9278.0,54695.0,1187.0,4084.0,241.0,828.0,105700.0,48,429,12.793705539987066,94.42774566473989,5.572254335260116,8.924337141625351
"Sterling County, Texas",1389.0,78750.0,37.0,560.0,13.0,129.0,143200.0,48,431,2.663786897048236,97.73123909249564,2.2687609075043627,9.287257019438446
"Stonewall County, Texas",1244.0,61250.0,105.0,603.0,17.0,57.0,54700.0,48,433,8.440514469453376,97.25806451612902,2.741935483870968,4.581993569131833
"Sutton County, Texas",3306.0,75000.0,381.0,1635.0,73.0,162.0,140600.0,48,435,11.524500907441016,95.72599531615926,4.274004683840749,4.900181488203267
"Swisher County, Texas",6981.0,39031.0,1868.0,2779.0,120.0,702.0,89200.0,48,437,26.75834407677983,95.86064160055192,4.139358399448086,10.05586592178771
"Tarrant County, Texas",2135743.0,81905.0,229884.0,1133734.0,53014.0,314353.0,294100.0,48,439,10.763654615747306,95.53283426641545,4.467165733584552,14.718671675384165
"Taylor County, Texas",144259.0,66406.0,18686.0,68444.0,1558.0,16428.0,190300.0,48,441,12.953091314926626,97.7743493043056,2.2256506956944087,11.38785101796075
"Terrell County, Texas",851.0,46989.0,70.0,331.0,0.0,164.0,152200.0,48,443,8.225616921269095,100.0,0.0,19.27144535840188
"Terry County, Texas",11699.0,45905.0,2381.0,5076.0,192.0,547.0,111200.0,48,445,20.352166851867683,96.35535307517085,3.644646924829157,4.675613300282076
"Throckmorton County, Texas",1589.0,58864.0,222.0,754.0,20.0,208.0,84200.0,48,447,13.971050975456262,97.41602067183463,2.5839793281653747,13.089993706733793
"Titus County, Texas",31284.0,59220.0,5368.0,14064.0,509.0,2170.0,157900.0,48,449,17.158931082981717,96.50723941535718,3.4927605846428325,6.936453138984784
"Tom Green County, Texas",119398.0,66254.0,13394.0,57210.0,1766.0,12999.0,186700.0,48,451,11.217943349134826,97.0055615843733,2.9944384156266954,10.8871170371363
"Travis County, Texas",1307625.0,97169.0,140926.0,782184.0,33873.0,320283.0,487600.0,48,453,10.777248828983845,95.84918700531948,4.150812994680519,24.493490106108403
"Trinity County, Texas",13850.0,51663.0,2194.0,5469.0,389.0,1235.0,110100.0,48,455,15.84115523465704,93.35950836462956,6.6404916353704335,8.916967509025271
"Tyler County, Texas",20084.0,50647.0,3495.0,7246.0,647.0,1199.0,138400.0,48,457,17.401911969727145,91.80286329659192,8.197136703408082,5.969926309500099
"Upshur County, Texas",41864.0,62794.0,5460.0,18764.0,833.0,3642.0,171200.0,48,459,13.042231989298681,95.74934939021279,4.250650609787213,8.699598700554176
"Upton County, Texas",3227.0,52321.0,539.0,1458.0,56.0,144.0,106300.0,48,461,16.702819956616054,96.30118890356671,3.6988110964332894,4.462348930895569
"Uvalde County, Texas",24810.0,57849.0,5242.0,10804.0,341.0,2344.0,144400.0,48,463,21.1285771866183,96.94033198743831,3.059668012561687,9.447803305118905
"Val Verde County, Texas",47647.0,59673.0,8377.0,20368.0,981.0,3729.0,151500.0,48,465,17.58137973009843,95.40493699939108,4.595063000608928,7.8263059584024175
"Van Zandt County, Texas",61323.0,68274.0,6959.0,27508.0,1087.0,5264.0,199500.0,48,467,11.348107561600052,96.19863612519671,3.8013638748032874,8.58405492229669
"Victoria County, Texas",91281.0,70101.0,14288.0,43594.0,1876.0,8538.0,197600.0,48,469,15.652764540265773,95.87420277105784,4.12579722894216,9.353534689584908
"Walker County, Texas",78292.0,49862.0,11109.0,32913.0,2434.0,7528.0,207900.0,48,471,14.18918918918919,93.11398421365321,6.88601578634679,9.615286363868595
"Waller County, Texas",59455.0,76135.0,7387.0,28873.0,1776.0,6806.0,292000.0,48,473,12.424522748297031,94.20535743417403,5.794642565825965,11.447313093936591
"Ward County, Texas",11255.0,71719.0,1620.0,5380.0,218.0,555.0,138800.0,48,475,14.393602843180808,96.1057520543051,3.8942479456948913,4.931141714793426
"Washington County, Texas",36156.0,75085.0,4287.0,17187.0,447.0,5183.0,270100.0,48,477,11.856953202787919,97.465124191902,2.5348758080979925,14.335103440646089
"Webb County, Texas",267731.0,62506.0,55716.0,119744.0,6638.0,22416.0,178900.0,48,479,20.810440330032755,94.74766976309917,5.252330236900824,8.372582928387075
"Wharton County, Texas",41651.0,66100.0,5927.0,19545.0,1364.0,3900.0,182700.0,48,481,14.230150536601762,93.47649337605816,6.523506623941843,9.3635206837771
"Wheeler County, Texas",4902.0,67964.0,683.0,2383.0,82.0,596.0,97600.0,48,483,13.933088535291718,96.67342799188641,3.3265720081135903,12.158302733578132
"Wichita County, Texas",129842.0,62168.0,18767.0,60682.0,2097.0,13326.0,141600.0,48,485,14.4537206758984,96.65971104987337,3.3402889501266344,10.263243018437795
"Wilbarger County, Texas",12712.0,51626.0,2301.0,6107.0,601.0,1113.0,98800.0,48,487,18.101006922592823,91.04054859868813,8.959451401311865,8.755506607929515
"Willacy County, Texas",20218.0,45645.0,4593.0,8878.0,645.0,1212.0,60800.0,48,489,22.717380551983382,93.22692428856453,6.773075711435473,5.994658225343754
"Williamson County, Texas",643889.0,108309.0,40507.0,355971.0,14239.0,132922.0,414600.0,48,491,6.290991149095573,96.15380459739067,3.84619540260933,20.64362025131661
"Wilson County, Texas",51501.0,92461.0,4987.0,24822.0,958.0,6496.0,286300.0,48,493,9.683307120250092,96.28394103956556,3.716058960434445,12.613347313644397
"Winkler County, Texas",7540.0,91898.0,893.0,3552.0,69.0,421.0,121200.0,48,495,11.843501326259947,98.09444904722451,1.9055509527754766,5.583554376657824
"Wise County, Texas",72359.0,89897.0,6474.0,36661.0,1832.0,6900.0,277200.0,48,497,8.947055653063199,95.24069311303353,4.759306886966462,9.535786840614161
"Wood County, Texas",46094.0,62524.0,5600.0,18686.0,1068.0,4635.0,195100.0,48,499,12.149086649021564,94.59350005062265,5.406499949377341,10.055538681824098
"Yoakum County, Texas",7589.0,82261.0,908.0,3237.0,111.0,534.0,183000.0,48,501,11.964685729345105,96.68458781362007,3.315412186379928,7.036500197654499
"Young County, Texas",17963.0,63723.0,2952.0,8753.0,254.0,2104.0,165300.0,48,503,16.433780548906086,97.17997113356279,2.8200288664372155,11.712965540277237
"Zapata County, Texas",13855.0,36527.0,5092.0,5140.0,413.0,768.0,88800.0,48,505,36.752075063154095,92.56257878624167,7.437421213758329,5.543125225550343
"Zavala County, Texas",9532.0,41887.0,3438.0,3928.0,291.0,461.0,88100.0,48,507,36.06798153587915,93.10263095520266,6.897369044797346,4.8363407469576165
"Beaver County, Utah",7172.0,85603.0,514.0,3173.0,76.0,786.0,287600.0,49,1,7.166759620747351,97.6608187134503,2.3391812865497075,10.959286112660346
"Box Elder County, Utah",59725.0,77865.0,5111.0,28391.0,911.0,6763.0,357400.0,49,3,8.557555462536627,96.8909972015562,3.1090027984437922,11.323566345751361
"Cache County, Utah",137031.0,78292.0,17385.0,70772.0,1685.0,18207.0,392800.0,49,5,12.686910261181778,97.67448279669321,2.325517203306789,13.286774525472339
"Carbon County, Utah",20446.0,53673.0,3377.0,8899.0,493.0,1689.0,200700.0,49,7,16.516678078841824,94.75085178875638,5.249148211243612,8.260784505526754
"Daggett County, Utah",747.0,58750.0,72.0,338.0,29.0,41.0,242100.0,49,9,9.63855421686747,92.09809264305177,7.901907356948229,5.4886211512717535
"Davis County, Utah",366742.0,108058.0,21737.0,186649.0,4699.0,56085.0,470500.0,49,11,5.927054986884513,97.54426489955473,2.455735100445262,15.292767122391218
"Duchesne County, Utah",19932.0,74738.0,2605.0,8479.0,333.0,1417.0,253600.0,49,13,13.069436082681115,96.22106218792555,3.778937812074444,7.109171182018864
"Emery County, Utah",9968.0,69956.0,1112.0,4363.0,155.0,686.0,197100.0,49,15,11.15569823434992,96.5692784417884,3.4307215582115984,6.882022471910113
"Garfield County, Utah",5170.0,61688.0,557.0,2435.0,124.0,838.0,285800.0,49,17,10.773694390715667,95.15435717076983,4.845642829230168,16.208897485493228
"Grand County, Utah",9697.0,62521.0,1632.0,5466.0,161.0,1522.0,480900.0,49,19,16.829947406414355,97.1387950950773,2.8612049049226944,15.695575951325152
"Iron County, Utah",60201.0,65527.0,8099.0,29412.0,1007.0,6967.0,342900.0,49,21,13.45326489593196,96.68956901936289,3.3104309806371015,11.57289746017508
"Juab County, Utah",12273.0,89803.0,1091.0,5865.0,133.0,1011.0,369800.0,49,23,8.88943208669437,97.78259419806602,2.217405801933978,8.23759472011733
"Kane County, Utah",7996.0,75000.0,812.0,3654.0,169.0,1297.0,350900.0,49,25,10.155077538769385,95.5793879152498,4.4206120847501955,16.220610305152576
"Millard County, Utah",13179.0,70877.0,1142.0,5893.0,393.0,1451.0,246400.0,49,27,8.66530085742469,93.74801145402482,6.251988545975183,11.009940056149937
"Morgan County, Utah",12585.0,126092.0,214.0,5755.0,124.0,1752.0,600900.0,49,29,1.7004370282081842,97.8907977547202,2.1092022452798096,13.921334922526817
"Piute County, Utah",1705.0,44650.0,188.0,672.0,47.0,136.0,235400.0,49,31,11.026392961876832,93.46314325452016,6.536856745479833,7.976539589442816
"Rich County, Utah",2588.0,76875.0,244.0,1058.0,29.0,266.0,291200.0,49,33,9.428129829984544,97.33210671573137,2.667893284268629,10.278207109737249
"Salt Lake County, Utah",1184689.0,94658.0,97689.0,659418.0,24188.0,187544.0,484500.0,49,35,8.245961598360415,96.46170454911163,3.538295450888377,15.830652601653261
"San Juan County, Utah",14466.0,54890.0,2601.0,6001.0,729.0,1187.0,189900.0,49,37,17.98009124844463,89.16790490341754,10.832095096582467,8.205447255633901
"Sanpete County, Utah",29209.0,67459.0,4078.0,13026.0,657.0,2333.0,300400.0,49,39,13.961450237940362,95.19842139881605,4.801578601183951,7.9872641993906
"Sevier County, Utah",21854.0,73765.0,2258.0,9961.0,341.0,2186.0,274100.0,49,41,10.332204630731216,96.68996311395846,3.3100368860415452,10.002745492815961
"Summit County, Utah",42709.0,137058.0,1933.0,23434.0,482.0,10395.0,1000400.0,49,43,4.525978131073076,97.98461281150695,2.015387188493059,24.339132267203635
"Tooele County, Utah",76648.0,101846.0,3562.0,39710.0,1424.0,6972.0,391300.0,49,45,4.647218453188602,96.53814362814217,3.461856371857831,9.096127752844172
"Uintah County, Utah",36458.0,69861.0,3991.0,15680.0,904.0,2640.0,270200.0,49,47,10.946842942564047,94.5489628557646,5.451037144235408,7.241209062482858
"Utah County, Utah",683622.0,96877.0,58181.0,349793.0,12387.0,106191.0,489200.0,49,49,8.510697432206687,96.57987740902314,3.420122590976862,15.533584349245636
"Wasatch County, Utah",35808.0,115146.0,1829.0,18244.0,443.0,6809.0,724400.0,49,51,5.107797140303843,97.62936800984642,2.370631990153583,19.015303842716712
"Washington County, Utah",189827.0,76411.0,18540.0,85070.0,2822.0,25871.0,465600.0,49,53,9.76678765402182,96.78924134164657,3.2107586583534338,13.628725102330016
"Wayne County, Utah",2557.0,70074.0,231.0,1220.0,10.0,338.0,364800.0,49,55,9.034024247164647,99.1869918699187,0.8130081300813009,13.21861556511537
"Weber County, Utah",266183.0,87083.0,19731.0,139858.0,4195.0,32859.0,389200.0,49,57,7.412569548017717,97.08787737846487,2.9121226215351297,12.34451486383428
"Addison County, Vermont",37497.0,88478.0,2524.0,20649.0,781.0,6605.0,333700.0,50,1,6.731205163079713,96.35557629491367,3.6444237050863277,17.614742512734352
"Bennington County, Vermont",37312.0,71494.0,4128.0,18708.0,778.0,5782.0,257400.0,50,3,11.063464837049743,96.0073899209689,3.992610079031099,15.496355060034306
"Caledonia County, Vermont",30425.0,66075.0,3727.0,15962.0,415.0,4203.0,215900.0,50,5,12.249794576828265,97.4659583562313,2.5340416437687,13.814297452752673
"Chittenden County, Vermont",168831.0,94310.0,16606.0,99619.0,3695.0,35945.0,404500.0,50,7,9.835871374332914,96.4235244013396,3.5764755986603944,21.29052129052129
"Essex County, Vermont",5972.0,58985.0,850.0,2768.0,155.0,575.0,167500.0,50,9,14.233087742799732,94.69722887444406,5.302771125555935,9.628265237776288
"Franklin County, Vermont",50379.0,79078.0,5032.0,26327.0,738.0,6670.0,285500.0,50,11,9.988288771114949,97.27323111029004,2.726768889709957,13.239643502252923
"Grand Isle County, Vermont",7393.0,90625.0,559.0,3977.0,136.0,1466.0,363500.0,50,13,7.561206546733397,96.69341113542427,3.306588864575735,19.829568510753415
"Lamoille County, Vermont",26036.0,69897.0,2045.0,14830.0,533.0,5196.0,285200.0,50,15,7.854509141189123,96.53062552886806,3.4693744711319403,19.95698263942234
"Orange County, Vermont",29594.0,77328.0,2727.0,16304.0,458.0,4452.0,251000.0,50,17,9.21470568358451,97.26762916119795,2.7323708388020522,15.04358991687504
"Orleans County, Vermont",27492.0,66426.0,2891.0,14131.0,734.0,3552.0,213300.0,50,19,10.515786410592172,95.06222670702994,4.937773292970063,12.920122217372326
"Rutland County, Vermont",60484.0,64778.0,7068.0,29931.0,1235.0,9081.0,218400.0,50,21,11.68573507043185,96.03734839247899,3.9626516075210163,15.01388797037233
"Washington County, Vermont",59958.0,79853.0,5456.0,32415.0,964.0,12177.0,293900.0,50,23,9.099703125521199,97.11195661943138,2.8880433805686208,20.30921645151606
"Windham County, Vermont",45913.0,68021.0,5308.0,24496.0,1052.0,7673.0,265100.0,50,25,11.560995796397535,95.882260842336,4.117739157664005,16.71204234094919
"Windsor County, Vermont",57968.0,75247.0,4981.0,29956.0,1141.0,10840.0,267400.0,50,27,8.592671818934585,96.33083577193942,3.669164228060585,18.699972398564725
"Accomack County, Virginia",33326.0,57500.0,4883.0,15124.0,577.0,3086.0,193100.0,51,1,14.652223489167618,96.3250748359977,3.6749251640022926,9.2600372081858
"Albemarle County, Virginia",113683.0,102617.0,7141.0,58058.0,1939.0,23272.0,471000.0,51,3,6.281502071549835,96.76817174192043,3.2318282580795707,20.470958718541908
"Alleghany County, Virginia",14962.0,55160.0,1916.0,6227.0,157.0,975.0,122300.0,51,5,12.805774629060284,97.54072681704261,2.4592731829573933,6.516508488170031
"Amelia County, Virginia",13342.0,66339.0,1468.0,6399.0,337.0,1254.0,239700.0,51,7,11.002848148703343,94.99703087885986,5.002969121140143,9.398890721031329
"Amherst County, Virginia",31385.0,67298.0,3291.0,15498.0,595.0,3091.0,197200.0,51,9,10.485900908077108,96.30274032187907,3.697259678120922,9.848653815516967
"Appomattox County, Virginia",16424.0,62337.0,2007.0,7977.0,335.0,1774.0,189200.0,51,11,12.219922065270335,95.96968238691049,4.030317613089509,10.801266439357038
"Arlington County, Virginia",235463.0,140160.0,16573.0,150497.0,4913.0,61874.0,864800.0,51,13,7.038473135906703,96.83868476931985,3.161315230680137,26.277589260308414
"Augusta County, Virginia",77713.0,79972.0,5455.0,39214.0,1185.0,8972.0,281400.0,51,15,7.019417600658834,97.066759078195,2.9332409218049955,11.545043943741716
"Bath County, Virginia",4123.0,61709.0,841.0,1734.0,35.0,330.0,206000.0,51,17,20.397768615086104,98.02148106274731,1.978518937252685,8.003880669415473
"Bedford County, Virginia",80254.0,77644.0,6429.0,38396.0,1217.0,12205.0,276600.0,51,19,8.010815660278615,96.92777623507435,3.072223764925656,15.207964712039276
"Bland County, Virginia",6211.0,61375.0,668.0,2365.0,41.0,548.0,157100.0,51,21,10.75511189824505,98.29592684954281,1.7040731504571904,8.823055868620191
"Botetourt County, Virginia",33875.0,80467.0,2037.0,16576.0,436.0,4396.0,268900.0,51,23,6.013284132841328,97.43710322125558,2.562896778744416,12.977121771217712
"Brunswick County, Virginia",15868.0,52978.0,2090.0,6932.0,439.0,1144.0,132700.0,51,25,13.171162087219562,94.0442273775607,5.955772622439289,7.2094781951096545
"Buchanan County, Virginia",19857.0,42216.0,4485.0,6014.0,218.0,833.0,91400.0,51,27,22.586493428010275,96.50192554557124,3.4980744544287545,4.194994208591429
"Buckingham County, Virginia",16914.0,59199.0,2039.0,6964.0,339.0,1194.0,167800.0,51,29,12.055102282133143,95.35807202519513,4.641927974804875,7.059240865555161
"Campbell County, Virginia",55398.0,62608.0,5517.0,27951.0,1308.0,6777.0,199200.0,51,31,9.958843279540778,95.52958064185378,4.470419358146211,12.233293620708329
"Caroline County, Virginia",31541.0,86267.0,3496.0,16097.0,733.0,2994.0,283100.0,51,33,11.08398592308424,95.64468211527036,4.35531788472965,9.492406708728323
"Carroll County, Virginia",29158.0,52575.0,4688.0,13050.0,657.0,2575.0,144200.0,51,35,16.07792029631662,95.20682862770848,4.79317137229153,8.831195555250702
"Charles City County, Virginia",6686.0,70339.0,760.0,3462.0,170.0,609.0,224100.0,51,36,11.36703559676937,95.31938325991189,4.680616740088106,9.108585103200719
"Charlotte County, Virginia",11475.0,48892.0,2762.0,4751.0,111.0,862.0,144000.0,51,37,24.06971677559913,97.71698889345947,2.2830111065405183,7.5119825708061
"Chesterfield County, Virginia",371610.0,98910.0,25098.0,198489.0,9153.0,66439.0,336700.0,51,41,6.753854847824332,95.59193226803826,4.408067731961742,17.87869002448804
"Clarke County, Virginia",15060.0,114185.0,1014.0,7694.0,268.0,2578.0,538900.0,51,43,6.733067729083666,96.63401155488572,3.3659884451142927,17.11819389110226
"Craig County, Virginia",4881.0,67778.0,652.0,2011.0,47.0,364.0,210500.0,51,45,13.357918459332105,97.71622934888241,2.28377065111759,7.457488219627126
"Culpeper County, Virginia",53563.0,96098.0,4229.0,26628.0,770.0,6255.0,386400.0,51,47,7.895375539084816,97.18957588145119,2.810424118548799,11.67783731307059
"Cumberland County, Virginia",9745.0,57057.0,748.0,5069.0,147.0,719.0,220100.0,51,49,7.675731144176501,97.18174846625767,2.8182515337423313,7.378142637249872
"Dickenson County, Virginia",13920.0,43831.0,2716.0,4748.0,129.0,908.0,101100.0,51,51,19.51149425287356,97.35493131023169,2.6450686897683,6.522988505747127
"Dinwiddie County, Virginia",28083.0,83898.0,2923.0,14163.0,684.0,2587.0,246100.0,51,53,10.408432147562582,95.39300868862396,4.606991311376035,9.211978777196169
"Essex County, Virginia",10604.0,56481.0,1628.0,4492.0,283.0,861.0,228600.0,51,57,15.352697095435685,94.07329842931938,5.926701570680628,8.119577517917767
"Fairfax County, Virginia",1144474.0,150113.0,67276.0,635809.0,25479.0,250081.0,699700.0,51,59,5.878333627500494,96.14706451651928,3.8529354834807226,21.851173552217002
"Fauquier County, Virginia",73935.0,129495.0,4520.0,39944.0,939.0,12562.0,543700.0,51,61,6.113478055048353,97.70320181982731,2.2967981801726878,16.990599851220665
"Floyd County, Virginia",15560.0,61401.0,1282.0,8179.0,271.0,1654.0,215500.0,51,63,8.239074550128535,96.79289940828403,3.2071005917159763,10.629820051413882
"Fluvanna County, Virginia",27764.0,91959.0,2027.0,14033.0,531.0,4567.0,281700.0,51,65,7.3008212073188306,96.35402361988464,3.645976380115353,16.449358882005473
"Franklin County, Virginia",54958.0,68348.0,6179.0,25107.0,665.0,6237.0,222800.0,51,67,11.243131118308526,97.41968027316467,2.580319726835325,11.348666254230503
"Frederick County, Virginia",93355.0,95603.0,6479.0,47841.0,1977.0,11674.0,355000.0,51,69,6.94017460232446,96.03155485968927,3.9684451403107315,12.504954207059077
"Giles County, Virginia",16610.0,64819.0,1468.0,7520.0,171.0,1151.0,143500.0,51,71,8.838049367850692,97.77662202574437,2.2233779742556234,6.929560505719447
"Gloucester County, Virginia",39228.0,83689.0,2619.0,19618.0,651.0,4740.0,289200.0,51,73,6.676353624961761,96.78819872712023,3.211801272879767,12.083205873355766
"Goochland County, Virginia",25613.0,118695.0,950.0,12427.0,324.0,5121.0,483700.0,51,75,3.709053996017647,97.45902282173947,2.540977178260529,19.993753172217232
"Grayson County, Virginia",15323.0,42864.0,2595.0,6135.0,238.0,1102.0,132300.0,51,77,16.93532598055211,96.26549505727286,3.73450494272713,7.191803171702669
"Greene County, Virginia",20850.0,85268.0,2424.0,11048.0,338.0,2699.0,315300.0,51,79,11.62589928057554,97.03144212190409,2.968557878095907,12.94484412470024
"Greensville County, Virginia",11304.0,56759.0,1113.0,4234.0,283.0,854.0,159200.0,51,81,9.846072186836519,93.7347797210538,6.265220278946202,7.5548478414720455
"Halifax County, Virginia",33811.0,49244.0,5901.0,14191.0,565.0,2920.0,148900.0,51,83,17.45289994380527,96.17104906478721,3.828950935212795,8.636242642926858
"Hanover County, Virginia",111652.0,109504.0,5663.0,59860.0,1602.0,20550.0,372700.0,51,85,5.072009457958657,97.39351143796166,2.606488562038333,18.40540250062695
"Henrico County, Virginia",334434.0,86397.0,27912.0,183914.0,7128.0,61964.0,333600.0,51,87,8.346041371391664,96.2688832822102,3.7311167177898055,18.52802047638697
"Henry County, Virginia",50365.0,48445.0,7315.0,21345.0,865.0,3689.0,120300.0,51,89,14.523974982626825,96.10535794687078,3.894642053129221,7.3245309242529535
"Highland County, Virginia",2265.0,62946.0,233.0,1041.0,167.0,381.0,195700.0,51,91,10.286975717439294,86.17549668874173,13.82450331125828,16.821192052980134
"Isle of Wight County, Virginia",39444.0,96118.0,2891.0,19930.0,913.0,5023.0,333600.0,51,93,7.32937835919278,95.6196324905244,4.380367509475604,12.734509684616166
"James City County, Virginia",80046.0,107046.0,5119.0,36284.0,1286.0,15232.0,419200.0,51,95,6.395072833120956,96.57705616183124,3.4229438381687514,19.029058291482396
"King and Queen County, Virginia",6676.0,72851.0,1232.0,3494.0,172.0,749.0,240900.0,51,97,18.454164170161775,95.30823786142935,4.69176213857065,11.21929298981426
"King George County, Virginia",27468.0,110517.0,1764.0,14184.0,535.0,3981.0,395900.0,51,99,6.422018348623854,96.36524220395407,3.6347577960459274,14.493228484054171
"King William County, Virginia",18232.0,85212.0,1431.0,9942.0,351.0,2309.0,276500.0,51,101,7.848837209302325,96.58991547653746,3.4100845234625474,12.664545853444492
"Lancaster County, Virginia",10876.0,67169.0,1391.0,4438.0,444.0,1900.0,307600.0,51,103,12.789628539904378,90.90536665301107,9.094633346988939,17.469657962486206
"Lee County, Virginia",22042.0,42269.0,5617.0,7780.0,720.0,1514.0,98700.0,51,105,25.48316849650667,91.52941176470588,8.470588235294118,6.86870519916523
"Loudoun County, Virginia",427082.0,178707.0,16821.0,239822.0,7756.0,100120.0,701000.0,51,107,3.9385879058354134,96.86724991719782,3.1327500828021875,23.442804894610404
"Louisa County, Virginia",39012.0,80343.0,3916.0,19916.0,1143.0,4455.0,275600.0,51,109,10.037937045011791,94.57239185146493,5.427608148535068,11.419563211319595
"Lunenburg County, Virginia",11990.0,54460.0,1758.0,4638.0,169.0,667.0,145500.0,51,111,14.662218515429526,96.4842937382983,3.515706261701685,5.562969140950792
"Madison County, Virginia",13931.0,82972.0,967.0,7100.0,299.0,1430.0,331400.0,51,113,6.941353815232216,95.95891336667117,4.0410866333288284,10.264876893259636
"Mathews County, Virginia",8517.0,75487.0,665.0,3663.0,218.0,1418.0,348800.0,51,115,7.807913584595514,94.3828910074723,5.617108992527699,16.649054831513443
"Mecklenburg County, Virginia",30431.0,51691.0,5111.0,12870.0,385.0,2971.0,169400.0,51,117,16.795373139233018,97.0954356846473,2.904564315352697,9.763070553054451
"Middlesex County, Virginia",10774.0,74154.0,978.0,4625.0,204.0,1793.0,299800.0,51,119,9.077408576201968,95.77552288258438,4.224477117415614,16.64191572303694
"Montgomery County, Virginia",99159.0,70769.0,21057.0,48949.0,1626.0,12698.0,283600.0,51,121,21.235591323026654,96.78497281265447,3.2150271873455267,12.805695902540364
"Nelson County, Virginia",14777.0,68525.0,2118.0,6844.0,228.0,2465.0,283000.0,51,125,14.333085199972931,96.77601809954751,3.2239819004524892,16.68132909250863
"New Kent County, Virginia",24139.0,120125.0,1228.0,12772.0,343.0,4442.0,371500.0,51,127,5.087203280997556,97.38467403736179,2.6153259626382006,18.401756493640995
"Northampton County, Virginia",12115.0,55933.0,2021.0,5272.0,220.0,1751.0,279100.0,51,131,16.68179942220388,95.99417334304444,4.005826656955572,14.45315724308708
"Northumberland County, Virginia",12085.0,69500.0,1238.0,4566.0,171.0,1681.0,333100.0,51,133,10.244104261481175,96.39012032932236,3.609879670677644,13.909805544062886
"Nottoway County, Virginia",15597.0,62161.0,2608.0,6282.0,331.0,1399.0,179800.0,51,135,16.72116432647304,94.99470739452593,5.005292605474066,8.969673655190102
"Orange County, Virginia",37208.0,94175.0,3688.0,18259.0,674.0,4908.0,337300.0,51,137,9.911846914642013,96.44007817039032,3.559921829609676,13.190711674908624
"Page County, Virginia",23750.0,59396.0,2234.0,11596.0,583.0,1629.0,221800.0,51,139,9.406315789473684,95.21307168076196,4.786928319238033,6.858947368421052
"Patrick County, Virginia",17606.0,50938.0,1859.0,7587.0,155.0,1577.0,146500.0,51,141,10.558900374872202,97.99793335055541,2.002066649444588,8.957173690787231
"Pittsylvania County, Virginia",60148.0,54115.0,8812.0,26643.0,1330.0,4823.0,153000.0,51,143,14.650528695883489,95.24541522182103,4.754584778178958,8.0185542328922
"Powhatan County, Virginia",31074.0,110667.0,963.0,16558.0,510.0,5425.0,381300.0,51,145,3.099053871403746,97.01195219123507,2.9880478087649402,17.45832528802214
"Prince Edward County, Virginia",21932.0,55082.0,3646.0,8547.0,193.0,1808.0,203700.0,51,147,16.62411088819989,97.79176201372998,2.208237986270023,8.243662228706912
"Prince George County, Virginia",42873.0,88225.0,2878.0,17172.0,964.0,4202.0,268300.0,51,149,6.712849578989108,94.6846052051169,5.3153947948831055,9.801040281762415
"Prince William County, Virginia",484625.0,128873.0,29306.0,260939.0,11638.0,82378.0,500600.0,51,153,6.047149858137735,95.73038077313933,4.269619226860667,16.99829765282435
"Pulaski County, Virginia",33771.0,60767.0,4743.0,15537.0,556.0,3309.0,182500.0,51,155,14.044594474549168,96.54508171254584,3.4549182874541726,9.7983476947677
"Rappahannock County, Virginia",7409.0,98125.0,700.0,3760.0,273.0,1167.0,490200.0,51,157,9.447968686732352,93.23084552442351,6.769154475576494,15.751113510595221
"Richmond County, Virginia",9047.0,64184.0,692.0,3363.0,96.0,813.0,214200.0,51,159,7.6489444014590475,97.22463139635732,2.7753686036426712,8.986404332928043
"Roanoke County, Virginia",96793.0,82931.0,6858.0,48126.0,1410.0,17049.0,267300.0,51,161,7.0852231049766,97.15358527131784,2.8464147286821704,17.61387703656256
"Rockbridge County, Virginia",22578.0,63975.0,1773.0,10655.0,351.0,2727.0,238700.0,51,163,7.8527770395960665,96.81083045611484,3.1891695438851535,12.078129152272123
"Rockingham County, Virginia",84739.0,78468.0,7902.0,43333.0,1191.0,9613.0,287900.0,51,165,9.325104143310636,97.32503818165483,2.674961818345162,11.344245270772607
"Russell County, Virginia",25635.0,49020.0,4592.0,9445.0,413.0,1850.0,119600.0,51,167,17.913009557245953,95.81050923108135,4.1894907689186445,7.216695923542033
"Scott County, Virginia",21504.0,45136.0,3729.0,8106.0,238.0,1569.0,122300.0,51,169,17.340959821428573,97.14765100671141,2.8523489932885906,7.2963169642857135
"Shenandoah County, Virginia",44630.0,64437.0,5440.0,21355.0,833.0,3896.0,265800.0,51,171,12.189110463813577,96.24571840634577,3.7542815936542273,8.729554111584136
"Smyth County, Virginia",29585.0,46859.0,4772.0,12373.0,376.0,2517.0,125800.0,51,173,16.12979550447862,97.05074907835909,2.949250921640913,8.507689707622106
"Southampton County, Virginia",17988.0,68465.0,1427.0,8254.0,515.0,1619.0,208800.0,51,175,7.93306648877029,94.1270384308359,5.872961569164101,9.000444740938402
"Spotsylvania County, Virginia",143876.0,109576.0,9974.0,75169.0,3940.0,19808.0,375000.0,51,177,6.932358419750341,95.01953001554817,4.980469984451832,13.767410825989046
"Stafford County, Virginia",160520.0,133792.0,7940.0,80728.0,3100.0,26133.0,458800.0,51,179,4.946424121604784,96.3019516152121,3.698048384787899,16.28021430351358
"Surry County, Virginia",6552.0,71458.0,756.0,3285.0,163.0,902.0,235200.0,51,181,11.538461538461538,95.27262180974478,4.72737819025522,13.766788766788768
"Sussex County, Virginia",10793.0,62821.0,1107.0,4518.0,199.0,807.0,178500.0,51,183,10.256647827295469,95.7812168751325,4.2187831248675005,7.477068470304828
"Tazewell County, Virginia",39933.0,45788.0,7374.0,14737.0,703.0,3020.0,116100.0,51,185,18.46593043347607,95.44689119170985,4.553108808290155,7.5626674680089145
"Warren County, Virginia",41104.0,84331.0,4542.0,20993.0,1008.0,4356.0,315800.0,51,187,11.050019462826002,95.4183900731785,4.581609926821508,10.597508758271701
"Washington County, Virginia",53913.0,62774.0,5749.0,24552.0,912.0,7008.0,201800.0,51,191,10.663476341513178,96.41847313854855,3.581526861451461,12.998720160258193
"Westmoreland County, Virginia",18683.0,59766.0,2554.0,7700.0,581.0,1626.0,244000.0,51,193,13.67018144837553,92.98393913778528,7.016060862214708,8.703099074024514
"Wise County, Virginia",35727.0,50740.0,5807.0,13810.0,1165.0,2528.0,116500.0,51,195,16.253813642343324,92.220367278798,7.779632721202004,7.075880986368853
"Wythe County, Virginia",28219.0,55359.0,4354.0,13138.0,508.0,2317.0,172100.0,51,197,15.42932067047025,96.2772973765206,3.7227026234794076,8.210779970941564
"York County, Virginia",70590.0,108326.0,3694.0,33142.0,1423.0,12709.0,411200.0,51,199,5.233035840770647,95.88311876175322,4.116881238246782,18.00396656750248
"Alexandria city, Virginia",156788.0,113638.0,13037.0,98916.0,3315.0,37319.0,696800.0,51,510,8.315049621144475,96.75734366288113,3.242656337118878,23.80220425032528
"Bristol city, Virginia",17024.0,44706.0,3057.0,7704.0,338.0,1722.0,168700.0,51,520,17.95700187969925,95.79706540661526,4.20293459338473,10.115131578947368
"Buena Vista city, Virginia",6612.0,54458.0,1339.0,2954.0,66.0,627.0,153500.0,51,530,20.251058681185725,97.81456953642385,2.185430463576159,9.482758620689655
"Charlottesville city, Virginia",45863.0,69829.0,9701.0,25197.0,1178.0,7893.0,448400.0,51,540,21.152126986895755,95.53364928909953,4.466350710900474,17.209951376926934
"Chesapeake city, Virginia",251153.0,94189.0,21444.0,124023.0,6111.0,38094.0,359100.0,51,550,8.538221721420808,95.3040711881599,4.695928811840103,15.16764681289891
"Colonial Heights city, Virginia",18210.0,76250.0,1723.0,9150.0,337.0,2332.0,231700.0,51,570,9.461834157056561,96.44777063349848,3.5522293665015283,12.806150466776497
"Covington city, Virginia",5671.0,42724.0,1317.0,2115.0,50.0,228.0,80200.0,51,580,23.223417386704284,97.6905311778291,2.3094688221709005,4.0204549462175985
"Danville city, Virginia",42239.0,42778.0,10156.0,17612.0,870.0,3222.0,110200.0,51,590,24.04412983261914,95.2927172383941,4.707282761605887,7.62802149672104
"Emporia city, Virginia",5633.0,49375.0,729.0,2257.0,76.0,306.0,131100.0,51,595,12.941594177170245,96.7423917702529,3.257608229747107,5.432274099059116
"Fairfax city, Virginia",24478.0,132774.0,2346.0,13662.0,610.0,5300.0,677400.0,51,600,9.584116349374948,95.72589686098655,4.2741031390134525,21.65209575945747
"Falls Church city, Virginia",14593.0,154734.0,529.0,8303.0,525.0,2946.0,1005400.0,51,610,3.625025697252107,94.05301314000907,5.946986859990938,20.18776125539642
"Franklin city, Virginia",8212.0,65125.0,1340.0,3753.0,176.0,880.0,227200.0,51,620,16.31758402338042,95.52048867396284,4.4795113260371595,10.71602532878714
"Fredericksburg city, Virginia",28383.0,85368.0,4281.0,15601.0,719.0,4525.0,461500.0,51,630,15.082972201670014,95.59436274509804,4.405637254901961,15.94264172215763
"Galax city, Virginia",6698.0,41438.0,1503.0,2999.0,164.0,530.0,126800.0,51,640,22.439534189310244,94.81504900411002,5.184950995889978,7.912809793968349
"Hampton city, Virginia",137334.0,67758.0,17351.0,67155.0,4240.0,15923.0,234100.0,51,650,12.634161970087524,94.06120876812102,5.938791231878983,11.594361192421395
"Harrisonburg city, Virginia",51492.0,59752.0,11298.0,26681.0,1886.0,5060.0,278200.0,51,660,21.941272430668842,93.39797668638639,6.60202331361361,9.826769206867086
"Hopewell city, Virginia",22944.0,48681.0,5405.0,10611.0,991.0,1240.0,165100.0,51,670,23.557357043235704,91.4583692466816,8.541630753318394,5.404463040446304
"Lexington city, Virginia",7420.0,89598.0,665.0,2910.0,19.0,809.0,275300.0,51,678,8.962264150943396,99.351314441789,0.6486855582109935,10.902964959568733
"Lynchburg city, Virginia",79255.0,59808.0,11939.0,38298.0,1929.0,10511.0,211800.0,51,680,15.064033814901268,95.20471325229323,4.795286747706764,13.262254747334554
"Manassas city, Virginia",42674.0,117919.0,2838.0,23434.0,775.0,5805.0,434700.0,51,683,6.650419459155457,96.79871122309885,3.2012887769011527,13.60313071190889
"Manassas Park city, Virginia",16923.0,100668.0,979.0,10159.0,346.0,1702.0,381200.0,51,685,5.785026295574071,96.70633031889577,3.293669681104236,10.057318442356557
"Martinsville city, Virginia",13584.0,42434.0,2871.0,5783.0,256.0,1127.0,92500.0,51,690,21.135159010600706,95.76088756416625,4.239112435833747,8.296525323910483
"Newport News city, Virginia",184774.0,66718.0,26927.0,89756.0,5289.0,21332.0,243300.0,51,700,14.572937750982282,94.43526750486612,5.5647324951338835,11.544914327773387
"Norfolk city, Virginia",235037.0,64017.0,37182.0,109583.0,6678.0,29305.0,271900.0,51,710,15.819636908231468,94.25602738665589,5.743972613344114,12.468249679837642
"Norton city, Virginia",3620.0,38497.0,917.0,1551.0,84.0,254.0,100700.0,51,720,25.331491712707184,94.86238532110092,5.137614678899083,7.016574585635358
"Petersburg city, Virginia",33365.0,50741.0,6930.0,15940.0,1814.0,3518.0,157900.0,51,730,20.77026824516709,89.78258420637603,10.217415793623973,10.543983215944852
"Poquoson city, Virginia",12556.0,120919.0,724.0,6491.0,117.0,1930.0,403000.0,51,735,5.766167569289583,98.22941888619854,1.7705811138014529,15.371137304874164
"Portsmouth city, Virginia",97299.0,58972.0,16612.0,44471.0,2948.0,9798.0,229400.0,51,740,17.073145664395316,93.78308273055104,6.216917269448955,10.069990441833934
"Radford city, Virginia",16505.0,52791.0,4513.0,8652.0,659.0,1425.0,211700.0,51,750,27.343229324447137,92.92234990871012,7.077650091289872,8.633747349288095
"Richmond city, Virginia",227595.0,62671.0,40994.0,130491.0,7808.0,41917.0,328100.0,51,760,18.01181924031723,94.35426141909919,5.645738580900802,18.41736417759617
"Roanoke city, Virginia",98677.0,52671.0,19062.0,48868.0,2685.0,12180.0,180500.0,51,770,19.317571470555446,94.79176769538145,5.208232304618548,12.343301883924319
"Salem city, Virginia",25477.0,66716.0,2500.0,12880.0,440.0,3113.0,244800.0,51,775,9.812772304431448,96.69669669669669,3.303303303303303,12.21886407347804
"Staunton city, Virginia",25765.0,62586.0,3042.0,12905.0,647.0,3509.0,239300.0,51,790,11.8067145352222,95.22579693034238,4.774203069657615,13.61925092179313
"Suffolk city, Virginia",96638.0,90089.0,9454.0,47357.0,2501.0,13145.0,329600.0,51,800,9.782901136199012,94.98375386096514,5.016246139034859,13.602309650448063
"Virginia Beach city, Virginia",457066.0,90685.0,37541.0,233130.0,10036.0,79246.0,366300.0,51,810,8.21347464042392,95.87277826669846,4.127221733301531,17.337977447458353
"Waynesboro city, Virginia",22574.0,56364.0,2612.0,11452.0,438.0,2495.0,236600.0,51,820,11.57083370248959,96.31623212783852,3.68376787216148,11.05253831841942
"Williamsburg city, Virginia",15564.0,70206.0,1520.0,6974.0,494.0,1991.0,393200.0,51,830,9.766126959650476,93.3851098018211,6.614890198178896,12.792341300436904
"Winchester city, Virginia",27981.0,64648.0,5182.0,14804.0,868.0,3344.0,325900.0,51,840,18.519709803080662,94.46145992853496,5.538540071465033,11.95096672742218
"Adams County, Washington",20690.0,65042.0,4199.0,8729.0,354.0,1150.0,251300.0,53,1,20.294828419526343,96.10260927006496,3.8973907299350437,5.5582406959884
"Asotin County, Washington",22424.0,69107.0,3317.0,10373.0,597.0,2428.0,286200.0,53,3,14.79218694256154,94.55788514129443,5.442114858705561,10.827684623617552
"Benton County, Washington",210224.0,87316.0,23008.0,100263.0,5018.0,27497.0,369400.0,53,5,10.944516325443336,95.23370788651324,4.766292113486764,13.079857675622195
"Chelan County, Washington",79518.0,78306.0,7085.0,38337.0,1528.0,10806.0,454900.0,53,7,8.909932342362735,96.16706384046155,3.832936159538442,13.589375990341809
"Clallam County, Washington",77593.0,67999.0,8225.0,31389.0,1876.0,11064.0,385600.0,53,9,10.600183006199012,94.36043889974448,5.6395611002555235,14.259018210405577
"Clark County, Washington",510516.0,94948.0,42559.0,260148.0,13519.0,73646.0,487900.0,53,11,8.336467417279772,95.06005473805756,4.939945261942434,14.425796644963135
"Columbia County, Washington",3996.0,71528.0,357.0,1823.0,62.0,496.0,256100.0,53,13,8.933933933933934,96.71087533156498,3.2891246684350133,12.412412412412413
"Cowlitz County, Washington",111539.0,72932.0,14294.0,49301.0,2538.0,8973.0,367400.0,53,15,12.815248478110796,95.10407222361542,4.895927776384576,8.044719784111386
"Douglas County, Washington",43733.0,80374.0,3444.0,21918.0,887.0,4440.0,402900.0,53,17,7.875060023323348,96.11050208287656,3.8894979171234376,10.15251640637505
"Ferry County, Washington",7326.0,54650.0,1131.0,2754.0,277.0,635.0,274500.0,53,19,15.438165438165438,90.8611019465523,9.138898053447706,8.667758667758669
"Franklin County, Washington",97676.0,82755.0,12414.0,46583.0,2490.0,7269.0,345700.0,53,21,12.709365657889348,94.92592668065942,5.074073319340574,7.441950939841926
"Garfield County, Washington",2326.0,62411.0,247.0,972.0,73.0,261.0,214200.0,53,23,10.619088564058469,93.01435406698565,6.9856459330143545,11.22098022355976
"Grant County, Washington",100428.0,71115.0,14884.0,46936.0,2973.0,7995.0,275700.0,53,25,14.820567969092286,94.04315854855838,5.9568414514416235,7.960927231449396
"Grays Harbor County, Washington",76397.0,63539.0,10358.0,32004.0,2115.0,6461.0,279500.0,53,27,13.558124010105107,93.80110788710103,6.198892112898971,8.457138369307696
"Island County, Washington",86747.0,88358.0,5875.0,34895.0,1626.0,13735.0,535300.0,53,29,6.7725685038099295,95.54776703814244,4.452232961857561,15.833400578694365
"Jefferson County, Washington",33313.0,71143.0,4123.0,12816.0,983.0,6653.0,495100.0,53,31,12.376549695314141,92.87629538372346,7.123704616276543,19.97118242127698
"King County, Washington",2262713.0,122148.0,186954.0,1304643.0,59490.0,529842.0,811200.0,53,33,8.262382370190121,95.63898828046825,4.361011719531747,23.416226450283354
"Kitsap County, Washington",276581.0,98546.0,22299.0,127276.0,6125.0,45717.0,505700.0,53,35,8.06237594050206,95.40858014557611,4.591419854423879,16.52933498685738
"Kittitas County, Washington",44736.0,69928.0,6130.0,23089.0,1183.0,6588.0,459900.0,53,37,13.70261087267525,95.12607119314437,4.873928806855636,14.726394849785407
"Klickitat County, Washington",23082.0,70400.0,3155.0,10537.0,507.0,3144.0,388700.0,53,39,13.668659561563123,95.40927200289751,4.5907279971024995,13.621003379256564
"Lewis County, Washington",83925.0,69690.0,10756.0,37496.0,2219.0,7997.0,341500.0,53,41,12.816204944891272,94.41269041923707,5.587309580762936,9.528745904081024
"Lincoln County, Washington",11271.0,71227.0,1162.0,4863.0,267.0,1294.0,272300.0,53,43,10.309644219678821,94.7953216374269,5.204678362573099,11.48079141158726
"Mason County, Washington",66968.0,78359.0,8232.0,27883.0,1842.0,6977.0,377400.0,53,45,12.29243817942898,93.80319596299411,6.1968040370058874,10.418408792258989
"Okanogan County, Washington",42811.0,60293.0,7827.0,19200.0,921.0,4598.0,284200.0,53,47,18.28268435682418,95.42269270910988,4.577307290890115,10.740230314638762
"Pacific County, Washington",23750.0,62350.0,2709.0,9805.0,468.0,3108.0,274000.0,53,49,11.406315789473684,95.44436873357344,4.5556312664265555,13.086315789473685
"Pend Oreille County, Washington",13811.0,63750.0,1853.0,5410.0,363.0,1352.0,307800.0,53,51,13.41684164796177,93.7121080893816,6.287891910618396,9.789298385345015
"Pierce County, Washington",924106.0,96632.0,80115.0,462886.0,23332.0,120918.0,484400.0,53,53,8.669459997013329,95.20132944481693,4.798670555183066,13.084862559057079
"San Juan County, Washington",18266.0,83682.0,1892.0,8653.0,264.0,4624.0,726500.0,53,55,10.358042264316216,97.03936301446674,2.960636985533251,25.31479251067557
"Skagit County, Washington",130407.0,85474.0,14887.0,61137.0,2972.0,16796.0,486200.0,53,57,11.415798231690017,95.36414543979784,4.635854560202156,12.879676704471384
"Skamania County, Washington",12276.0,90085.0,1008.0,6092.0,348.0,1687.0,472600.0,53,59,8.211143695014663,94.59627329192547,5.403726708074534,13.742261322906485
"Snohomish County, Washington",834648.0,107982.0,65003.0,446727.0,19445.0,142015.0,644600.0,53,61,7.7880735351908825,95.82879280608874,4.17120719391126,17.014957203515735
"Spokane County, Washington",544323.0,73513.0,64956.0,267755.0,15346.0,76964.0,370500.0,53,63,11.933355746496106,94.57931974807578,5.420680251924225,14.13939884958012
"Stevens County, Washington",47470.0,67405.0,6072.0,19122.0,1006.0,4545.0,308000.0,53,65,12.791236570465559,95.00198728139905,4.998012718600954,9.574468085106384
"Thurston County, Washington",296640.0,93985.0,28292.0,143346.0,7504.0,48591.0,451500.0,53,67,9.537486515641854,95.02552204176334,4.974477958236659,16.380461165048544
"Wahkiakum County, Washington",4573.0,57091.0,714.0,1589.0,42.0,537.0,344500.0,53,69,15.613382899628252,97.42489270386267,2.575107296137339,11.74283839930024
"Walla Walla County, Washington",62102.0,72212.0,6738.0,29827.0,1698.0,6905.0,375600.0,53,71,10.849892112975427,94.61379857256146,5.386201427438541,11.118804547357573
"Whatcom County, Washington",228432.0,80989.0,28364.0,119342.0,6050.0,36442.0,536100.0,53,73,12.416824262800308,95.17513078984305,4.8248692101569475,15.95310639490089
"Whitman County, Washington",47042.0,52893.0,9743.0,25193.0,1634.0,6602.0,323300.0,53,75,20.711279282343437,93.90912140753717,6.0908785924628175,14.034267250542069
"Yakima County, Washington",256605.0,68015.0,39074.0,118580.0,8418.0,18944.0,281100.0,53,77,15.22729486954658,93.37154915825447,6.62845084174554,7.38255295103369
"Barbour County, West Virginia",15454.0,48347.0,3083.0,6373.0,658.0,807.0,126000.0,54,1,19.949527630386953,90.6414450291566,9.358554970843407,5.221949009965058
"Berkeley County, West Virginia",126165.0,77329.0,14159.0,66763.0,3174.0,13765.0,248000.0,54,3,11.222605318432212,95.46162975249153,4.538370247508472,10.910315856220029
"Boone County, West Virginia",21312.0,56152.0,3642.0,7695.0,675.0,1050.0,90300.0,54,5,17.088963963963963,91.93548387096774,8.064516129032258,4.926801801801802
"Braxton County, West Virginia",12345.0,44449.0,2236.0,4343.0,556.0,808.0,106400.0,54,7,18.112596192790605,88.6507450500102,11.349254949989794,6.54515998379911
"Brooke County, West Virginia",22053.0,52116.0,2552.0,10251.0,615.0,2225.0,127700.0,54,9,11.572121706797262,94.34014356709001,5.6598564329099945,10.089330249852628
"Cabell County, West Virginia",93300.0,52828.0,17623.0,43534.0,2514.0,11502.0,156100.0,54,11,18.888531618435156,94.54047949965255,5.459520500347463,12.327974276527332
"Calhoun County, West Virginia",6158.0,41421.0,2046.0,2057.0,224.0,308.0,111200.0,54,13,33.22507307567392,90.17974572555897,9.820254274441034,5.001623903864892
"Clay County, West Virginia",7946.0,42790.0,1952.0,2644.0,311.0,381.0,107100.0,54,15,24.565819280140953,89.47546531302876,10.524534686971235,4.794865341052102
"Doddridge County, West Virginia",7767.0,61164.0,966.0,2983.0,140.0,545.0,160000.0,54,17,12.437234453456933,95.51713096381684,4.482869036183157,7.0168662289172135
"Fayette County, West Virginia",39987.0,52672.0,7282.0,15591.0,1113.0,3218.0,104200.0,54,19,18.21091854852827,93.33692528735632,6.663074712643678,8.047615475029385
"Gilmer County, West Virginia",7376.0,50991.0,684.0,2294.0,186.0,642.0,83300.0,54,21,9.273318872017354,92.5,7.5,8.703904555314534
"Grant County, West Virginia",10972.0,61530.0,1458.0,5192.0,255.0,1003.0,167500.0,54,23,13.288370397375138,95.3185239581421,4.681476041857904,9.141450966095515
"Greenbrier County, West Virginia",32688.0,48662.0,6611.0,13737.0,575.0,3097.0,136300.0,54,25,20.224547234459127,95.98239239798771,4.017607602012297,9.474424865394028
"Hampshire County, West Virginia",23340.0,60299.0,3214.0,9998.0,720.0,1845.0,204600.0,54,27,13.770351328191946,93.28232879268519,6.7176712073147975,7.904884318766067
"Hancock County, West Virginia",28658.0,61017.0,4211.0,13761.0,1130.0,3174.0,119600.0,54,29,14.693977248935724,92.41152373917132,7.588476260828688,11.075441412520064
"Hardy County, West Virginia",14236.0,49302.0,2491.0,7027.0,398.0,907.0,159700.0,54,31,17.49789266647935,94.63973063973063,5.360269360269361,6.371171677437483
"Harrison County, West Virginia",65407.0,58326.0,8708.0,30303.0,1289.0,7372.0,158500.0,54,33,13.313559710734324,95.91985312737403,4.080146872625981,11.270964881434708
"Jackson County, West Virginia",27753.0,55671.0,4826.0,10765.0,467.0,2362.0,154600.0,54,35,17.389111087089685,95.84223646723646,4.157763532763533,8.510791626130509
"Jefferson County, West Virginia",58546.0,95523.0,5038.0,30267.0,1248.0,8646.0,324500.0,54,37,8.605199330441021,96.03998096144693,3.96001903855307,14.767874833464283
"Kanawha County, West Virginia",178198.0,58887.0,28216.0,81401.0,4475.0,22205.0,135000.0,54,39,15.834072211809335,94.7889980902697,5.211001909730309,12.460858146556077
"Lewis County, West Virginia",16808.0,52279.0,3222.0,6923.0,653.0,1377.0,135800.0,54,41,19.169443122322704,91.38067581837382,8.619324181626189,8.192527367920038
"Lincoln County, West Virginia",20170.0,48593.0,4099.0,7009.0,429.0,725.0,103400.0,54,43,20.322260783341598,94.2323205162678,5.767679483732186,3.5944471988101143
"Logan County, West Virginia",31826.0,47237.0,6621.0,11207.0,1101.0,1654.0,101500.0,54,45,20.803745365424493,91.05459863503413,8.945401364965875,5.197008734996544
"McDowell County, West Virginia",18413.0,29980.0,5054.0,4397.0,656.0,594.0,49200.0,54,47,27.447998696573073,87.01761329903029,12.98238670096972,3.2259816434041166
"Marion County, West Virginia",56042.0,67537.0,7414.0,27420.0,1448.0,6327.0,164300.0,54,49,13.229363691517076,94.9840654011362,5.015934598863794,11.289746975482675
"Marshall County, West Virginia",30129.0,60329.0,4396.0,13863.0,557.0,2740.0,139800.0,54,51,14.590593780078995,96.13730929264909,3.862690707350901,9.094228152278536
"Mason County, West Virginia",25214.0,53454.0,4366.0,9663.0,287.0,1959.0,127400.0,54,53,17.315776949313875,97.11557788944724,2.8844221105527637,7.76949313873245
"Mercer County, West Virginia",59062.0,47799.0,10372.0,23775.0,955.0,5678.0,118600.0,54,55,17.561206867359726,96.13829357056207,3.86170642943793,9.613626358741662
"Mineral County, West Virginia",26922.0,68049.0,3719.0,11949.0,711.0,2360.0,180400.0,54,57,13.813981130673799,94.38388625592417,5.616113744075829,8.766064928311417
"Mingo County, West Virginia",22979.0,39527.0,6804.0,6812.0,738.0,821.0,85600.0,54,59,29.60964358762348,90.22516556291392,9.774834437086092,3.572827364115062
"Monongalia County, West Virginia",106520.0,62704.0,20538.0,57503.0,2864.0,14422.0,254200.0,54,61,19.280886218550506,95.25568605363858,4.744313946361423,13.539241457003378
"Monroe County, West Virginia",12401.0,54508.0,1929.0,5076.0,507.0,888.0,146100.0,54,63,15.555197161519233,90.91886082751209,9.081139172487909,7.160712845738247
"Morgan County, West Virginia",17327.0,63805.0,1891.0,8440.0,289.0,1209.0,223100.0,54,65,10.91360304726727,96.68919692977431,3.3108030702256848,6.977549489236452
"Nicholas County, West Virginia",24446.0,49280.0,4323.0,9496.0,819.0,1872.0,114200.0,54,67,17.683874662521475,92.06010664081434,7.9398933591856515,7.657694510349342
"Ohio County, West Virginia",41904.0,57867.0,6216.0,19708.0,1134.0,5540.0,165300.0,54,69,14.833906071019474,94.55906342961327,5.440936570386719,13.220694921725851
"Pendleton County, West Virginia",6111.0,61738.0,982.0,2628.0,166.0,654.0,178600.0,54,71,16.069383079692358,94.05869720830351,5.941302791696493,10.702012763868433
"Pleasants County, West Virginia",7572.0,61038.0,565.0,3445.0,226.0,421.0,129300.0,54,73,7.461701003697834,93.84363933533098,6.156360664669028,5.5599577390385635
"Pocahontas County, West Virginia",7855.0,41200.0,1558.0,2753.0,292.0,523.0,139400.0,54,75,19.83450031826862,90.41050903119869,9.589490968801313,6.658179503500955
"Preston County, West Virginia",34204.0,61373.0,4284.0,14321.0,892.0,3006.0,157700.0,54,77,12.524850894632205,94.13659370275423,5.863406297245777,8.788445795813356
"Putnam County, West Virginia",57250.0,77871.0,6070.0,27028.0,878.0,6814.0,214200.0,54,79,10.602620087336243,96.85372321364582,3.146276786354189,11.902183406113537
"Raleigh County, West Virginia",73666.0,52055.0,15123.0,28849.0,1574.0,6835.0,142600.0,54,81,20.52914506013629,94.82628274660618,5.173717253393814,9.278364510086064
"Randolph County, West Virginia",27782.0,55057.0,3725.0,11650.0,816.0,2675.0,137800.0,54,83,13.407961989777553,93.45419541151934,6.545804588480668,9.628536462457706
"Ritchie County, West Virginia",8372.0,50256.0,1785.0,2994.0,51.0,662.0,107800.0,54,85,21.321070234113712,98.32512315270935,1.6748768472906401,7.907310081223125
"Roane County, West Virginia",13921.0,45194.0,2790.0,4704.0,426.0,949.0,121100.0,54,87,20.04166367358667,91.69590643274854,8.304093567251462,6.817039005818549
"Summers County, West Virginia",11833.0,42544.0,2105.0,3635.0,207.0,937.0,126100.0,54,89,17.789233499535197,94.6121811556481,5.3878188443519,7.9185329164201805
"Taylor County, West Virginia",16543.0,56807.0,2366.0,7253.0,697.0,1302.0,144000.0,54,91,14.30212174333555,91.23270440251572,8.767295597484278,7.870398355800036
"Tucker County, West Virginia",6698.0,53475.0,859.0,3138.0,193.0,652.0,144700.0,54,93,12.824723798148701,94.20594416091264,5.7940558390873615,9.734249029561063
"Tyler County, West Virginia",8181.0,58293.0,1426.0,3083.0,183.0,626.0,112100.0,54,95,17.4306319520841,94.39681567666871,5.603184323331292,7.651876298740985
"Upshur County, West Virginia",23758.0,51859.0,4093.0,9726.0,568.0,1591.0,160700.0,54,97,17.227881134775654,94.4822226539732,5.517777346026811,6.6966916407104975
"Wayne County, West Virginia",38498.0,55539.0,6015.0,15520.0,836.0,2772.0,124900.0,54,99,15.624188269520495,94.88872584984104,5.111274150158963,7.200374045404956
"Webster County, West Virginia",8253.0,42061.0,1812.0,2794.0,268.0,576.0,78000.0,54,101,21.955652490003637,91.24755062050947,8.752449379490528,6.9792802617230105
"Wetzel County, West Virginia",14233.0,53341.0,2303.0,5389.0,314.0,857.0,102800.0,54,103,16.18070680812197,94.49412589864984,5.505874101350167,6.021218295510433
"Wirt County, West Virginia",5131.0,54688.0,930.0,2027.0,67.0,429.0,112800.0,54,105,18.125121808614306,96.80038204393504,3.1996179560649476,8.36094328590918
"Wood County, West Virginia",83829.0,56193.0,12208.0,37730.0,2119.0,8617.0,153700.0,54,107,14.562979398537498,94.68242615874928,5.317573841250722,10.279258967660358
"Wyoming County, West Virginia",20948.0,48038.0,4699.0,6728.0,374.0,960.0,78400.0,54,109,22.43173572656101,94.73387778090678,5.266122219093213,4.582776398701547
"Adams County, Wisconsin",20928.0,59153.0,2785.0,8845.0,452.0,2122.0,184500.0,55,1,13.307530581039757,95.1382166290201,4.861783370979886,10.139525993883792
"Ashland County, Wisconsin",16050.0,57645.0,2525.0,7924.0,374.0,1637.0,160500.0,55,3,15.732087227414329,95.49288985297663,4.507110147023379,10.199376947040498
"Barron County, Wisconsin",46741.0,64619.0,4566.0,23507.0,727.0,4938.0,198300.0,55,5,9.768725530048565,97.00008252867872,2.999917471321284,10.564600671787082
"Bayfield County, Wisconsin",16410.0,69609.0,1453.0,7579.0,270.0,2785.0,228100.0,55,7,8.854357099329677,96.56007134666837,3.4399286533316342,16.971358927483244
"Brown County, Wisconsin",269425.0,77490.0,25754.0,146319.0,4096.0,41260.0,245900.0,55,9,9.558875382759581,97.27686733371007,2.7231326662899313,15.314094831585784
"Buffalo County, Wisconsin",13341.0,68722.0,1154.0,6960.0,180.0,1563.0,197600.0,55,11,8.650026234914925,97.47899159663865,2.5210084033613445,11.715763436024286
"Burnett County, Wisconsin",16741.0,61664.0,2178.0,7145.0,313.0,1974.0,215500.0,55,13,13.009975509228838,95.80316438723519,4.196835612764816,11.791410310017323
"Calumet County, Wisconsin",52626.0,87700.0,2964.0,29542.0,642.0,8793.0,252100.0,55,15,5.632197012883366,97.87304532202491,2.1269546779750863,16.708471097936382
"Chippewa County, Wisconsin",66558.0,74009.0,5892.0,34206.0,1013.0,8349.0,237700.0,55,17,8.852429460019833,97.12371163292542,2.8762883670745905,12.54394663301181
"Clark County, Wisconsin",34736.0,66250.0,4099.0,16555.0,541.0,2048.0,163800.0,55,19,11.800437586365732,96.83551708001872,3.164482919981282,5.89590050667895
"Columbia County, Wisconsin",58322.0,82792.0,4443.0,31281.0,946.0,7372.0,258700.0,55,21,7.618051507149961,97.06457318397617,2.935426816023831,12.64017009018895
"Crawford County, Wisconsin",16064.0,63496.0,1918.0,7150.0,219.0,1479.0,175100.0,55,23,11.939741035856574,97.02809065002036,2.9719093499796445,9.206922310756973
"Dane County, Wisconsin",564777.0,88108.0,57774.0,327177.0,7916.0,122398.0,366100.0,55,25,10.229524219293634,97.6376707361837,2.3623292638163136,21.671916526345797
"Dodge County, Wisconsin",88818.0,73992.0,6621.0,48153.0,1881.0,9239.0,218400.0,55,27,7.454570019590625,96.2405564216333,3.7594435783667106,10.4021707311581
"Door County, Wisconsin",30279.0,71785.0,2595.0,15050.0,509.0,5668.0,305800.0,55,29,8.570296244922224,96.72858152837586,3.271418471624141,18.7192443607781
"Douglas County, Wisconsin",44197.0,72579.0,4478.0,22919.0,800.0,6380.0,190400.0,55,31,10.131909405615765,96.62717652514861,3.3728234748513852,14.435368916442293
"Dunn County, Wisconsin",45349.0,71785.0,4504.0,25205.0,1051.0,5181.0,226200.0,55,33,9.931861783060265,95.99710542352224,4.0028945764777575,11.424728218924342
"Eau Claire County, Wisconsin",106328.0,71834.0,11821.0,60009.0,1869.0,16076.0,242400.0,55,35,11.117485516514936,96.97954038592069,3.0204596140793174,15.119253630276127
"Florence County, Wisconsin",4617.0,62786.0,384.0,2087.0,114.0,645.0,170000.0,55,37,8.317089018843404,94.82053611994547,5.17946388005452,13.97011046133853
"Fond du Lac County, Wisconsin",104053.0,73154.0,8792.0,55003.0,1690.0,10972.0,209800.0,55,39,8.449540138198802,97.01903233203394,2.9809676679660626,10.54462629621443
"Forest County, Wisconsin",9261.0,59727.0,1361.0,3875.0,135.0,813.0,170000.0,55,41,14.696037145016739,96.63341645885288,3.366583541147132,8.778749595076125
"Grant County, Wisconsin",51678.0,64349.0,6469.0,26651.0,736.0,4949.0,186300.0,55,43,12.517899299508494,97.31259356629057,2.687406433709424,9.576609001896358
"Green County, Wisconsin",37036.0,80248.0,2548.0,20348.0,730.0,4911.0,236900.0,55,45,6.879792634193757,96.53667330866305,3.463326691336939,13.260071281995897
"Green Lake County, Wisconsin",19165.0,66917.0,2492.0,9022.0,286.0,1993.0,206300.0,55,47,13.002869814766502,96.92737430167597,3.072625698324022,10.3991651447952
"Iowa County, Wisconsin",23832.0,83372.0,1815.0,13113.0,430.0,3280.0,248100.0,55,49,7.615810674723061,96.82492800708853,3.1750719929114672,13.763007720711649
"Iron County, Wisconsin",6164.0,59058.0,698.0,2777.0,80.0,845.0,155200.0,55,51,11.323815704088254,97.19985999299965,2.80014000700035,13.708630759247242
"Jackson County, Wisconsin",20971.0,65508.0,2493.0,9724.0,515.0,1629.0,186900.0,55,53,11.88784511945067,94.97021193475925,5.029788065240746,7.76786991559773
"Jefferson County, Wisconsin",85867.0,80604.0,6734.0,48089.0,1608.0,11666.0,253800.0,55,55,7.842360860400387,96.76439221683401,3.2356077831659857,13.586127383045874
"Juneau County, Wisconsin",26695.0,65150.0,3627.0,12384.0,517.0,2264.0,165200.0,55,57,13.586814010114253,95.99255871637857,4.007441283621425,8.48098894924143
"Kenosha County, Wisconsin",168413.0,79412.0,17302.0,91041.0,4399.0,22620.0,247800.0,55,59,10.273553704286487,95.39082145850797,4.609178541492037,13.431267182462161
"Kewaunee County, Wisconsin",20621.0,80085.0,1559.0,10856.0,176.0,2072.0,208900.0,55,61,7.560254109887979,98.40464104423495,1.5953589557650472,10.04800931089666
"La Crosse County, Wisconsin",120262.0,70704.0,14383.0,66030.0,2013.0,17289.0,243200.0,55,63,11.959721275215779,97.04157665005953,2.958423349940479,14.37611215512797
"Lafayette County, Wisconsin",16788.0,72091.0,1783.0,8574.0,215.0,1653.0,182100.0,55,65,10.620681439123183,97.55376038229605,2.4462396177039483,9.846318799142244
"Langlade County, Wisconsin",19473.0,57258.0,2323.0,9516.0,326.0,1744.0,145800.0,55,67,11.929338057823653,96.68766510871774,3.31233489128226,8.955990345606738
"Lincoln County, Wisconsin",28403.0,67726.0,2925.0,14173.0,500.0,2768.0,177700.0,55,69,10.29820793578143,96.59238056293873,3.407619437061269,9.745449424356583
"Manitowoc County, Wisconsin",81314.0,68611.0,7826.0,41229.0,850.0,9231.0,172900.0,55,71,9.624418919251298,97.97999001877422,2.0200099812257895,11.352288658779546
"Marathon County, Wisconsin",138067.0,76185.0,12159.0,74232.0,2140.0,18307.0,205500.0,55,73,8.806593900063014,97.19792594144451,2.8020740585554917,13.259504443494825
"Marinette County, Wisconsin",41907.0,63401.0,3713.0,20109.0,782.0,4200.0,154600.0,55,75,8.860094972200349,96.25676128476377,3.743238715236226,10.02219199656382
"Marquette County, Wisconsin",15706.0,63471.0,1843.0,7202.0,208.0,1288.0,201100.0,55,77,11.734369030943588,97.19298245614036,2.807017543859649,8.200687635298612
"Menominee County, Wisconsin",4256.0,59528.0,895.0,1553.0,174.0,309.0,97000.0,55,78,21.029135338345863,89.92472495657209,10.07527504342791,7.260338345864661
"Milwaukee County, Wisconsin",927656.0,62118.0,158786.0,472799.0,22015.0,134690.0,216500.0,55,79,17.116905404589634,95.55085345200419,4.449146547995812,14.51939080866183
"Monroe County, Wisconsin",46169.0,68213.0,5384.0,22216.0,625.0,4364.0,197200.0,55,81,11.66150447269813,97.26369248281598,2.736307517184011,9.452229851198856
"Oconto County, Wisconsin",39329.0,75886.0,3265.0,19878.0,437.0,3963.0,212000.0,55,83,8.301762058531873,97.84888013782918,2.15111986217081,10.076533855424751
"Oneida County, Wisconsin",38007.0,69621.0,3067.0,17704.0,392.0,5181.0,227500.0,55,85,8.069566132554531,97.83377541998232,2.1662245800176834,13.631699423790355
"Outagamie County, Wisconsin",191537.0,82857.0,12068.0,106016.0,3149.0,30177.0,244100.0,55,87,6.300610325942246,97.11537580726424,2.884624192735767,15.75518046121637
"Ozaukee County, Wisconsin",92345.0,96734.0,4119.0,50088.0,1241.0,20318.0,368900.0,55,89,4.46044723590882,97.58226343782268,2.4177365621773266,22.002274080892306
"Pepin County, Wisconsin",7372.0,74536.0,580.0,3661.0,79.0,899.0,196100.0,55,91,7.867607162235486,97.88770053475936,2.1122994652406417,12.194791101465002
"Pierce County, Wisconsin",42351.0,88802.0,3806.0,23908.0,725.0,5722.0,308600.0,55,93,8.986800783924819,97.05679373198555,2.9432062680144524,13.510897027224859
"Polk County, Wisconsin",45327.0,76208.0,3708.0,23054.0,798.0,5618.0,241200.0,55,95,8.180554636309484,96.65436860640617,3.3456313935938287,12.39437862642575
"Portage County, Wisconsin",70375.0,73284.0,6898.0,38940.0,1247.0,10863.0,230400.0,55,97,9.80177619893428,96.89700649463757,3.1029935053624307,15.43587921847247
"Price County, Wisconsin",14077.0,58720.0,1804.0,6341.0,176.0,1289.0,146000.0,55,99,12.815230517866022,97.29937087617002,2.700629123829983,9.156780564040634
"Racine County, Wisconsin",196888.0,75331.0,20736.0,100388.0,4261.0,25503.0,239400.0,55,101,10.531875990410793,95.92829362917945,4.071706370820553,12.953049449433179
"Richland County, Wisconsin",17229.0,62649.0,2447.0,8298.0,271.0,1805.0,182800.0,55,103,14.202797608683035,96.83743727389427,3.1625627261057296,10.4765221428986
"Rock County, Wisconsin",163944.0,74390.0,16058.0,85572.0,3382.0,20000.0,215900.0,55,105,9.79480798321378,96.19803493940688,3.8019650605931155,12.199287561606402
"Rusk County, Wisconsin",14146.0,58322.0,1737.0,6496.0,320.0,1282.0,152000.0,55,107,12.279089495263678,95.30516431924883,4.694835680751173,9.062632546302842
"St. Croix County, Wisconsin",94819.0,102482.0,6188.0,52187.0,1027.0,17919.0,349700.0,55,109,6.526118183064576,98.07005675198256,1.9299432480174392,18.898111138063044
"Sauk County, Wisconsin",65759.0,77648.0,5690.0,35342.0,929.0,8586.0,242400.0,55,111,8.65280798065664,97.43872515232555,2.5612748476744507,13.056767894888912
"Sawyer County, Wisconsin",18243.0,59055.0,2660.0,8243.0,457.0,2421.0,223300.0,55,113,14.58093515320945,94.74712643678161,5.252873563218391,13.27084361124815
"Shawano County, Wisconsin",40927.0,67032.0,4404.0,20300.0,671.0,3778.0,179100.0,55,115,10.760622571896302,96.80034333126699,3.199656668733012,9.231069953820215
"Sheboygan County, Wisconsin",117783.0,71898.0,9265.0,62286.0,1490.0,15177.0,218400.0,55,117,7.866160651367345,97.6636979427998,2.3363020572002005,12.885560734571202
"Taylor County, Wisconsin",19972.0,63142.0,1835.0,10043.0,286.0,1661.0,186500.0,55,119,9.187863008211496,97.23109691160809,2.768903088391906,8.31664330062087
"Trempealeau County, Wisconsin",30786.0,71295.0,2564.0,15745.0,342.0,2769.0,203300.0,55,121,8.328460988761126,97.87405979983838,2.125940200161621,8.994348080296238
"Vernon County, Wisconsin",30915.0,69556.0,4431.0,14164.0,407.0,3379.0,210600.0,55,123,14.332848131974771,97.20678059158602,2.793219408413973,10.929969270580624
"Vilas County, Wisconsin",23410.0,67132.0,2527.0,10830.0,447.0,3625.0,270700.0,55,125,10.794532251174711,96.03617983506251,3.963820164937484,15.484835540367364
"Walworth County, Wisconsin",105447.0,77359.0,9976.0,57216.0,1934.0,15303.0,275900.0,55,127,9.460676927745693,96.73034657650042,3.269653423499577,14.512503911917834
"Washburn County, Wisconsin",16749.0,61270.0,1940.0,7648.0,296.0,2141.0,207900.0,55,129,11.582781061555913,96.27391742195368,3.726082578046324,12.782852707624336
"Washington County, Wisconsin",137320.0,95851.0,7183.0,77177.0,2080.0,23647.0,316200.0,55,131,5.2308476551121466,97.37562612766065,2.6243738723393517,17.220361200116514
"Waukesha County, Wisconsin",409040.0,104100.0,21085.0,224031.0,5761.0,92523.0,373600.0,55,133,5.154752591433601,97.49295014621919,2.5070498537808104,22.619548210443966
"Waupaca County, Wisconsin",51714.0,71189.0,5067.0,26403.0,855.0,5639.0,192800.0,55,135,9.798120431604595,96.86330618534008,3.136693814659916,10.90420389062923
"Waushara County, Wisconsin",24752.0,64968.0,2631.0,11370.0,481.0,2229.0,186000.0,55,137,10.629444085326439,95.94127077883724,4.058729221162771,9.005332902391725
"Winnebago County, Wisconsin",171357.0,72873.0,17903.0,93123.0,2047.0,24993.0,208600.0,55,139,10.44777861423811,97.84911211516234,2.150887884837659,14.585339379190811
"Wood County, Wisconsin",74039.0,66417.0,7543.0,36996.0,1608.0,7733.0,168100.0,55,141,10.187873958319264,95.83462853590301,4.165371464096985,10.444495468604384
"Albany County, Wyoming",37713.0,59881.0,7328.0,22135.0,952.0,6101.0,322100.0,56,1,19.43096544957972,95.87646727595617,4.123532724043835,16.17744544321587
"Big Horn County, Wyoming",11737.0,60547.0,1372.0,5453.0,273.0,1182.0,198200.0,56,3,11.689528840419188,95.2322738386308,4.767726161369193,10.070716537445684
"Campbell County, Wyoming",47018.0,95253.0,4210.0,25066.0,852.0,4340.0,266400.0,56,5,8.954017610276916,96.71270931399027,3.287290686009723,9.230507465226083
"Carbon County, Wyoming",14549.0,66721.0,1752.0,6587.0,394.0,1796.0,214500.0,56,7,12.042064746717987,94.35610943990832,5.643890560091677,12.344491030311362
"Converse County, Wyoming",13759.0,79164.0,1541.0,6811.0,242.0,1245.0,269700.0,56,9,11.199941856239553,96.56883595633063,3.4311640436693605,9.048622719674395
"Crook County, Wyoming",7339.0,71209.0,451.0,3598.0,29.0,1026.0,276800.0,56,11,6.145251396648044,99.200441135925,0.7995588640749932,13.980106281509745
"Fremont County, Wyoming",39472.0,64646.0,4766.0,18921.0,1502.0,4016.0,252700.0,56,13,12.074381840291853,92.64554668755814,7.354453312441855,10.174300770166193
"Goshen County, Wyoming",12587.0,64882.0,1439.0,5781.0,152.0,1314.0,234600.0,56,15,11.432430285214904,97.43805831788302,2.5619416821169727,10.439342178438071
"Hot Springs County, Wyoming",4618.0,64375.0,618.0,2117.0,36.0,600.0,214400.0,56,17,13.382416630576008,98.32791453785416,1.672085462145843,12.9926375054136
"Johnson County, Wyoming",8602.0,63905.0,900.0,4148.0,91.0,1157.0,296000.0,56,19,10.462683096954196,97.85326728001887,2.1467327199811277,13.450360381306673
"Laramie County, Wyoming",100661.0,77884.0,9755.0,50286.0,1674.0,13646.0,324900.0,56,21,9.690942867644868,96.7782909930716,3.221709006928406,13.556392247245705
"Lincoln County, Wyoming",20158.0,86092.0,1418.0,10102.0,202.0,2225.0,334500.0,56,23,7.034428018652644,98.03959627329193,1.9604037267080745,11.03780136918345
"Natrona County, Wyoming",79735.0,71247.0,7620.0,41805.0,1568.0,9214.0,260400.0,56,25,9.556656424405844,96.3848477163212,3.615152283678787,11.55577851633536
"Niobrara County, Wyoming",2415.0,48987.0,386.0,1098.0,36.0,312.0,194200.0,56,27,15.98343685300207,96.82539682539682,3.1746031746031744,12.919254658385093
"Park County, Wyoming",30109.0,70533.0,2519.0,14764.0,318.0,4903.0,374200.0,56,29,8.36626922182736,97.89152632276887,2.1084736772311365,16.2841675246604
"Platte County, Wyoming",8606.0,66299.0,864.0,3882.0,180.0,728.0,248900.0,56,31,10.039507320474089,95.56868537666175,4.431314623338257,8.459214501510575
"Sheridan County, Wyoming",31585.0,70855.0,3012.0,15929.0,430.0,4732.0,352200.0,56,33,9.536172233655215,97.37147747417325,2.628522525826762,14.981795155928445
"Sublette County, Wyoming",8806.0,82791.0,731.0,4452.0,81.0,1315.0,350100.0,56,35,8.301158301158301,98.21310390469887,1.786896095301125,14.933000227117873
"Sweetwater County, Wyoming",41786.0,76464.0,5537.0,21674.0,1254.0,3648.0,242900.0,56,37,13.25084956684057,94.53070481507328,5.469295184926727,8.730196716603647
"Teton County, Wyoming",23358.0,112681.0,1633.0,15260.0,374.0,7297.0,1371900.0,56,39,6.991180751776693,97.60777791991812,2.392222080081873,31.239832177412453
"Uinta County, Wyoming",20605.0,82672.0,1533.0,10039.0,352.0,2064.0,255400.0,56,41,7.439941761708322,96.61245308439996,3.3875469156000384,10.016986168405726
"Washakie County, Wyoming",7708.0,62648.0,651.0,3986.0,81.0,815.0,188600.0,56,43,8.445770627919046,98.00835997049421,1.9916400295057781,10.57343020238713
"Weston County, Wyoming",6835.0,87545.0,668.0,3159.0,45.0,679.0,214000.0,56,45,9.773226042428677,98.59550561797754,1.4044943820224718,9.934162399414777
"Adjuntas Municipio, Puerto Rico",17975.0,18605.0,11107.0,6260.0,1339.0,1778.0,88800.0,72,1,61.791376912378304,82.37926042900382,17.620739570996182,9.891515994436716
"Aguada Municipio, Puerto Rico",37904.0,21694.0,17571.0,12505.0,756.0,5307.0,108500.0,72,3,46.35658505698607,94.29907246813966,5.7009275318603425,14.001160827353315
"Aguadilla Municipio, Puerto Rico",54486.0,19826.0,25791.0,18457.0,2951.0,6804.0,141800.0,72,5,47.33509525382667,86.21543348281017,13.784566517189836,12.487611496531219
"Aguas Buenas Municipio, Puerto Rico",23888.0,22361.0,10388.0,8923.0,398.0,2925.0,135200.0,72,7,43.48626925653048,95.7300718806995,4.269928119300504,12.244641661085064
"Aibonito Municipio, Puerto Rico",24610.0,21714.0,10973.0,8121.0,518.0,3139.0,120400.0,72,9,44.58756603006908,94.00393564069915,5.996064359300845,12.754977651361235
"Aasco Municipio, Puerto Rico",25316.0,23591.0,11327.0,9714.0,625.0,3342.0,112700.0,72,11,44.74245536419655,93.95492794274108,6.045072057258922,13.20113762047717
"Arecibo Municipio, Puerto Rico",86875.0,23175.0,36775.0,31620.0,5198.0,13883.0,110800.0,72,13,42.330935251798564,85.88190558965724,14.118094410342765,15.980431654676257
"Arroyo Municipio, Puerto Rico",15573.0,18931.0,8463.0,4787.0,423.0,2395.0,95200.0,72,15,54.34405702176844,91.8809980806142,8.119001919385797,15.379181917421178
"Barceloneta Municipio, Puerto Rico",22565.0,21750.0,10233.0,8763.0,1288.0,3045.0,121200.0,72,17,45.34899180146244,87.18535469107552,12.814645308924485,13.494349656547753
"Barranquitas Municipio, Puerto Rico",28984.0,22167.0,14289.0,10490.0,1588.0,3858.0,120900.0,72,19,49.29961357990615,86.8521278357344,13.147872164265607,13.310792161192381
"Bayamn Municipio, Puerto Rico",183456.0,30729.0,61516.0,75010.0,6431.0,32863.0,143400.0,72,21,33.53174603174603,92.10348595916062,7.896514040839381,17.913287109715682
"Cabo Rojo Municipio, Puerto Rico",46955.0,25720.0,18013.0,18933.0,2721.0,7491.0,117800.0,72,23,38.36226173996379,87.43419229703518,12.56580770296481,15.95357256948142
"Caguas Municipio, Puerto Rico",126239.0,30113.0,46022.0,53329.0,4830.0,22192.0,143300.0,72,25,36.45624569269402,91.69518045358413,8.30481954641586,17.579353448617304
"Camuy Municipio, Puerto Rico",32753.0,26094.0,12696.0,12069.0,397.0,3791.0,105500.0,72,27,38.76286141727475,96.81533771859458,3.1846622814054224,11.574512258419075
"Canvanas Municipio, Puerto Rico",42037.0,27278.0,14219.0,19261.0,2947.0,5855.0,116200.0,72,29,33.824963722435,86.73000720461094,13.269992795389049,13.928206104146348
"Carolina Municipio, Puerto Rico",153226.0,35126.0,44711.0,69213.0,8116.0,29410.0,152300.0,72,31,29.179773667654313,89.5045843086035,10.4954156913965,19.193870491953064
"Catao Municipio, Puerto Rico",22768.0,24307.0,10066.0,8637.0,1051.0,2757.0,134700.0,72,33,44.21117357695011,89.15152766308836,10.848472336911644,12.109100491918483
"Cayey Municipio, Puerto Rico",41231.0,28461.0,15617.0,15374.0,901.0,6226.0,141600.0,72,35,37.876840241565816,94.46390168970814,5.536098310291859,15.100288617787589
"Ceiba Municipio, Puerto Rico",11128.0,23204.0,4599.0,4061.0,419.0,1433.0,110900.0,72,37,41.32818116462976,90.64732142857143,9.352678571428571,12.877426312005753
"Ciales Municipio, Puerto Rico",16874.0,20614.0,9801.0,4916.0,728.0,1826.0,95400.0,72,39,58.083441981747065,87.10134656272147,12.898653437278526,10.821382007822686
"Cidra Municipio, Puerto Rico",39765.0,27149.0,14366.0,14262.0,764.0,5696.0,137800.0,72,41,36.12724757952974,94.91547983495275,5.084520165047252,14.32415440714196
"Coamo Municipio, Puerto Rico",34294.0,20797.0,17750.0,11873.0,836.0,4563.0,104000.0,72,43,51.75832507144107,93.42198442048941,6.578015579510583,13.305534495830173
"Comero Municipio, Puerto Rico",18775.0,17254.0,9943.0,6537.0,985.0,2062.0,103500.0,72,45,52.958721704394144,86.90507843658601,13.094921563413987,10.982689747003995
"Corozal Municipio, Puerto Rico",34474.0,23933.0,15142.0,12358.0,1028.0,4274.0,117800.0,72,47,43.92295643093346,92.32033467802181,7.679665321978186,12.397749028253175
"Culebra Municipio, Puerto Rico",1281.0,27614.0,267.0,670.0,22.0,131.0,168200.0,72,49,20.843091334894616,96.82080924855492,3.1791907514450863,10.226385636221702
"Dorado Municipio, Puerto Rico",35816.0,33388.0,10439.0,14366.0,1638.0,6622.0,157800.0,72,51,29.146191646191642,89.76505873531617,10.23494126468383,18.488943488943487
"Fajardo Municipio, Puerto Rico",31756.0,25170.0,13114.0,13587.0,2485.0,5554.0,118400.0,72,53,41.29613301423353,84.5383275261324,15.461672473867596,17.489608263005415
"Florida Municipio, Puerto Rico",11624.0,21213.0,5863.0,4423.0,906.0,1195.0,104500.0,72,54,50.438747419132824,82.99868643272659,17.00131356727341,10.28045423262216
"Gunica Municipio, Puerto Rico",13266.0,16210.0,8474.0,4457.0,1190.0,1119.0,82800.0,72,55,63.877581788029545,78.92686382149815,21.07313617850186,8.43509724106739
"Guayama Municipio, Puerto Rico",35845.0,20273.0,16414.0,10710.0,746.0,3871.0,103500.0,72,57,45.791602733993585,93.48812849162012,6.511871508379888,10.799274654763567
"Guayanilla Municipio, Puerto Rico",17418.0,21400.0,8702.0,5716.0,1147.0,2429.0,84800.0,72,59,49.9598116890573,83.28719219000436,16.712807809995628,13.945343897117922
"Guaynabo Municipio, Puerto Rico",89503.0,46048.0,21393.0,40203.0,3025.0,20443.0,214500.0,72,61,23.901992111996247,93.00222078282594,6.997779217174053,22.840575176251075
"Gurabo Municipio, Puerto Rico",40383.0,39532.0,12871.0,19226.0,2502.0,7197.0,160100.0,72,63,31.8723225119481,88.48490427098675,11.515095729013254,17.821855731372114
"Hatillo Municipio, Puerto Rico",38266.0,28001.0,13868.0,14643.0,1083.0,6487.0,128500.0,72,65,36.241049495635814,93.11331552842427,6.886684471575734,16.952385930068466
"Hormigueros Municipio, Puerto Rico",15520.0,24862.0,6171.0,6093.0,823.0,2888.0,115600.0,72,67,39.76159793814433,88.10005783689995,11.899942163100057,18.608247422680414
"Humacao Municipio, Puerto Rico",50441.0,26083.0,19315.0,16511.0,928.0,7055.0,117900.0,72,69,38.29226224698162,94.67859395607546,5.3214060439245365,13.986637854126604
"Isabela Municipio, Puerto Rico",42878.0,20484.0,19837.0,14034.0,1138.0,6382.0,121800.0,72,71,46.26381827510612,92.49934089111521,7.500659108884787,14.884089742991744
"Jayuya Municipio, Puerto Rico",14653.0,18413.0,8025.0,4567.0,815.0,1628.0,105000.0,72,73,54.76694192315566,84.85693050910442,15.143069490895577,11.110352828772264
"Juana Daz Municipio, Puerto Rico",46276.0,23823.0,19687.0,17601.0,3066.0,6989.0,102900.0,72,75,42.542570662978655,85.16475540717086,14.835244592829147,15.102861094303744
"Juncos Municipio, Puerto Rico",36895.0,28196.0,12527.0,15740.0,1467.0,4698.0,116700.0,72,77,33.95311017753083,91.47439995350729,8.525600046492707,12.733432714459955
"Lajas Municipio, Puerto Rico",23133.0,18920.0,12223.0,8591.0,1747.0,2932.0,102400.0,72,79,52.83793714606839,83.1011801122074,16.89881988779261,12.67453421519042
"Lares Municipio, Puerto Rico",27944.0,19323.0,15152.0,9941.0,1300.0,3280.0,102200.0,72,81,54.222731176638995,88.43519259852326,11.564807401476736,11.737761236759232
"Las Maras Municipio, Puerto Rico",8790.0,16170.0,4712.0,2648.0,188.0,878.0,89700.0,72,83,53.606370875995445,93.37094499294781,6.629055007052186,9.988623435722412
"Las Piedras Municipio, Puerto Rico",35034.0,25697.0,13111.0,12979.0,1021.0,5296.0,121300.0,72,85,37.423645601415764,92.70714285714286,7.292857142857143,15.116743734657762
"Loza Municipio, Puerto Rico",23176.0,22500.0,10366.0,9257.0,1714.0,2553.0,111000.0,72,87,44.72730410769762,84.37699389299061,15.623006107009388,11.015705902657922
"Luquillo Municipio, Puerto Rico",17631.0,23769.0,7707.0,7414.0,1668.0,2154.0,125200.0,72,89,43.71277862855199,81.63400132129487,18.365998678705132,12.217117576995065
"Manat Municipio, Puerto Rico",39152.0,20352.0,17869.0,13691.0,2330.0,5102.0,116000.0,72,91,45.64006947282387,85.45658822795082,14.543411772049186,13.031262770739682
"Maricao Municipio, Puerto Rico",5176.0,20541.0,2725.0,1329.0,0.0,271.0,103800.0,72,93,52.6468315301391,100.0,0.0,5.2357032457496135
"Maunabo Municipio, Puerto Rico",10482.0,19363.0,5535.0,3169.0,533.0,621.0,106000.0,72,95,52.804808242701775,85.60237709346299,14.397622906537007,5.924441900400687
"Mayagez Municipio, Puerto Rico",71824.0,17963.0,37469.0,26344.0,5979.0,9171.0,107900.0,72,97,52.167799064379594,81.50233579803854,18.497664201961452,12.76871240810871
"Moca Municipio, Puerto Rico",37402.0,21415.0,17064.0,14517.0,2782.0,5061.0,116400.0,72,99,45.62322870434736,83.91814555754668,16.081854442453324,13.531361959253516
"Morovis Municipio, Puerto Rico",28534.0,23010.0,13879.0,10741.0,1409.0,3330.0,113800.0,72,101,48.64021868647929,88.40329218106996,11.59670781893004,11.67028807738137
"Naguabo Municipio, Puerto Rico",23205.0,21416.0,11099.0,7985.0,737.0,2997.0,105500.0,72,103,47.830209006679596,91.55010318734236,8.449896812657649,12.915319974143506
"Naranjito Municipio, Puerto Rico",29246.0,21399.0,14676.0,10394.0,1651.0,3372.0,106800.0,72,105,50.181221363605275,86.29306766293068,13.706932337069325,11.52978185050947
"Orocovis Municipio, Puerto Rico",21351.0,19062.0,11147.0,6804.0,952.0,2249.0,94700.0,72,107,52.208327478806616,87.72563176895306,12.274368231046932,10.533464474731863
"Patillas Municipio, Puerto Rico",15753.0,23422.0,7513.0,4939.0,502.0,1702.0,89200.0,72,109,47.69250301529867,90.77375482448079,9.226245175519205,10.804291246111852
"Peuelas Municipio, Puerto Rico",20082.0,20959.0,10240.0,7014.0,655.0,3054.0,88000.0,72,111,50.99093715765362,91.45912113704526,8.540878862954752,15.207648640573648
"Ponce Municipio, Puerto Rico",134676.0,18827.0,66952.0,43795.0,6160.0,20715.0,108200.0,72,113,49.71338620095637,87.66890201181063,12.33109798818937,15.381359707743028
"Quebradillas Municipio, Puerto Rico",23486.0,23624.0,10559.0,7913.0,638.0,2741.0,109700.0,72,115,44.95869879928468,92.53888434101275,7.461115658987253,11.670782593885718
"Rincn Municipio, Puerto Rico",15276.0,25223.0,6800.0,5602.0,346.0,2303.0,154900.0,72,117,44.51427075150563,94.18291862811029,5.817081371889711,15.075936108929039
"Ro Grande Municipio, Puerto Rico",46478.0,26745.0,17042.0,20970.0,3460.0,7171.0,128900.0,72,119,36.666810103704975,85.8370855505526,14.1629144494474,15.428805026033823
"Sabana Grande Municipio, Puerto Rico",22541.0,20564.0,9984.0,7858.0,1064.0,4073.0,100300.0,72,121,44.2926223326383,88.07442277516252,11.92557722483748,18.069295949602946
"Salinas Municipio, Puerto Rico",25397.0,21611.0,12122.0,8637.0,605.0,2853.0,91700.0,72,123,47.73004685592787,93.45379787924692,6.546202120753083,11.233610268929402
"San Germn Municipio, Puerto Rico",31514.0,17921.0,16193.0,8491.0,560.0,4272.0,100100.0,72,125,51.38351208986482,93.81283836040217,6.187161639597835,13.555879926381925
"San Juan Municipio, Puerto Rico",338661.0,26981.0,132143.0,152022.0,21973.0,64267.0,171400.0,72,127,39.019255243444036,87.3714761918446,12.628523808155407,18.97679390304759
"San Lorenzo Municipio, Puerto Rico",37515.0,21320.0,16674.0,13254.0,969.0,3722.0,114500.0,72,129,44.44622151139544,93.18709133094283,6.81290866905716,9.921364787418366
"San Sebastin Municipio, Puerto Rico",39168.0,17834.0,20408.0,13186.0,1819.0,5172.0,110500.0,72,131,52.10375816993464,87.87737420859713,12.122625791402866,13.204656862745098
"Santa Isabel Municipio, Puerto Rico",20064.0,23197.0,9169.0,8099.0,500.0,3327.0,106100.0,72,133,45.698763955342905,94.18537039190603,5.814629608093965,16.58193779904306
"Toa Alta Municipio, Puerto Rico",66536.0,33349.0,22427.0,29644.0,2418.0,10284.0,152000.0,72,135,33.70656486713959,92.45836192377269,7.54163807622731,15.456294336900326
"Toa Baja Municipio, Puerto Rico",73987.0,29648.0,24898.0,33630.0,3113.0,11324.0,137800.0,72,137,33.65185775879546,91.52763791742645,8.472362082573552,15.305391487693784
"Trujillo Alto Municipio, Puerto Rico",67329.0,38773.0,18871.0,32091.0,2313.0,14570.0,163000.0,72,139,28.028041408605503,93.27694454133241,6.723055458667597,21.64000653507404
"Utuado Municipio, Puerto Rico",27896.0,17624.0,14852.0,9578.0,2562.0,3940.0,103600.0,72,141,53.240607972469164,78.89621087314663,21.10378912685338,14.123888729566964
"Vega Alta Municipio, Puerto Rico",35114.0,25235.0,14391.0,14413.0,2803.0,4331.0,134500.0,72,143,40.983653243720454,83.71863382899627,16.281366171003718,12.334111750299027
"Vega Baja Municipio, Puerto Rico",54058.0,23877.0,22724.0,19815.0,2660.0,7798.0,117700.0,72,145,42.03633134781161,88.1646273637375,11.835372636262514,14.42524695697214
"Vieques Municipio, Puerto Rico",8147.0,17531.0,4850.0,2606.0,223.0,330.0,113100.0,72,147,59.53111574812815,92.11735595616825,7.882644043831742,4.050570762243771
"Villalba Municipio, Puerto Rico",21778.0,24882.0,9065.0,7823.0,1057.0,2722.0,103300.0,72,149,41.62457525943613,88.09684684684684,11.903153153153154,12.498852052530077
"Yabucoa Municipio, Puerto Rico",29868.0,21279.0,14826.0,9439.0,913.0,3266.0,95600.0,72,151,49.638408999598234,91.18044822256569,8.819551777434311,10.934779697334939
"Yauco Municipio, Puerto Rico",33509.0,21918.0,14855.0,11844.0,1547.0,5117.0,98800.0,72,153,44.33137366080754,88.44746471510716,11.552535284892839,15.270524336745353
