County/State Name,Population,Median_Household_Income,People_Below_Poverty,Employed_Population,Unemployed_Population,Bachelors_Degree,Median_Home_Value,state,county,Poverty_Rate,Employment_Rate,Unemployment_Rate,Education_Rate
"Autauga County, Alabama",59285,69841,6275,27070,688,6518,197900,01,001,10.584464873070761,97.52143526190648,2.4785647380935227,10.994349329509994
"Baldwin County, Alabama",239945,75019,24819,113171,3615,35348,287000,01,003,10.343620413011315,96.90459472882024,3.095405271179765,14.731709350059388
"Barbour County, Alabama",24757,44290,4746,9074,518,1179,109900,01,005,19.17033566264087,94.59966638865721,5.400333611342786,4.762289453487902
"Bibb County, Alabama",22152,51215,4258,9375,936,1121,132600,01,007,19.22174070061394,90.92231597323247,9.07768402676753,5.060491152040448
"Blount County, Alabama",59292,61096,8269,27180,1586,4088,169700,01,009,13.946232206705794,94.4865466175346,5.513453382465411,6.894690683397423
"Bullock County, Alabama",10157,36723,2344,3848,226,493,79400,01,011,23.077680417446096,94.45262641138929,5.547373588610702,4.853795412031111
"Butler County, Alabama",18807,44881,3881,8026,545,1046,99700,01,013,20.635933429042378,93.64134873410337,6.358651265896628,5.561758919551231
"Calhoun County, Alabama",116141,55826,19558,52221,3362,9842,149500,01,015,16.83987566836862,93.95138801432093,6.0486119856790745,8.474182243996522
"Chambers County, Alabama",34450,49295,5214,15297,759,2386,129700,01,017,15.134978229317852,95.2727952167414,4.727204783258595,6.925979680696662
"Cherokee County, Alabama",25224,50769,3606,10758,370,1726,165900,01,019,14.295908658420553,96.67505391804457,3.324946081955428,6.842689502061529
"Chilton County, Alabama",45500,61873,6111,19943,1076,2858,142300,01,021,13.43076923076923,94.88082211332603,5.1191778866739615,6.281318681318682
"Choctaw County, Alabama",12525,44483,2413,4816,265,891,111800,01,023,19.265469061876246,94.78449124188153,5.215508758118481,7.11377245508982
"Clarke County, Alabama",22802,49167,4607,9256,1218,1545,126400,01,025,20.204368037891413,88.37120488829483,11.628795111705175,6.775721427944917
"Clay County, Alabama",14188,51852,2295,5657,197,1154,144700,01,027,16.17564138708768,96.63477963785446,3.3652203621455414,8.133634056949536
"Cleburne County, Alabama",15254,53319,1984,6018,93,1201,144200,01,029,13.006424544381801,98.47815414825725,1.5218458517427589,7.873344696473056
"Coffee County, Alabama",54231,64672,9409,22983,999,4497,180300,01,031,17.349855248842914,95.83437578183637,4.165624218163623,8.292305139127068
"Colbert County, Alabama",57648,56736,9626,26965,884,5274,161600,01,033,16.69789064668332,96.82573880570217,3.1742611942978205,9.148626144879266
"Conecuh County, Alabama",11411,42266,3125,3822,316,565,101300,01,035,27.38585575322058,92.36346060898984,7.63653939101015,4.9513627201822805
"Coosa County, Alabama",10323,57063,1161,4115,208,815,111800,01,037,11.246730601569311,95.18852648623641,4.81147351376359,7.894991765959508
"Covington County, Alabama",37647,50886,6681,15841,723,2596,142500,01,039,17.746433978803093,95.63511229171698,4.364887708283023,6.895635774430897
"Crenshaw County, Alabama",13144,49040,2081,5445,265,1046,108400,01,041,15.832318928788801,95.35901926444834,4.640980735551663,7.958003651856361
"Cullman County, Alabama",89463,60916,12299,41633,1739,7754,180500,01,043,13.747582799593127,95.99050078391589,4.00949921608411,8.66727026815555
"Dale County, Alabama",49516,53955,9078,19110,1299,4370,129100,01,045,18.33346796994911,93.6351609584007,6.364839041599295,8.825430163987399
"Dallas County, Alabama",37536,36810,10748,15567,1699,2868,97400,01,047,28.633844842284738,90.15985173172709,9.840148268272907,7.640664961636828
"DeKalb County, Alabama",71946,51149,14405,31994,1359,4115,135500,01,049,20.021960915130794,95.92540401163315,4.074595988366863,5.719567453367803
"Elmore County, Alabama",88669,75553,8652,41141,1607,9976,213600,01,051,9.757637956895872,96.24075980162814,3.7592401983718533,11.250831745029267
"Escambia County, Alabama",36695,44447,7238,14357,1313,2080,122700,01,053,19.724758141436162,91.62093171665603,8.379068283343969,5.668347186265159
"Etowah County, Alabama",103208,53070,17401,46145,2911,7698,160600,01,055,16.860127121928535,94.06596542726679,5.934034572733203,7.45872412991241
"Fayette County, Alabama",16173,50733,2967,6839,648,1107,121200,01,057,18.3453904655908,91.34499799652731,8.655002003472687,6.844741235392321
"Franklin County, Alabama",31978,51493,5476,13927,501,2036,128000,01,059,17.12427293764463,96.52758525090103,3.472414749098974,6.366877228094314
"Geneva County, Alabama",26726,50951,5035,11617,571,1812,120200,01,061,18.839332485220382,95.31506399737447,4.684936002625533,6.779914689815161
"Greene County, Alabama",7589,31495,2697,2457,82,396,86400,01,063,35.53827908815391,96.7703820401733,3.2296179598267036,5.218078798260641
"Hale County, Alabama",14749,41325,3454,5765,339,1100,126300,01,065,23.418536849955927,94.44626474442988,5.553735255570118,7.458132754763034
"Henry County, Alabama",17450,60135,2695,7709,254,1805,147800,01,067,15.444126074498568,96.81024739419817,3.1897526058018335,10.343839541547279
"Houston County, Alabama",107628,57531,19198,48670,2220,10662,178000,01,069,17.83736574125692,95.63764983297308,4.362350167026921,9.90634407403278
"Jackson County, Alabama",52839,49454,8758,22255,1197,3583,145800,01,071,16.574878404209013,94.89595770083575,5.1040422991642505,6.780976172902591
"Jefferson County, Alabama",669744,64589,106524,325383,15638,96623,224900,01,073,15.90518168135885,95.41435864653496,4.585641353465036,14.426855634391647
"Lamar County, Alabama",13809,47447,2061,5579,357,678,112700,01,075,14.925048881164457,93.98584905660378,6.014150943396227,4.909841407777536
"Lauderdale County, Alabama",95037,59082,12584,45158,1776,10681,185800,01,077,13.241158706609005,96.2159628414369,3.784037158563089,11.23878068541726
"Lawrence County, Alabama",33182,60040,4506,14789,304,2421,150700,01,079,13.579651618347297,97.9858212416352,2.014178758364805,7.296124404797783
"Lee County, Alabama",177663,61123,32119,86157,3197,24876,238700,01,081,18.078609502259894,96.42209638068805,3.57790361931195,14.001789905607808
"Limestone County, Alabama",107577,83534,10561,51739,1915,14425,255100,01,083,9.817154224415999,96.43083460692587,3.569165393074142,13.409000065069671
"Lowndes County, Alabama",10008,35160,2913,3908,283,636,80600,01,085,29.106714628297365,93.24743497971845,6.752565020281557,6.3549160671462825
"Macon County, Alabama",18951,45951,3611,8370,894,1311,95700,01,087,19.054403461558756,90.34974093264249,9.650259067357512,6.917840747190122
"Madison County, Alabama",397135,83528,40401,206284,7818,73736,267800,01,089,10.173114935727146,96.34846942111703,3.6515305788829626,18.566986037493546
"Marengo County, Alabama",19027,44205,4241,7592,182,1562,103400,01,091,22.289378251957746,97.65886287625418,2.341137123745819,8.209386661060599
"Marion County, Alabama",29190,50714,4809,12112,746,1752,104300,01,093,16.47482014388489,94.19816456680665,5.801835433193343,6.002055498458376
"Marshall County, Alabama",98712,60946,15841,43420,1607,9466,183400,01,095,16.047694302617714,96.43103027072645,3.5689697292735465,9.589512926493232
"Mobile County, Alabama",413162,58119,65948,189058,10044,45444,176600,01,097,15.961777704629176,94.95534951934185,5.044650480658155,10.999075423199617
"Monroe County, Alabama",19580,40225,4371,7187,853,842,114900,01,099,22.32379979570991,89.3905472636816,10.609452736318408,4.300306435137896
"Montgomery County, Alabama",227197,58153,41981,104540,6265,30013,160100,01,101,18.477796801894392,94.34592301791436,5.654076982085646,13.210121612521291
"Morgan County, Alabama",123742,64858,16441,57237,2288,12989,193000,01,103,13.286515491910588,96.1562368752625,3.8437631247375053,10.49684019977049
"Perry County, Alabama",8231,34368,2296,2561,404,545,87700,01,105,27.894545012756648,86.3743676222597,13.625632377740304,6.6213096829060865
"Pickens County, Alabama",18843,47014,3878,7351,477,1245,123300,01,107,20.58058695536804,93.90648952478283,6.093510475217169,6.607228148384016
"Pike County, Alabama",32953,47961,7130,15308,592,3102,149000,01,109,21.636876763875822,96.27672955974843,3.723270440251572,9.413406973568415
"Randolph County, Alabama",22310,51551,3983,9413,263,1899,184000,01,111,17.85298072613178,97.28193468375362,2.718065316246383,8.511878081577768
"Russell County, Alabama",58858,50046,12966,24059,1599,4323,152300,01,113,22.029290835570357,93.7680255670746,6.231974432925404,7.34479594957355
"St. Clair County, Alabama",92903,78993,10129,44513,1981,8822,218500,01,115,10.902769555342669,95.73923517012948,4.260764829870521,9.495925858153127
"Shelby County, Alabama",226955,93543,15442,118845,3463,46948,298700,01,117,6.803991980789144,97.16862347516107,2.8313765248389315,20.686039082637528
"Sumter County, Alabama",12020,37981,2801,4654,400,753,84100,01,119,23.302828618968384,92.08547685001979,7.914523149980214,6.264559068219635
"Talladega County, Alabama",81170,56249,13665,34911,2814,5312,137900,01,121,16.835037575458912,92.54075546719682,7.45924453280318,6.544289762227424
"Tallapoosa County, Alabama",41070,57185,6128,17794,1334,3560,144800,01,123,14.920866812758703,93.02593057298202,6.974069427017985,8.668127587046506
"Tuscaloosa County, Alabama",234036,63947,36620,117414,6310,26261,233700,01,125,15.647165393358286,94.8999385729527,5.100061427047299,11.22092327676084
"Walker County, Alabama",64886,54509,11429,27210,1188,4328,131100,01,127,17.61396911506334,95.81660680329601,4.183393196703993,6.6701599728755046
"Washington County, Alabama",15270,60503,2793,6208,383,917,152800,01,129,18.290766208251476,94.18904566833561,5.810954331664391,6.005239030779306
"Wilcox County, Alabama",10347,42236,2943,3842,465,554,84200,01,131,28.443026964337488,89.20362201068028,10.796377989319712,5.354208949453948
"Winston County, Alabama",23637,48032,4506,10098,421,1411,110500,01,133,19.0633329102678,95.99771841429794,4.002281585702063,5.969454668528154
"Aleutians East Borough, Alaska",3423,72692,423,2415,92,336,144300,02,013,12.357581069237511,96.3302752293578,3.669724770642202,9.815950920245399
"Aleutians West Census Area, Alaska",5178,107344,459,3786,154,581,419100,02,016,8.864426419466975,96.09137055837563,3.908629441624366,11.220548474314407
"Anchorage Municipality, Alaska",289069,98152,26226,148752,6811,45019,375900,02,020,9.072574368057454,95.62170953247238,4.378290467527625,15.573790340714499
"Bethel Census Area, Alaska",18487,70616,4351,7641,1077,566,120600,02,050,23.53545734840699,87.64624913971095,12.353750860289058,3.0616108616865905
"Bristol Bay Borough, Alaska",878,100625,83,472,19,140,269800,02,060,9.453302961275627,96.13034623217924,3.8696537678207736,15.945330296127564
"Chugach Census Area, Alaska",6964,88565,326,3672,319,985,330900,02,063,4.681217690982194,92.00701578551741,7.992984214482586,14.144170017231476
"Copper River Census Area, Alaska",2626,75053,295,1144,87,319,246700,02,066,11.233815689261235,92.93257514216084,7.067424857839155,12.147753236862147
"Denali Borough, Alaska",2029,88935,131,1362,17,261,262000,02,068,6.45638245441104,98.76722262509064,1.2327773749093547,12.863479546574666
"Dillingham Census Area, Alaska",4780,74250,774,2102,226,374,163800,02,070,16.19246861924686,90.29209621993127,9.70790378006873,7.8242677824267775
"Fairbanks North Star Borough, Alaska",95555,84722,5669,42991,2118,12151,282500,02,090,5.93270891109832,95.30470637788468,4.6952936221153205,12.716236722306526
"Haines Borough, Alaska",2077,72607,126,892,42,325,318900,02,100,6.066441983630236,95.50321199143468,4.496788008565311,15.647568608570053
"Hoonah-Angoon Census Area, Alaska",2313,62500,291,1263,213,278,278300,02,105,12.5810635538262,85.56910569105692,14.43089430894309,12.019022913964548
"Juneau City and Borough, Alaska",31969,100513,2565,17178,692,5864,432500,02,110,8.02339766648941,96.12758813654169,3.8724118634583102,18.342769558009323
"Kenai Peninsula Borough, Alaska",59843,77722,6790,26892,1858,8110,297500,02,122,11.346356298982336,93.53739130434782,6.4626086956521736,13.552128068445764
"Ketchikan Gateway Borough, Alaska",13870,89155,1300,7134,248,1817,379000,02,130,9.372746935832732,96.64047683554593,3.3595231644540777,13.100216294160058
"Kodiak Island Borough, Alaska",12878,83716,966,6382,306,1727,382700,02,150,7.501164777139308,95.42464114832536,4.5753588516746415,13.410467463891909
"Kusilvak Census Area, Alaska",8277,48233,2555,2936,531,194,72700,02,158,30.868672224235834,84.68416498413615,15.31583501586386,2.343844388063308
"Lake and Peninsula Borough, Alaska",1007,64000,152,559,53,80,166100,02,164,15.09433962264151,91.33986928104575,8.660130718954248,7.944389275074479
"Matanuska-Susitna Borough, Alaska",110677,90625,11111,50338,3024,11510,319200,02,170,10.039122852986619,94.33304598778157,5.666954012218432,10.399631359722436
"Nome Census Area, Alaska",9925,76643,2026,4404,696,466,201000,02,180,20.413098236775816,86.3529411764706,13.647058823529413,4.69521410579345
"North Slope Borough, Alaska",10891,86313,897,6594,437,647,219600,02,185,8.236158295840603,93.78466789930309,6.215332100696914,5.940684969240658
"Northwest Arctic Borough, Alaska",7611,81298,1384,2987,488,345,162500,02,188,18.184207068716333,85.9568345323741,14.043165467625899,4.532912889239259
"Petersburg Borough, Alaska",3394,77026,188,1796,76,467,301300,02,195,5.53918680023571,95.94017094017094,4.05982905982906,13.759575721862111
"Prince of Wales-Hyder Census Area, Alaska",5730,59079,858,2869,233,493,221800,02,198,14.973821989528796,92.48871695680207,7.511283043197937,8.603839441535776
"Sitka City and Borough, Alaska",8393,101207,688,4585,327,1330,442100,02,220,8.197307279876087,93.3428338762215,6.657166123778502,15.846538782318598
"Skagway Municipality, Alaska",1308,78594,81,876,83,221,430000,02,230,6.192660550458716,91.3451511991658,8.654848800834202,16.896024464831804
"Southeast Fairbanks Census Area, Alaska",6936,74223,911,3031,209,624,262800,02,240,13.13437139561707,93.54938271604938,6.450617283950617,8.996539792387544
"Wrangell City and Borough, Alaska",2106,64545,227,881,31,218,289700,02,275,10.778727445394113,96.60087719298247,3.399122807017544,10.351377018043685
"Yakutat City and Borough, Alaska",506,80625,39,296,4,43,185000,02,282,7.707509881422925,98.66666666666667,1.3333333333333335,8.49802371541502
"Yukon-Koyukuk Census Area, Alaska",5271,52642,1086,2666,173,302,87800,02,290,20.603301081388732,93.90630503698485,6.093694963015146,5.729463099981028
"Apache County, Arizona",65680,40338,20070,20532,2057,3769,68500,04,001,30.557247259439706,90.89379786621808,9.10620213378193,5.738428745432399
"Cochise County, Arizona",125458,58970,18544,46480,3392,15057,207400,04,003,14.781042261155127,93.19858838626884,6.801411613731152,12.001626042181448
"Coconino County, Arizona",144643,69748,23485,73416,4867,20482,413200,04,005,16.236527173800322,93.78281363769912,6.2171863623008825,14.16038107616684
"Gila County, Arizona",53610,59089,9297,20645,1521,4991,247000,04,007,17.341913822048124,93.13813949291708,6.861860507082921,9.309830255549338
"Graham County, Arizona",38860,67326,6319,15106,955,2407,202700,04,009,16.260936695831187,94.05391943216486,5.9460805678351285,6.1940298507462686
"Greenlee County, Arizona",9452,75239,1016,4265,151,946,136300,04,011,10.749047820567077,96.58061594202898,3.4193840579710146,10.008463817181548
"La Paz County, Arizona",16605,49506,3001,6087,660,1165,117600,04,012,18.072869617585063,90.2178746109382,9.782125389061806,7.015959048479374
"Maricopa County, Arizona",4491987,85518,497877,2322355,106930,681592,414700,04,013,11.083669654431324,95.59829332499069,4.401706675009313,15.173507848531173
"Mohave County, Arizona",217420,55799,35787,81599,5662,15551,253200,04,015,16.45984730015638,93.51141976369742,6.488580236302586,7.152515867905436
"Navajo County, Arizona",107744,52752,25979,37845,3317,7503,186100,04,017,24.111783486783487,91.94159661824013,8.058403381759875,6.963728838728839
"Pima County, Arizona",1049947,67929,146560,497064,28264,146720,286900,04,019,13.95879982513403,94.61974233240946,5.380257667590533,13.97403868957195
"Pinal County, Arizona",449219,77588,46664,192635,11246,47556,312100,04,021,10.387806392872964,94.48403725702738,5.515962742972617,10.586373238887937
"Santa Cruz County, Arizona",48209,53614,9707,21086,2210,4808,216100,04,023,20.135244456429298,90.51339285714286,9.486607142857142,9.973241510921198
"Yavapai County, Arizona",241656,66106,29898,100945,4252,32658,392900,04,025,12.372132287218195,95.95805964048404,4.041940359515956,13.514251663521701
"Yuma County, Arizona",207685,60417,32921,82451,6700,14330,195700,04,027,15.851409586633602,92.48466085629998,7.5153391437000145,6.899872402917881
"Arkansas County, Arkansas",16773,60831,2425,7987,543,1143,129400,05,001,14.457759494425565,93.63423212192262,6.365767878077374,6.814523341083885
"Ashley County, Arkansas",18722,44481,4215,6976,423,1131,88800,05,003,22.513620339707295,94.28301121773212,5.716988782267874,6.041021258412563
"Baxter County, Arkansas",42150,48427,6029,15746,882,4317,165400,05,005,14.303677342823251,94.69569401010344,5.30430598989656,10.241992882562277
"Benton County, Arkansas",294541,89879,22138,151308,4763,46597,285100,05,007,7.516101323754587,96.94818383940643,3.051816160593576,15.820208392040497
"Boone County, Arkansas",37896,54195,5018,17115,673,2866,169300,05,009,13.241503061009077,96.216550483472,3.7834495165279964,7.562803462106818
"Bradley County, Arkansas",10354,39565,2057,3953,175,723,97000,05,011,19.866718176550123,95.76065891472868,4.239341085271318,6.982808576395596
"Calhoun County, Arkansas",4717,63654,601,2004,144,374,97300,05,013,12.74114903540386,93.29608938547486,6.70391061452514,7.92876828492686
"Carroll County, Arkansas",28526,55187,4586,12099,477,2928,186300,05,015,16.076561733155717,96.20706106870229,3.7929389312977095,10.264320269228072
"Chicot County, Arkansas",9997,39683,2264,3704,314,844,90500,05,017,22.646794038211464,92.18516674962667,7.8148332503733196,8.44253275982795
"Clark County, Arkansas",21378,50985,3810,10097,447,2035,147100,05,019,17.82206006174572,95.76062215477997,4.23937784522003,9.519131817756572
"Clay County, Arkansas",14399,48500,2449,6666,418,962,88100,05,021,17.008125564275296,94.09937888198758,5.900621118012422,6.681019515244115
"Cleburne County, Arkansas",25048,55979,3415,9893,644,2334,174600,05,023,13.633823059725328,93.88820347347442,6.111796526525577,9.318109230277868
"Cleveland County, Arkansas",7491,50509,1153,2822,65,587,123400,05,025,15.39180349753037,97.7485278836162,2.2514721163837894,7.836069950607396
"Columbia County, Arkansas",22527,47363,4642,9712,300,1905,141700,05,027,20.606383450969947,97.00359568517779,2.9964043148222133,8.456518844053802
"Conway County, Arkansas",20872,51212,4261,9228,622,1799,137000,05,029,20.414909927175163,93.68527918781726,6.314720812182741,8.619202759678037
"Craighead County, Arkansas",112097,57615,20670,54575,3267,11967,198700,05,031,18.439387316342096,94.35185505342139,5.64814494657861,10.675575617545519
"Crawford County, Arkansas",60792,60362,9998,26311,1369,5652,170000,05,033,16.446242926700883,95.05419075144509,4.945809248554913,9.29727595736281
"Crittenden County, Arkansas",47609,54271,9684,22188,2088,3666,155100,05,035,20.340691885987944,91.39891250617895,8.601087493821058,7.700224747421706
"Cross County, Arkansas",16681,47012,3314,7721,656,1153,104000,05,037,19.86691445356993,92.16903426047512,7.830965739524889,6.9120556321563456
"Dallas County, Arkansas",6351,44694,675,2785,237,378,98200,05,039,10.628247520075579,92.15751158173396,7.842488418266049,5.951818611242324
"Desha County, Arkansas",11041,36064,3164,4158,178,567,89100,05,041,28.656824562992483,95.89483394833948,4.105166051660516,5.135404401775202
"Drew County, Arkansas",17143,41071,3720,6923,355,1721,127800,05,043,21.699819168173597,95.12228634240176,4.877713657598242,10.039083007641603
"Faulkner County, Arkansas",126001,65071,18099,61820,2025,15950,211300,05,045,14.364171712922913,96.82825593233613,3.171744067663874,12.658629693415133
"Franklin County, Arkansas",17220,51919,3197,7240,319,1080,118800,05,047,18.565621370499418,95.77986506151608,4.220134938483926,6.2717770034843205
"Fulton County, Arkansas",12239,38941,1782,4425,170,839,107200,05,049,14.560013072963477,96.30032644178455,3.6996735582154514,6.855135223465969
"Garland County, Arkansas",100062,55409,16237,45246,2656,12092,176400,05,051,16.226939297635464,94.45534633209469,5.5446536679053064,12.084507605284724
"Grant County, Arkansas",18111,72512,2205,8413,337,2010,154500,05,053,12.174921318535697,96.14857142857143,3.8514285714285714,11.098227596488321
"Greene County, Arkansas",46182,56793,7657,21557,1609,3244,162200,05,055,16.58005283443766,93.05447638780973,6.945523612190279,7.024381793772465
"Hempstead County, Arkansas",19778,47654,3702,7886,305,1200,100200,05,057,18.717767216098697,96.27640092784763,3.7235990721523624,6.0673475578926075
"Hot Spring County, Arkansas",33142,52644,5264,13632,494,2407,127900,05,059,15.883169392311869,96.50290244938411,3.497097550615886,7.262687828133487
"Howard County, Arkansas",12701,44492,2477,5609,418,984,135400,05,061,19.50240138571766,93.06454289032686,6.935457109673138,7.747421462876939
"Independence County, Arkansas",38120,56009,7287,17322,799,2827,120500,05,063,19.11594963273872,95.5907510623034,4.409248937696595,7.416054564533053
"Izard County, Arkansas",13866,47728,2692,4694,330,1350,122100,05,065,19.414394922832827,93.43152866242038,6.568471337579618,9.736045002163566
"Jackson County, Arkansas",16775,41215,3044,6518,629,1033,87300,05,067,18.146050670640832,91.19910451937876,8.80089548062124,6.157973174366617
"Jefferson County, Arkansas",65780,48552,12300,27435,2051,6459,106000,05,069,18.69869261173609,93.04415654887065,6.95584345112935,9.819093949528732
"Johnson County, Arkansas",25932,44808,4874,10799,525,2214,124800,05,071,18.795310812895263,95.36382903567645,4.6361709643235605,8.53771402128644
"Lafayette County, Arkansas",6211,37237,1658,2324,205,301,74600,05,073,26.694574142650136,91.8940292605773,8.105970739422697,4.846240540975688
"Lawrence County, Arkansas",16265,44164,2854,7004,444,1040,91100,05,075,17.54687980325853,94.03866809881848,5.961331901181525,6.394097755917614
"Lee County, Arkansas",8511,36860,1926,2801,495,326,77900,05,077,22.6295382446246,84.98179611650485,15.018203883495145,3.8303372106685467
"Lincoln County, Arkansas",12966,51667,1512,3836,90,687,106100,05,079,11.661267931513189,97.70759042282221,2.292409577177789,5.298472929199445
"Little River County, Arkansas",11959,52241,1927,5538,501,1028,113400,05,081,16.11338740697383,91.70392449080974,8.296075509190263,8.596036457897819
"Logan County, Arkansas",21240,54237,3009,9644,571,1635,126900,05,083,14.166666666666666,94.41018110621636,5.589818893783652,7.69774011299435
"Lonoke County, Arkansas",74747,71449,8232,35326,1575,7099,184100,05,085,11.013151029472755,95.73182298582694,4.268177014173058,9.497371131951784
"Madison County, Arkansas",17032,53888,2529,7939,342,1036,157800,05,087,14.84852043212776,95.87006400193214,4.129935998067866,6.082667919210897
"Marion County, Arkansas",17076,46953,3008,6442,416,1180,158400,05,089,17.615366596392597,93.93409157188685,6.065908428113152,6.910283438744437
"Miller County, Arkansas",42588,49983,8694,17819,1284,2704,148200,05,091,20.414201183431953,93.2785426372821,6.7214573627178975,6.349206349206349
"Mississippi County, Arkansas",39749,53428,8150,18690,1563,2442,115800,05,093,20.503660469445773,92.28262479632647,7.717375203673529,6.143550781151727
"Monroe County, Arkansas",6681,43955,1452,2698,254,570,82200,05,095,21.73327346205658,91.39566395663957,8.604336043360433,8.531656937584193
"Montgomery County, Arkansas",8571,49015,1762,3361,234,824,136000,05,097,20.55769455139424,93.49095966620305,6.509040333796941,9.613814024034536
"Nevada County, Arkansas",8228,41761,2298,3331,278,508,85700,05,099,27.929022848808945,92.29703518980327,7.70296481019673,6.174039863879436
"Newton County, Arkansas",7175,47395,945,3067,121,487,178800,05,101,13.170731707317074,96.20451693851945,3.795483061480552,6.7874564459930316
"Ouachita County, Arkansas",22317,49838,3913,8983,412,1460,99600,05,103,17.533718689788053,95.61468866418308,4.385311335816923,6.542097952233723
"Perry County, Arkansas",10073,60078,1558,4118,186,882,129300,05,105,15.467090241238957,95.67843866171005,4.321561338289963,8.756080611535788
"Phillips County, Arkansas",15910,38874,4534,6070,962,1007,76200,05,107,28.4978001257071,86.31968145620023,13.680318543799771,6.329352608422376
"Pike County, Arkansas",10182,51000,1871,4271,110,965,115400,05,109,18.375564722058535,97.48915772654645,2.5108422734535494,9.477509330190532
"Poinsett County, Arkansas",22740,47188,4466,9896,522,1309,101200,05,111,19.63940193491645,94.98944135150701,5.010558648492993,5.756376429199648
"Polk County, Arkansas",19348,49252,3611,8604,722,1604,122600,05,113,18.66342774446971,92.25820287368647,7.741797126313532,8.290262559437668
"Pope County, Arkansas",63830,54606,10633,28952,1367,6708,161700,05,115,16.65831113896287,95.49127609749662,4.508723902503381,10.509164969450103
"Prairie County, Arkansas",8162,51094,739,3715,151,662,87500,05,117,9.054153393776035,96.09415416451112,3.9058458354888774,8.11075716736094
"Pulaski County, Arkansas",398949,60385,63472,194750,9611,59781,199600,05,119,15.90980300740195,95.29704787116916,4.702952128830844,14.98462209455344
"Randolph County, Arkansas",18733,52838,3879,7831,494,1093,118100,05,121,20.706774141888644,94.06606606606607,5.933933933933934,5.8346233918753
"St. Francis County, Arkansas",22740,41784,5503,8577,635,1179,87700,05,123,24.199648197009672,93.10681719496309,6.893182805036909,5.1846965699208445
"Saline County, Arkansas",125724,76534,11244,62382,2393,16852,211700,05,125,8.943399828195094,96.30567348514087,3.6943265148591276,13.403964239126974
"Scott County, Arkansas",9839,45955,1678,4036,249,603,110900,05,127,17.054578717349326,94.18903150525088,5.810968494749124,6.128671612968797
"Searcy County, Arkansas",7861,41978,1896,3014,159,565,108100,05,129,24.119068820760717,94.98896942956193,5.011030570438072,7.187380740363822
"Sebastian County, Arkansas",128448,56450,20559,61296,3564,12795,166000,05,131,16.00569880418535,94.50508788159112,5.49491211840888,9.961229446935725
"Sevier County, Arkansas",15797,51641,3049,6901,336,680,111700,05,133,19.301133126543014,95.3571922067155,4.64280779328451,4.304614800278534
"Sharp County, Arkansas",17597,42950,2997,6524,425,1070,94600,05,135,17.03131215548105,93.88401208807022,6.115987911929774,6.08058191737228
"Stone County, Arkansas",12474,38531,2665,4254,188,902,149400,05,137,21.364438031104697,95.76767221972085,4.232327780279153,7.231040564373897
"Union County, Arkansas",38368,50221,7327,16970,741,3278,114700,05,139,19.09664303586322,95.81615944893004,4.183840551069957,8.543577981651376
"Van Buren County, Arkansas",15936,47266,3069,5842,252,1245,122300,05,141,19.25828313253012,95.86478503446013,4.135214965539875,7.8125
"Washington County, Arkansas",251863,66426,35887,129471,5473,31300,266000,05,143,14.24861928905794,95.94424353806023,4.055756461939768,12.427391081659474
"White County, Arkansas",77395,53435,12190,34263,1748,5722,159600,05,145,15.75037147102526,95.14592763322318,4.854072366776818,7.393242457523096
"Woodruff County, Arkansas",6157,49982,1361,2758,173,359,96800,05,147,22.104921227870715,94.09757761856021,5.902422381439782,5.830761734611012
"Yell County, Arkansas",20195,58870,2621,9144,316,1399,131300,05,149,12.97846001485516,96.65961945031712,3.3403805496828753,6.927457291408764
"Alameda County, California",1651949,126240,149752,908826,47017,341463,1057400,06,001,9.065170898133054,95.08109595404267,4.918904045957338,20.67031125052892
"Alpine County, California",1695,110781,209,806,29,264,466100,06,003,12.330383480825958,96.52694610778443,3.473053892215569,15.575221238938052
"Amador County, California",41029,81526,2931,17083,1043,5027,422800,06,005,7.143727607302153,94.24583471256757,5.754165287432418,12.25230934217261
"Butte County, California",209470,68574,37531,101141,7192,28185,408700,06,007,17.91712417052561,93.36121034218566,6.638789657814331,13.455387406311168
"Calaveras County, California",45995,79877,6083,19090,1117,5242,441800,06,009,13.225350581584955,94.4722125995942,5.5277874004058,11.396890966409392
"Colusa County, California",21895,75149,2332,10360,869,1579,375100,06,011,10.650833523635534,92.26110962685902,7.738890373140975,7.211692167161453
"Contra Costa County, California",1161458,125727,95048,608587,35999,221951,830800,06,013,8.183507281365317,94.4151750115578,5.584824988442194,19.109687995605523
"Del Norte County, California",27293,66780,2900,11094,712,2540,319600,06,015,10.625435093247352,93.96916821954939,6.030831780450619,9.30641556443044
"El Dorado County, California",192299,106190,15754,92417,4466,36513,640500,06,017,8.192450298753503,95.39031615453692,4.609683845463084,18.987618240344464
"Fresno County, California",1012152,71434,185717,465169,39771,98932,362600,06,019,18.348726278266504,92.12361864776013,7.87638135223987,9.774421233174465
"Glenn County, California",28623,70487,3511,13934,1028,2314,338400,06,021,12.266359221605002,93.12926079401149,6.870739205988505,8.084407644202216
"Humboldt County, California",135418,61135,25064,65509,5702,19521,418800,06,023,18.508617761302045,91.99281009956327,8.00718990043673,14.415365756398707
"Imperial County, California",179319,56393,33705,70148,8809,12731,279500,06,025,18.79611195690362,88.84329445141026,11.15670554858974,7.099638075162142
"Inyo County, California",18803,72432,1928,8742,240,2759,338400,06,027,10.253682922937829,97.32798931195725,2.6720106880427523,14.673190448332713
"Kern County, California",910433,67660,168825,395704,33049,68949,310600,06,029,18.543374416349142,92.29183236035666,7.708167639643337,7.5732096705633465
"Kings County, California",152830,68750,23427,58943,5787,8991,305700,06,031,15.32879670221815,91.05978680673567,8.940213193264329,5.88300726297193
"Lake County, California",68139,58738,11156,28095,3220,5743,316800,06,033,16.37241521008527,89.71738783330672,10.282612166693278,8.428359676543536
"Lassen County, California",31177,64395,3279,10329,787,2309,259500,06,035,10.517368572986497,92.9201151493343,7.0798848506657075,7.406100651121019
"Los Angeles County, California",9848406,87760,1322476,5203398,365701,1574014,783300,06,037,13.428325355392538,93.43339021267174,6.566609787328255,15.98242395774504
"Madera County, California",158790,75496,30187,67619,7165,11644,367700,06,039,19.010642987593677,90.41907359863073,9.580926401369277,7.332955475785628
"Marin County, California",258765,142785,19907,134541,8218,63089,1390000,06,041,7.69308059436168,94.2434452468846,5.75655475311539,24.3808088419995
"Mariposa County, California",17060,65378,2347,7939,549,2582,358000,06,043,13.757327080890974,93.5320452403393,6.467954759660698,15.134818288393904
"Mendocino County, California",90709,64688,13524,41537,3881,9871,486000,06,045,14.909215182616938,91.45492976352988,8.545070236470123,10.88205139512066
"Merced County, California",285597,65044,51655,124973,13441,17760,368400,06,047,18.086674579915055,90.28927709624749,9.710722903752512,6.218552715889873
"Modoc County, California",8646,56648,1717,3282,196,1031,212000,06,049,19.858894286375204,94.36457734330075,5.6354226566992525,11.924589405505435
"Mono County, California",13169,86953,1441,7603,155,1814,514300,06,051,10.94236464424026,98.0020623872132,1.9979376127868007,13.774774090667478
"Monterey County, California",435834,94486,52732,196118,10068,46167,723100,06,053,12.099101951660494,95.11703025423647,4.882969745763534,10.59279450432963
"Napa County, California",136070,108970,11238,71712,3643,23885,838800,06,055,8.25898434629235,95.16554973127198,4.834450268728021,17.553465128242816
"Nevada County, California",102452,84905,10745,46301,2162,19768,602800,06,057,10.487838207160427,95.53886470090585,4.461135299094154,19.294889314020224
"Orange County, California",3164063,113702,296493,1685097,90063,601466,915500,06,059,9.370641482170235,94.9264854998986,5.073514500101399,19.009292798531508
"Placer County, California",412435,114678,27419,202943,9116,80818,658800,06,061,6.6480778789384996,95.70119636516252,4.2988036348374745,19.595330173239418
"Plumas County, California",19607,64946,2075,7909,769,2031,327400,06,063,10.582955067067884,91.13851117769072,8.861488822309289,10.358545417452952
"Riverside County, California",2449909,89672,266955,1165810,76743,259990,510300,06,065,10.896527177131885,93.82376445914178,6.176235540858217,10.612230903270286
"Sacramento County, California",1584047,88724,197472,799922,51540,232818,498900,06,067,12.466296770234722,93.9468819512791,6.053118048720906,14.697669955500059
"San Benito County, California",66056,108289,5118,34210,2038,7009,751500,06,069,7.747971418190626,94.37762083425292,5.622379165747075,10.610693956642848
"San Bernardino County, California",2187816,82184,291226,1036527,74017,207111,475000,06,071,13.311265664022933,93.33506821881889,6.664931781181115,9.46656391579548
"San Diego County, California",3282782,102285,330602,1681203,104758,580152,791600,06,073,10.070787521072067,94.1343623964913,5.8656376035086994,17.672571617609698
"San Francisco County, California",836321,141446,87135,513866,28900,234704,1380500,06,075,10.4188463520586,94.6754218208215,5.324578179178504,28.06386542966158
"San Joaquin County, California",787416,88531,97063,372511,27442,73689,494500,06,077,12.326775173478822,93.13869379652108,6.861306203478909,9.358331555365906
"San Luis Obispo County, California",281486,93398,34424,138634,7005,46166,777200,06,079,12.229382633594565,95.19016197584438,4.809838024155617,16.40081567111686
"San Mateo County, California",745100,156000,47945,413668,18501,158423,1494500,06,081,6.434706750771708,95.71903584014588,4.280964159854131,21.261978257951952
"Santa Barbara County, California",443975,95977,58387,220540,13563,60231,735700,06,083,13.150965707528577,94.20639632982063,5.793603670179365,13.56630440903204
"Santa Clara County, California",1903297,159674,128470,1045969,46668,376766,1382800,06,085,6.749866153311858,95.72886512171928,4.27113487828071,19.795439177385347
"Santa Cruz County, California",266021,109266,28613,141139,7922,45391,1015200,06,087,10.755917765890663,94.68539725347341,5.31460274652659,17.062938640182544
"Shasta County, California",181554,71931,23179,81960,5115,20528,347200,06,089,12.767000451656257,94.12575366063737,5.874246339362618,11.30682882227877
"Sierra County, California",2731,60000,325,1206,147,325,334100,06,091,11.90040278286342,89.13525498891353,10.864745011086473,11.90040278286342
"Siskiyou County, California",43834,55499,7196,18136,1392,5070,284500,06,093,16.41648035771319,92.87177386317083,7.128226136829169,11.566364009672856
"Solano County, California",450824,99994,42767,222268,13027,60797,589600,06,095,9.486407112309903,94.46354576170339,5.536454238296606,13.485750536794846
"Sonoma County, California",485642,102840,41044,259553,13476,83196,779000,06,097,8.45149307514589,95.06426057305268,4.935739426947321,17.131137751677162
"Stanislaus County, California",552250,79661,71943,260457,20229,46297,426600,06,099,13.027252150294249,92.79301425792522,7.2069857420747745,8.383340878225441
"Sutter County, California",98971,75450,14494,45374,3188,8877,399400,06,101,14.644693900233403,93.43519624397678,6.564803756023228,8.969294035626598
"Tehama County, California",65520,61834,9988,27389,1839,5952,315600,06,103,15.244200244200245,93.70808813466539,6.291911865334611,9.084249084249084
"Trinity County, California",15886,53498,2830,5285,314,1164,329000,06,105,17.814427798061185,94.3918556885158,5.608144311484193,7.327206345209619
"Tulare County, California",475774,69489,83473,211259,18688,28892,303000,06,107,17.544674572381005,91.87290984444242,8.127090155557585,6.072631123180334
"Tuolumne County, California",54873,72259,5547,22875,1818,6706,406200,06,109,10.108796675960855,92.63758960029158,7.362410399708419,12.220946549304758
"Ventura County, California",838259,107327,74630,431017,23547,128351,768400,06,111,8.90297628775832,94.81987134924896,5.180128650751049,15.311616099558728
"Yolo County, California",217782,88818,34165,109730,5865,29769,593800,06,113,15.687706054678532,94.92625113542972,5.073748864570267,13.66917376091688
"Yuba County, California",83079,73313,12501,35025,2553,6282,380000,06,115,15.047123821904451,93.20613124700623,6.793868752993773,7.561477629725924
"Adams County, Colorado",524408,91387,48994,291990,13434,65757,458400,08,001,9.342725511433846,95.60152443815811,4.398475561841899,12.539282390810207
"Alamosa County, Colorado",16515,51445,2843,8124,203,1767,218800,08,003,17.214653345443537,97.56214723189625,2.4378527681037587,10.69936421435059
"Arapahoe County, Colorado",655709,97215,55261,372417,17434,127692,526000,08,005,8.427671421316468,95.52803506980872,4.471964930191278,19.47388246920509
"Archuleta County, Colorado",13730,76524,1134,6194,113,2764,451400,08,007,8.259286234522943,98.2083399397495,1.7916600602505155,20.131099781500364
"Baca County, Colorado",3460,40380,810,1526,20,439,122000,08,009,23.410404624277454,98.70633893919793,1.29366106080207,12.6878612716763
"Bent County, Colorado",5524,49194,1348,1669,77,381,137900,08,011,24.40260680666184,95.58991981672395,4.41008018327606,6.897175959449673
"Boulder County, Colorado",328317,102772,36145,186019,8593,75524,713900,08,013,11.009177106272292,95.58454771545433,4.41545228454566,23.00337783300895
"Broomfield County, Colorado",75110,121025,3695,43541,1416,18623,631600,08,014,4.919451471175609,96.8503236425918,3.1496763574081896,24.794301690853416
"Chaffee County, Colorado",19876,70909,1844,9600,501,4238,598500,08,015,9.277520627892937,95.04009504009504,4.95990495990496,21.322197625276715
"Cheyenne County, Colorado",1732,67768,193,934,18,196,187100,08,017,11.143187066974596,98.10924369747899,1.8907563025210083,11.316397228637413
"Clear Creek County, Colorado",9358,96667,631,5732,240,2238,572800,08,019,6.742893780722377,95.98124581379773,4.018754186202277,23.91536653131011
"Conejos County, Colorado",7536,47209,1032,3473,161,769,162100,08,021,13.694267515923567,95.56962025316456,4.430379746835443,10.204352441613588
"Costilla County, Colorado",3571,36519,793,1303,59,533,171300,08,023,22.206664799775975,95.66813509544787,4.331864904552129,14.925791094931393
"Crowley County, Colorado",5734,47563,762,1728,96,319,106700,08,025,13.289152424136727,94.73684210526315,5.263157894736842,5.563306592256715
"Custer County, Colorado",5073,72700,490,2179,122,910,358800,08,027,9.658978907944018,94.69795740982183,5.302042590178183,17.938103686181748
"Delta County, Colorado",31353,58330,4310,12659,399,3913,318000,08,029,13.746690906771281,96.94440189921887,3.0555981007811304,12.480464389372628
"Denver County, Colorado",713734,91681,78668,441933,20324,177645,586700,08,031,11.022033418612537,95.60331157775869,4.396688422241307,24.889524668854225
"Dolores County, Colorado",2385,70490,448,1229,31,352,231900,08,033,18.78406708595388,97.53968253968253,2.4603174603174605,14.758909853249477
"Douglas County, Colorado",368283,145737,11841,210044,7458,97722,674000,08,035,3.215190492094395,96.5710660131861,3.428933986813915,26.534485708001725
"Eagle County, Colorado",55374,103174,4553,33693,1414,13541,814700,08,037,8.222270379600534,95.97231321388897,4.027686786111032,24.453714739769566
"Elbert County, Colorado",27152,129477,1444,14635,438,4761,664600,08,039,5.318208603417796,97.09414184303058,2.9058581569694155,17.534619917501473
"El Paso County, Colorado",736008,87470,60977,365983,19993,121674,431000,08,041,8.284828425777981,94.82014425767406,5.179855742325948,16.531613786806666
"Fremont County, Colorado",49394,61027,5800,18379,803,5758,282100,08,043,11.742316880592785,95.8137837556042,4.186216244395788,11.657286310078147
"Garfield County, Colorado",62034,86172,5539,35265,1283,8700,490600,08,045,8.928974433375245,96.48954799168217,3.5104520083178286,14.0245671728407
"Gilpin County, Colorado",5877,88654,580,3601,107,1074,512600,08,047,9.868980772502978,97.1143473570658,2.885652642934196,18.27462991322103
"Grand County, Colorado",15794,84558,1420,9348,413,3165,507200,08,049,8.99075598328479,95.76887613973977,4.231123860260219,20.039255413448146
"Gunnison County, Colorado",17158,77358,2115,10784,395,4723,597200,08,051,12.326611493181023,96.46658914035244,3.533410859647553,27.52651824221937
"Hinsdale County, Colorado",939,64327,42,455,7,231,438800,08,053,4.472843450479233,98.48484848484848,1.5151515151515151,24.600638977635782
"Huerfano County, Colorado",6946,52139,1193,2492,276,786,256700,08,055,17.175352720990496,90.02890173410405,9.971098265895954,11.315865246184854
"Jackson County, Colorado",1422,41809,258,723,69,171,250000,08,057,18.143459915611814,91.28787878787878,8.712121212121213,12.025316455696203
"Jefferson County, Colorado",579715,107800,38319,335325,12987,137016,604400,08,059,6.609972141483316,96.27144628953353,3.7285537104664783,23.635062056355277
"Kiowa County, Colorado",1356,56389,170,675,0,130,148600,08,061,12.536873156342182,100.0,0.0,9.587020648967552
"Kit Carson County, Colorado",7015,59810,633,3541,99,618,221400,08,063,9.023521026372059,97.28021978021978,2.71978021978022,8.809693513898788
"Lake County, Colorado",7411,93655,525,4724,108,1399,401300,08,065,7.084064228849009,97.76490066225165,2.2350993377483444,18.877344487923356
"La Plata County, Colorado",56088,85296,6755,29998,939,12097,549100,08,067,12.04357438311225,96.96479943110192,3.035200568898083,21.56789331051205
"Larimer County, Colorado",363561,91364,39240,204039,9240,75554,532200,08,069,10.793236898347182,95.66764660374439,4.332353396255609,20.78165699841292
"Las Animas County, Colorado",14392,50408,2378,6282,351,1230,214500,08,071,16.523068371317397,94.70827679782904,5.291723202170964,8.546414674819344
"Lincoln County, Colorado",5561,54257,447,2161,39,891,232100,08,073,8.038122639812983,98.22727272727273,1.7727272727272727,16.022298147815142
"Logan County, Colorado",21067,55074,2506,10340,580,1713,228100,08,075,11.895381402193003,94.68864468864469,5.311355311355311,8.131200455688992
"Mesa County, Colorado",157316,71485,17123,78680,4022,23024,349400,08,077,10.884461847491673,95.13675606394041,4.863243936059587,14.635510691855883
"Mineral County, Colorado",799,52455,104,416,31,246,413000,08,079,13.016270337922403,93.0648769574944,6.935123042505594,30.78848560700876
"Moffat County, Colorado",13258,70975,1533,6591,264,1411,262500,08,081,11.562829989440338,96.14879649890591,3.8512035010940924,10.642630864383769
"Montezuma County, Colorado",26204,63005,3414,11674,523,3559,308100,08,083,13.02854526026561,95.71206034270723,4.287939657292776,13.581895893756679
"Montrose County, Colorado",43272,66072,5101,19766,838,5881,357900,08,085,11.788223331484563,95.93282857697535,4.067171423024655,13.590774634867813
"Morgan County, Colorado",29186,75407,3515,14579,612,2166,299300,08,087,12.043445487562531,95.97129879533935,4.0287012046606545,7.421366408552045
"Otero County, Colorado",18460,54897,4249,8296,380,1501,160700,08,089,23.017334777898157,95.62010142923006,4.37989857076994,8.131094257854821
"Ouray County, Colorado",5024,84556,253,2458,79,1479,670100,08,091,5.0358280254777075,96.88608592826172,3.1139140717382734,29.438694267515924
"Park County, Colorado",17739,95450,1266,9144,322,3754,489300,08,093,7.136817182479282,96.59835199661948,3.4016480033805196,21.162410507920402
"Phillips County, Colorado",4491,60372,695,2162,17,568,255300,08,095,15.475395234914274,99.21982560807709,0.7801743919229004,12.647517256735693
"Pitkin County, Colorado",17119,100318,1221,10342,159,5016,1131200,08,097,7.1324259594602495,98.48585848966765,1.5141415103323492,29.3007769145394
"Prowers County, Colorado",11931,57601,1994,5703,271,756,150900,08,099,16.712765065794986,95.46367592902578,4.536324070974222,6.336434498365602
"Pueblo County, Colorado",168726,62250,25321,75134,4068,19072,271800,08,101,15.007171390301435,94.86376606651348,5.136233933486528,11.30353353958489
"Rio Blanco County, Colorado",6518,72620,559,3019,131,802,243400,08,103,8.576250383553237,95.84126984126983,4.158730158730159,12.304387849033446
"Rio Grande County, Colorado",11394,62166,1662,5659,451,1785,215400,08,105,14.586624539231174,92.61865793780687,7.381342062193126,15.666140073723012
"Routt County, Colorado",24990,104803,1580,14385,354,6252,756200,08,107,6.322529011604641,97.5982088337065,2.401791166293507,25.018007202881154
"Saguache County, Colorado",6511,54283,1142,3149,248,777,200000,08,109,17.539548456458302,92.69944068295555,7.300559317044451,11.933650744893258
"San Juan County, Colorado",690,73889,116,446,30,167,406900,08,111,16.81159420289855,93.69747899159664,6.302521008403361,24.20289855072464
"San Miguel County, Colorado",8026,80117,674,5028,208,2986,613100,08,113,8.397707450784948,96.02750190985485,3.972498090145149,37.20408671816596
"Sedgwick County, Colorado",2346,52833,336,1149,26,315,142700,08,115,14.322250639386189,97.7872340425532,2.2127659574468086,13.427109974424553
"Summit County, Colorado",30857,106255,2277,19822,661,7808,850700,08,117,7.37920082963347,96.77293365229703,3.2270663477029733,25.303820851022458
"Teller County, Colorado",24774,80666,1871,12326,422,4368,445000,08,119,7.552272543795915,96.68967681204896,3.310323187951051,17.63138774521676
"Washington County, Colorado",4839,65164,353,2297,77,566,218300,08,121,7.294895639594958,96.75652906486943,3.243470935130581,11.696631535441208
"Weld County, Colorado",340711,93287,30256,183049,8676,45440,444500,08,123,8.880253352548054,95.47476854870257,4.525231451297431,13.336816246026691
"Yuma County, Colorado",9921,60051,1437,5026,263,1061,215600,08,125,14.484426973087391,95.02741539043298,4.972584609567026,10.694486442898901
"Capitol Planning Region, Connecticut",969029,91541,96546,524432,27606,154618,298200,09,110,9.963169316914149,94.99925729750488,5.000742702495118,15.955972421877984
"Greater Bridgeport Planning Region, Connecticut",326296,87135,42096,174555,12975,52136,397000,09,120,12.901169490278766,93.08110702287634,6.91889297712366,15.97813028661093
"Lower Connecticut River Valley Planning Region, Connecticut",174983,101117,11625,97319,3778,32817,359000,09,130,6.643502511672563,96.26299494544843,3.737005054551569,18.75439328391901
"Naugatuck Valley Planning Region, Connecticut",452303,86365,46175,243367,14835,61123,290800,09,140,10.208864411688625,94.2544984159689,5.745501584031108,13.51372862881741
"Northeastern Connecticut Planning Region, Connecticut",95829,87564,8137,52551,3275,10581,281300,09,150,8.491166557096495,94.13355784043277,5.866442159567227,11.04154274801991
"Northwest Hills Planning Region, Connecticut",112848,91035,10224,61858,3356,19137,311700,09,160,9.05997447894513,94.85386573435152,5.14613426564848,16.958209272649935
"South Central Connecticut Planning Region, Connecticut",566803,86266,63456,305737,18081,84323,328300,09,170,11.195424159716868,94.41630792605723,5.58369207394277,14.876950192571318
"Southeastern Connecticut Planning Region, Connecticut",279025,84185,28317,142740,7242,37885,293900,09,180,10.148552997043275,95.17142057046846,4.828579429531544,13.57763641250784
"Western Connecticut Planning Region, Connecticut",621232,124553,45372,342734,18690,129315,625400,09,190,7.303551652200787,94.82878834831112,5.171211651688875,20.815894866974013
"Kent County, Delaware",185043,72872,20323,89005,4868,20394,290600,10,001,10.982852634252579,94.81427034397537,5.185729656024629,11.021222094324022
"New Castle County, Delaware",573030,89901,56807,306242,15029,88735,329800,10,003,9.91344257717746,95.32201786031108,4.677982139688923,15.485227649512243
"Sussex County, Delaware",247799,78162,28116,112121,5743,35210,353300,10,005,11.346292761471998,95.12743500984186,4.872564990158149,14.209096889010853
"District of Columbia, District of Columbia",672079,106287,94140,397158,25748,126307,724600,11,001,14.007281882040653,93.91164939726558,6.088350602734414,18.7934751718176
"Alachua County, Florida",281751,59659,52015,141387,6123,39406,266800,12,001,18.461336428264673,95.84909497661175,4.150905023388245,13.986108301301503
"Baker County, Florida",28186,70833,3285,12076,522,1741,225000,12,003,11.654722202511886,95.85648515637402,4.143514843625972,6.176825374299297
"Bay County, Florida",181368,70188,20821,90175,3222,23148,276900,12,005,11.479974416655638,96.55021039219676,3.449789607803248,12.763001190948788
"Bradford County, Florida",27888,59740,4550,11128,738,1919,180300,12,007,16.315261044176708,93.78054946907129,6.219450530928704,6.881095811818703
"Brevard County, Florida",620533,75817,60603,293522,14187,94125,304400,12,009,9.766281567620094,95.38947512097468,4.610524879025313,15.168411671901413
"Broward County, Florida",1946127,74534,235824,1052505,58574,307201,380400,12,011,12.117605891085217,94.72818764462293,5.271812355377071,15.785249369645454
"Calhoun County, Florida",13593,46901,2506,4830,198,911,134000,12,013,18.435959685132055,96.06205250596659,3.9379474940334127,6.701978959758699
"Charlotte County, Florida",195083,66154,18219,74508,4137,25246,291000,12,015,9.339101818200458,94.739652870494,5.260347129506008,12.941158378741358
"Citrus County, Florida",158693,55355,24124,54846,3748,16064,223200,12,017,15.20167871298671,93.60344062532,6.396559374680002,10.122689721663841
"Clay County, Florida",223436,86094,20204,109601,4181,29312,281500,12,019,9.042410354642941,96.32542932977096,3.6745706702290346,13.118745412556615
"Collier County, Florida",387681,86173,40135,170348,6842,69373,486800,12,021,10.352583696389557,96.1386082736046,3.8613917263953947,17.894351283658473
"Columbia County, Florida",70755,55070,11237,30031,1892,5548,186400,12,023,15.881563140414103,94.07323873069573,5.926761269304263,7.841141968765458
"DeSoto County, Florida",34719,50868,7626,14137,1218,1902,151500,12,027,21.96491834442236,92.06773038098339,7.9322696190166075,5.478268383305971
"Dixie County, Florida",16952,47655,2961,6067,310,659,96900,12,029,17.466965549787634,95.13877999059119,4.861220009408813,3.887446908919302
"Duval County, Florida",1007189,68447,143754,510962,22980,154023,274900,12,031,14.27279289190013,95.69616175539666,4.303838244603346,15.292363200948383
"Escambia County, Florida",323275,65715,44136,151148,8944,40614,234200,12,033,13.652772407393085,94.41321240286835,5.586787597131649,12.563297502126671
"Flagler County, Florida",121710,72923,11360,51706,1891,18920,333400,12,035,9.333661983403172,96.47181745246935,3.528182547530646,15.545148303344014
"Franklin County, Florida",12418,62734,1874,4962,344,1385,254300,12,037,15.090996939925914,93.51677346400301,6.483226535996985,11.153164760831052
"Gadsden County, Florida",43642,46047,11243,16750,734,3973,154700,12,039,25.761880757068877,95.80187600091512,4.198123999084878,9.103615782961368
"Gilchrist County, Florida",18494,61070,1946,7750,249,1159,191000,12,041,10.522331566994701,96.8871108888611,3.1128891111388923,6.266897372120687
"Glades County, Florida",12324,38905,2341,4274,267,948,114800,12,043,18.995456020772476,94.12023783307642,5.879762166923585,7.6923076923076925
"Gulf County, Florida",14772,67361,1412,5666,182,1807,235700,12,045,9.558624424587055,96.88782489740082,3.112175102599179,12.232602220417006
"Hamilton County, Florida",13445,47696,2933,3967,314,768,110400,12,047,21.814801041279285,92.6652651249708,7.3347348750291985,5.712160654518408
"Hardee County, Florida",25508,54231,5727,10195,696,1420,129400,12,049,22.45177983377764,93.60940225874576,6.390597741254246,5.566880978516544
"Hendry County, Florida",40798,53044,8630,19619,861,2159,189700,12,051,21.15299769596549,95.7958984375,4.2041015625,5.291926074807589
"Hernando County, Florida",201512,63193,23818,86075,5025,20731,240700,12,053,11.819643495176466,94.4840834248079,5.515916575192096,10.287724800508158
"Highlands County, Florida",103808,55581,15723,37960,2224,10017,177900,12,055,15.14623150431566,94.4654588891101,5.534541110889907,9.649545314426634
"Hillsborough County, Florida",1489634,75011,193025,780230,35448,238277,333300,12,057,12.957880929140982,95.6541674533333,4.345832546666699,15.995674105182884
"Holmes County, Florida",19626,48236,2565,7919,347,1182,101400,12,059,13.069397737694894,95.8020808129688,4.197919187031212,6.022623051054723
"Indian River County, Florida",163856,71049,18567,68819,3614,25931,314700,12,061,11.331290889561567,95.01056148440628,4.989438515593721,15.825480910067377
"Jackson County, Florida",47652,47327,7647,17247,818,2928,113900,12,063,16.047595064215564,95.47190700249101,4.528092997508995,6.144547972802821
"Jefferson County, Florida",14713,56984,2740,6633,432,1291,198800,12,065,18.62298647454632,93.88535031847134,6.114649681528663,8.774553116291715
"Lafayette County, Florida",8035,60692,1174,3041,193,272,131600,12,067,14.6110765401369,94.0321583178726,5.967841682127396,3.3851897946484133
"Lake County, Florida",398696,69956,37240,178746,9093,51007,287900,12,069,9.340449866565002,95.15915225272707,4.840847747272931,12.793456668740092
"Lee County, Florida",792692,73099,91539,357140,14873,112874,326300,12,071,11.547864744440464,96.00202143473481,3.9979785652651922,14.23932624525036
"Leon County, Florida",295335,65074,51451,160534,9021,48822,279800,12,073,17.421233514483554,94.67960248886791,5.3203975111320805,16.53105795114023
"Levy County, Florida",44276,53805,7539,18211,697,3661,171400,12,075,17.027283404101546,96.31372963824836,3.6862703617516397,8.268587948324148
"Liberty County, Florida",7650,53824,1290,2688,184,470,117600,12,077,16.862745098039216,93.59331476323119,6.406685236768802,6.143790849673202
"Madison County, Florida",18113,48176,3413,6646,161,1103,105900,12,079,18.842820073980015,97.63478771852505,2.3652122814749523,6.089548942748302
"Manatee County, Florida",416020,75792,42741,190554,9624,66541,359800,12,081,10.273784914186818,95.19227887180409,4.807721128195905,15.994663718090477
"Marion County, Florida",387697,58535,55184,156188,8159,41315,220800,12,083,14.233795979850244,95.03550414671396,4.964495853286035,10.656517847700652
"Martin County, Florida",160464,80701,17817,72093,3260,29362,386500,12,085,11.103425067304816,95.67369580507743,4.326304194922565,18.29818526273806
"Miami-Dade County, Florida",2685296,68694,394945,1411127,61929,393474,425400,12,086,14.707689580589998,95.79588284491561,4.204117155084396,14.6529097723305
"Monroe County, Florida",81840,82430,8412,43029,1382,14615,723800,12,087,10.278592375366568,96.88815833915021,3.111841660849789,17.858015640273706
"Nassau County, Florida",94653,88900,8659,44037,1745,15047,351100,12,089,9.148151669783314,96.18845834607488,3.8115416539251235,15.89701330121602
"Okaloosa County, Florida",214281,79097,19364,98040,3063,31302,324800,12,091,9.036732141440446,96.97041630812141,3.0295836918785795,14.607921374270234
"Okeechobee County, Florida",40249,52288,7127,16134,965,3270,179000,12,093,17.707272230365973,94.3563951108252,5.643604889174806,8.124425451564015
"Orange County, Florida",1440471,77011,182784,783584,42894,240839,358300,12,095,12.689182913088844,94.81002519123317,5.18997480876684,16.719461898226342
"Osceola County, Florida",406943,68711,50246,211121,11041,53415,317600,12,097,12.347183757921872,95.03020318506316,4.969796814936847,13.12591689745247
"Palm Beach County, Florida",1507453,81115,164211,748874,40437,266606,407300,12,099,10.893274947875655,94.87692430486842,5.123075695131576,17.68585819922744
"Pasco County, Florida",588758,67384,64423,274142,13424,77238,265800,12,101,10.94218677283366,95.33185425258897,4.668145747411029,13.118802631981222
"Pinellas County, Florida",960565,70293,107618,485890,22153,171050,319000,12,103,11.203614539359648,95.639542322205,4.36045767779499,17.807228037665332
"Polk County, Florida",760961,63644,109496,348858,15310,80742,240000,12,105,14.389173689584617,95.79589639946398,4.204103600536016,10.610530631661806
"Putnam County, Florida",74235,47256,17409,28561,2027,5285,147300,12,107,23.451202263083452,93.37321825552505,6.6267817444749575,7.119283356907119
"St. Johns County, Florida",292243,106169,19379,141778,5531,63116,457600,12,109,6.631125467504782,96.24530748291006,3.754692517089927,21.597095567729596
"St. Lucie County, Florida",346237,69027,39878,160770,9339,41516,305800,12,111,11.51754434101497,94.50999065305187,5.490009346948133,11.990630695159673
"Santa Rosa County, Florida",193719,88968,15911,87857,3944,27038,302100,12,113,8.21344318316737,95.70375050380716,4.296249496192852,13.957329946985068
"Sarasota County, Florida",449011,80633,36101,191786,7048,82183,373100,12,115,8.040114830148926,96.45533460072221,3.5446653992777897,18.303115068450442
"Seminole County, Florida",474912,83030,43264,260000,10643,93962,357300,12,117,9.10989825483458,96.06751329241843,3.932486707581574,19.785139141567278
"Sumter County, Florida",137536,73297,11723,32301,1845,26375,356000,12,119,8.523586551884597,94.59673168160253,5.403268318397469,19.176797347603536
"Suwannee County, Florida",44484,55479,5998,18390,1047,3258,160900,12,121,13.483499685280101,94.61336626022533,5.386633739774656,7.32398165632587
"Taylor County, Florida",21422,44985,3225,7130,364,1684,100200,12,123,15.054616749136402,95.14278089137977,4.85721910862023,7.861077397068435
"Union County, Florida",15551,64922,1995,4487,149,727,160400,12,125,12.828756993119415,96.78602243313202,3.2139775668679897,4.674940518294644
"Volusia County, Florida",568229,66581,67642,260546,10431,75136,278000,12,127,11.904003491550062,96.1505958070242,3.8494041929757876,13.222837975534512
"Wakulla County, Florida",34608,74183,1758,16352,513,3425,216300,12,129,5.079750346740638,96.95819745034095,3.041802549659057,9.896555709662506
"Walton County, Florida",79846,79281,8912,38398,2005,13232,376400,12,131,11.161485860281042,95.0374972155533,4.9625027844467,16.571900909250306
"Washington County, Florida",25259,52723,4279,9455,376,1313,156000,12,133,16.9404964567085,96.17536364561083,3.824636354389177,5.198147195059187
"Appling County, Georgia",18426,43728,4310,7536,273,614,81400,13,001,23.390860740258333,96.5040338071456,3.495966192854399,3.332247910561163
"Atkinson County, Georgia",8261,38438,2062,3696,105,290,76300,13,003,24.96065851591817,97.23756906077348,2.7624309392265194,3.5104708873017794
"Bacon County, Georgia",11129,50310,2223,4527,146,423,104100,13,005,19.974840506784076,96.87566873528782,3.1243312647121764,3.800880582262557
"Baker County, Georgia",2830,44405,832,1005,96,204,120100,13,007,29.39929328621908,91.28065395095368,8.71934604904632,7.208480565371024
"Baldwin County, Georgia",43669,55413,8518,17304,956,3839,164700,13,009,19.505827932858548,94.7645125958379,5.235487404162103,8.791133298220705
"Banks County, Georgia",18757,68830,2396,8915,238,1546,251700,13,011,12.773897744841925,97.39975964164755,2.600240358352453,8.242256224342912
"Barrow County, Georgia",86982,77477,8797,44927,1498,8049,255200,13,013,10.113586719091307,96.77329025309639,3.2267097469036083,9.253638683865626
"Bartow County, Georgia",111153,79431,11092,56361,2580,11616,262200,13,015,9.97903790271068,95.62274138545325,4.37725861454675,10.450460176513454
"Ben Hill County, Georgia",17138,39081,4308,7209,360,917,114600,13,017,25.137122184618978,95.24375743162902,4.756242568370987,5.350682693429805
"Berrien County, Georgia",18257,50414,3979,8008,334,1030,115200,13,019,21.79438023771704,95.99616398945096,4.003836010549029,5.64167168757189
"Bibb County, Georgia",156543,50747,37337,69565,5221,13337,165800,13,021,23.850954689765754,93.01874682427193,6.981253175728078,8.519703851337972
"Bleckley County, Georgia",12414,53005,2289,5288,392,901,132900,13,023,18.438859352344128,93.09859154929578,6.901408450704226,7.257934589979056
"Brantley County, Georgia",18171,47801,3054,7504,212,661,91800,13,025,16.807000165098234,97.25246241575947,2.747537584240539,3.6376644103241427
"Brooks County, Georgia",16285,47656,4056,7118,460,982,118100,13,027,24.906355541909733,93.92979678015307,6.070203219846925,6.030089038992938
"Bryan County, Georgia",46681,94234,3357,22249,1250,6495,317100,13,029,7.191362652899466,94.68062470743436,5.319375292565641,13.913583685011034
"Bulloch County, Georgia",81372,56832,16801,40143,3179,8620,191600,13,031,20.6471513542742,92.66192696551406,7.338073034485943,10.593324485080863
"Burke County, Georgia",24427,50739,4611,10970,633,1698,107800,13,033,18.876652884103656,94.54451434973714,5.4554856502628635,6.951324354198224
"Butts County, Georgia",26074,59221,3032,11072,551,1456,227800,13,035,11.62844212625604,95.25939946657489,4.740600533425106,5.584106773030605
"Calhoun County, Georgia",5528,55714,866,1657,122,284,82200,13,037,15.665701881331403,93.14221472737493,6.857785272625071,5.137481910274964
"Camden County, Georgia",56036,72399,8095,22760,1067,5189,233900,13,039,14.446070383325004,95.52188693498972,4.478113065010282,9.260118495253051
"Candler County, Georgia",10972,50431,1870,4731,191,570,135600,13,043,17.043383157127234,96.11946363266965,3.8805363673303535,5.195041924899744
"Carroll County, Georgia",122187,72327,18511,61601,3729,10694,227500,13,045,15.149729512959645,94.29205571712842,5.707944282871575,8.752158576607986
"Catoosa County, Georgia",68356,72425,5898,34130,1326,7329,214200,13,047,8.628357422903623,96.2601534296029,3.7398465703971118,10.72180935104453
"Charlton County, Georgia",12711,48534,2697,5392,544,727,119000,13,049,21.217842813311304,90.83557951482479,9.164420485175203,5.7194555896467625
"Chatham County, Georgia",298143,69575,41100,151528,8611,45020,273300,13,051,13.785331200128798,94.6227964455879,5.377203554412104,15.100136511673929
"Chattahoochee County, Georgia",9181,59221,772,1370,108,739,99800,13,053,8.408670079512035,92.69282814614344,7.307171853856563,8.049232109791962
"Chattooga County, Georgia",24975,47785,4696,9825,476,1039,98700,13,055,18.802802802802805,95.37908940879525,4.620910591204738,4.16016016016016
"Cherokee County, Georgia",274539,105442,17693,149547,4806,51466,389800,13,057,6.444621711305134,96.88635789391849,3.1136421060815147,18.746334764823942
"Clarke County, Georgia",129267,52267,30727,68114,3494,18006,271900,13,059,23.770181098037398,95.12065690984247,4.8793430901575245,13.9293091044118
"Clay County, Georgia",2853,48715,644,1175,52,256,92500,13,061,22.57273045916579,95.76202118989406,4.2379788101059495,8.973010865755345
"Clayton County, Georgia",298771,58507,49531,150139,10101,26504,194500,13,063,16.578248892964844,93.69633050424363,6.303669495756366,8.871008230383806
"Clinch County, Georgia",6722,55549,1517,2690,92,423,86300,13,065,22.567688188039273,96.69302659956865,3.3069734004313442,6.292770008925914
"Cobb County, Georgia",769152,98712,64760,432640,19668,166502,373700,13,067,8.419662173406557,95.65163561113224,4.348364388867763,21.647476701614245
"Coffee County, Georgia",43161,50175,7799,17807,864,2435,125700,13,069,18.06955353212391,95.37250281184726,4.62749718815275,5.641667245893283
"Colquitt County, Georgia",45907,49691,10835,21046,862,2608,121400,13,071,23.602065044546585,96.0653642505021,3.9346357494979003,5.681050820136363
"Columbia County, Georgia",159638,96122,10805,77272,3692,23009,287400,13,073,6.768438592315112,95.43994861913937,4.56005138086063,14.413234944060937
"Cook County, Georgia",17363,50133,3494,7966,351,1204,123000,13,075,20.123250590335772,95.77972826740411,4.220271732595888,6.934285549732189
"Coweta County, Georgia",150071,94142,12222,76396,2138,22536,321900,13,077,8.144145104650466,97.27761224437823,2.722387755621769,15.016892004451227
"Crawford County, Georgia",12183,60905,1593,5523,229,674,144800,13,079,13.0755971435607,96.01877607788595,3.9812239221140473,5.5322991053106785
"Crisp County, Georgia",19995,42745,4695,8929,780,1291,120800,13,081,23.48087021755439,91.96621691214337,8.033783087856627,6.456614153538384
"Dade County, Georgia",16196,58936,1280,7522,335,1526,166600,13,083,7.9031859718449,95.736286114293,4.263713885707013,9.422079525808842
"Dawson County, Georgia",28704,88986,2634,14622,649,5040,351900,13,085,9.176421404682273,95.75011459629363,4.249885403706371,17.558528428093645
"Decatur County, Georgia",29118,50485,6976,11824,821,1727,146200,13,087,23.957689401744624,93.50731514432582,6.49268485567418,5.93103921972663
"DeKalb County, Georgia",762105,77683,101298,412850,26350,135014,331400,13,089,13.291869230617829,94.00045537340618,5.999544626593807,17.715931531744314
"Dodge County, Georgia",19909,50152,4040,7668,262,1336,108700,13,091,20.292330101963934,96.69609079445145,3.3039092055485497,6.710532924807875
"Dooly County, Georgia",11026,56545,1777,4288,246,775,96400,13,093,16.116452022492293,94.57432730480811,5.425672695191883,7.028840921458371
"Dougherty County, Georgia",83915,46784,21255,36286,3909,6520,129200,13,095,25.329202168861347,90.27490981465355,9.725090185346435,7.769767026157422
"Douglas County, Georgia",146141,80764,16295,75827,4648,18094,262200,13,097,11.150190569381625,94.22429325877602,5.775706741223983,12.381193504902798
"Early County, Georgia",10683,53750,2216,4438,304,627,130100,13,099,20.743236918468593,93.58920286798819,6.41079713201181,5.869137882617243
"Echols County, Georgia",3705,61723,458,1853,66,193,112600,13,101,12.361673414304994,96.56070870244919,3.4392912975508074,5.209176788124156
"Effingham County, Georgia",67265,85465,4946,33643,1945,8428,245300,13,103,7.353006764290493,94.5346746094189,5.465325390581095,12.529547312867017
"Elbert County, Georgia",19725,49727,3989,9223,587,1253,114600,13,105,20.223067173637517,94.01630988786953,5.983690112130479,6.35234474017744
"Emanuel County, Georgia",22961,50053,5410,10187,986,1147,88200,13,107,23.561691563956273,91.17515439004742,8.824845609952565,4.995427028439528
"Evans County, Georgia",10740,53908,1870,4600,253,654,139700,13,109,17.411545623836126,94.7867298578199,5.213270142180095,6.089385474860335
"Fannin County, Georgia",25605,58073,3059,11030,465,2660,274600,13,111,11.9468853739504,95.95476294040888,4.045237059591127,10.388595977348174
"Fayette County, Georgia",120689,108986,6603,57798,2137,24748,405600,13,113,5.471086843042862,96.43447067656628,3.56552932343372,20.50559703038388
"Floyd County, Georgia",98985,62540,15943,46440,1978,9328,194100,13,115,16.10648077991615,95.91474245115454,4.085257548845471,9.423650047987069
"Forsyth County, Georgia",260062,138000,11712,139547,4675,59894,493800,13,117,4.5035414631895465,96.75846958161722,3.241530418382771,23.030661919080835
"Franklin County, Georgia",23840,52264,4685,10356,521,1589,160600,13,119,19.651845637583893,95.21007630780545,4.789923692194539,6.6652684563758395
"Fulton County, Georgia",1068507,91490,133805,602038,32429,248277,431200,13,121,12.522613328691342,94.88878066156316,5.11121933843683,23.23587959648369
"Gilmer County, Georgia",31976,72542,4667,13950,254,3515,278900,13,123,14.595321491118337,98.21177133201915,1.7882286679808506,10.99261946459845
"Glascock County, Georgia",2913,55250,347,1233,13,272,122800,13,125,11.912118091314795,98.95666131621188,1.043338683788122,9.337452797802952
"Glynn County, Georgia",84987,68546,13668,38922,1774,11022,268300,13,127,16.08245967030252,95.64084922351091,4.3591507764890896,12.969042324120158
"Gordon County, Georgia",58336,61997,7438,27854,1009,4103,205600,13,129,12.750274273176082,96.50417489519454,3.4958251048054603,7.033392759188152
"Grady County, Georgia",26056,54312,5318,11945,339,1629,136500,13,131,20.40988639852625,97.24031260175838,2.759687398241615,6.251918943813325
"Greene County, Georgia",19586,84530,1705,8267,424,3395,342200,13,133,8.70519759011539,95.12138994361983,4.878610056380164,17.333809864188705
"Gwinnett County, Georgia",966972,84823,100570,509837,20730,156415,345700,13,135,10.400507977480217,96.09285914879742,3.9071408512025814,16.175752762230964
"Habersham County, Georgia",46948,65622,6064,21585,486,4628,212000,13,137,12.916418164778051,97.7980154954465,2.2019845045534865,9.85771491863338
"Hall County, Georgia",208395,77430,26231,103928,4083,23186,313600,13,139,12.587154202356102,96.21982946181407,3.7801705381859256,11.125986707934452
"Hancock County, Georgia",8630,33182,2154,2401,142,377,87400,13,141,24.95944380069525,94.41604404246952,5.583955957530476,4.368482039397451
"Haralson County, Georgia",30720,65016,4596,14566,772,2244,210400,13,143,14.960937499999998,94.96674925022819,5.033250749771809,7.3046875
"Harris County, Georgia",35509,89184,2586,16705,969,4802,278700,13,145,7.282660733898448,94.51737014824036,5.482629851759647,13.52333211298544
"Hart County, Georgia",26484,57241,2940,11728,441,2518,206500,13,147,11.10104213864975,96.3760374722656,3.623962527734407,9.50762724663948
"Heard County, Georgia",11616,62907,2136,4867,254,635,161000,13,149,18.388429752066116,95.04003124389767,4.959968756102324,5.466597796143251
"Henry County, Georgia",245417,81612,22940,127449,7182,29470,277400,13,151,9.347355725153514,94.66541881141788,5.334581188582124,12.008133095914301
"Houston County, Georgia",166902,80743,16644,80034,4013,20771,205600,13,153,9.972319085451343,95.22529061120564,4.774709388794365,12.445027620999149
"Irwin County, Georgia",9385,53915,1657,4431,160,466,105300,13,155,17.65583377730421,96.51492049662383,3.485079503376171,4.965370271710176
"Jackson County, Georgia",80640,85012,6613,40071,1368,10096,312700,13,157,8.200644841269842,96.69876203576341,3.3012379642365883,12.519841269841269
"Jasper County, Georgia",15345,59574,2125,7133,517,1192,219700,13,159,13.848159009449331,93.24183006535948,6.758169934640524,7.768002606712285
"Jeff Davis County, Georgia",14838,40879,3935,6089,297,670,109300,13,161,26.51974659657636,95.3492013780144,4.650798621985594,4.515433346812238
"Jefferson County, Georgia",15468,46561,2810,6703,336,858,93100,13,163,18.166537367468322,95.22659468674529,4.773405313254724,5.546935608999224
"Jenkins County, Georgia",8674,36906,1769,3195,160,239,81100,13,165,20.39428176158635,95.23099850968704,4.769001490312966,2.755360848512797
"Johnson County, Georgia",9192,54183,1351,3394,240,324,91200,13,167,14.69756309834639,93.3957072096863,6.604292790313703,3.524804177545692
"Jones County, Georgia",28526,68259,3800,13464,493,2345,174600,13,169,13.32118067727687,96.46772228989038,3.5322777101096223,8.220570707424805
"Lamar County, Georgia",19098,68457,1895,8734,308,1424,201400,13,171,9.922504974342864,96.59367396593674,3.40632603406326,7.456278144308305
"Lanier County, Georgia",10094,44361,2726,4017,137,801,161100,13,173,27.006142262730336,96.70197400096293,3.2980259990370726,7.935407172577769
"Laurens County, Georgia",49619,49705,10944,21634,1230,3089,137400,13,175,22.056067232310202,94.62036389083275,5.37963610916725,6.225437836312703
"Lee County, Georgia",33337,88024,2256,17103,621,3945,226900,13,177,6.767255601883793,96.49627623561273,3.5037237643872716,11.83369829318775
"Liberty County, Georgia",66826,59013,9289,25636,2057,5218,180200,13,179,13.900278334779875,92.57213014119091,7.4278698588090855,7.808338072007902
"Lincoln County, Georgia",7773,50688,1393,3287,125,559,163600,13,181,17.9210086195806,96.33645955451348,3.663540445486518,7.191560530039881
"Long County, Georgia",17512,64747,2746,7094,383,877,196500,13,183,15.680676107811786,94.87762471579511,5.122375284204895,5.007994518044769
"Lowndes County, Georgia",119055,55887,23253,53524,3053,11738,197900,13,185,19.531309058838353,94.60381427081677,5.396185729183237,9.859308722859183
"Lumpkin County, Georgia",33931,72388,4893,16205,908,4026,277200,13,187,14.420441484188501,94.69409221060013,5.305907789399871,11.865255960625976
"McDuffie County, Georgia",21687,54058,4052,9692,358,1651,155100,13,189,18.68400424217273,96.43781094527363,3.5621890547263684,7.6128556277954536
"McIntosh County, Georgia",11187,50348,2475,4426,143,1098,173900,13,191,22.123893805309734,96.87021230028454,3.1297876997154734,9.814963797264681
"Macon County, Georgia",11953,37177,2537,4035,348,657,87000,13,193,21.224797122061407,92.06023271731691,7.939767282683094,5.496528068267381
"Madison County, Georgia",30914,58784,5772,14038,655,2117,198800,13,195,18.671152228763667,95.54209487511059,4.457905124889403,6.848030018761726
"Marion County, Georgia",7474,50484,1247,3166,131,568,122100,13,197,16.684506288466686,96.02669093114953,3.97330906885047,7.5996788868076
"Meriwether County, Georgia",20757,56458,4052,8599,541,1167,154600,13,199,19.521125403478344,94.08096280087528,5.919037199124726,5.622199739846798
"Miller County, Georgia",5873,58407,1377,2701,145,549,118300,13,201,23.44627958453942,94.90513000702741,5.094869992972593,9.34786310233271
"Mitchell County, Georgia",21441,51908,5042,8492,562,948,105500,13,205,23.51569423067954,93.7927987629777,6.207201237022311,4.421435567370925
"Monroe County, Georgia",28919,82863,3162,14260,572,3086,243200,13,207,10.933988035547564,96.14347357065803,3.856526429341963,10.671185034060652
"Montgomery County, Georgia",8675,51188,1279,3796,231,619,118200,13,209,14.743515850144092,94.26371989073752,5.736280109262478,7.1354466858789625
"Morgan County, Georgia",20614,85692,1522,10155,299,2770,323100,13,211,7.383331716309305,97.13985077482303,2.860149225176966,13.437469680799458
"Murray County, Georgia",40282,67880,5198,19972,1002,2380,173300,13,213,12.904026612382701,95.22265662248498,4.7773433775150185,5.908346159574996
"Muscogee County, Georgia",204383,56622,37491,89294,5775,23697,182300,13,215,18.34350215037454,93.92546466250829,6.074535337491717,11.594408536913539
"Newton County, Georgia",115530,73732,13984,58334,3850,10697,233300,13,217,12.104215355318965,93.80869677087354,6.191303229126464,9.259066909027958
"Oconee County, Georgia",42788,115925,2586,21490,650,7676,425100,13,219,6.043750584275965,97.06413730803975,2.935862691960253,17.939609236234457
"Oglethorpe County, Georgia",15221,69784,1676,7358,246,1602,198700,13,221,11.0111030812693,96.76486059968438,3.235139400315623,10.524932658826621
"Paulding County, Georgia",174292,94557,10525,89927,4011,21024,289000,13,223,6.038716636449177,95.7301624475718,4.269837552428197,12.062515778119478
"Peach County, Georgia",28269,68365,4730,13407,896,2227,186100,13,225,16.732109377763628,93.7355799482626,6.264420051737398,7.877887438536914
"Pickens County, Georgia",34197,75293,4502,16543,626,4316,289600,13,227,13.16489750562915,96.35389364552391,3.6461063544760903,12.620990145334385
"Pierce County, Georgia",19996,56691,2605,9098,366,1185,132100,13,229,13.02760552110422,96.13271344040575,3.867286559594252,5.9261852370474095
"Pike County, Georgia",19540,84184,1830,9210,402,1808,265700,13,231,9.365404298874104,95.81772784019975,4.18227215980025,9.25281473899693
"Polk County, Georgia",43365,55308,8302,18960,1095,2550,163500,13,233,19.144471347861177,94.54001495886313,5.459985041136874,5.88031822898651
"Pulaski County, Georgia",9893,47688,1577,3753,197,548,144300,13,235,15.940564035176388,95.0126582278481,4.987341772151899,5.539270191044173
"Putnam County, Georgia",22524,64163,4121,10015,437,2994,222000,13,237,18.296039779790448,95.81898201301186,4.181017986988136,13.292488012786361
"Quitman County, Georgia",2092,36838,324,762,237,80,103000,13,239,15.487571701720842,76.27627627627628,23.723723723723726,3.824091778202677
"Rabun County, Georgia",17107,61466,2497,7321,151,2267,272600,13,241,14.596364061495295,97.97912205567452,2.020877944325482,13.251885193195767
"Randolph County, Georgia",6270,25425,1628,2690,278,389,90900,13,243,25.964912280701753,90.63342318059298,9.366576819407008,6.2041467304625195
"Richmond County, Georgia",206040,53197,41459,94040,7429,19968,163300,13,245,20.121821005629975,92.67855207009038,7.321447929909628,9.691322073383809
"Rockdale County, Georgia",94293,72349,10026,47557,2749,11122,256600,13,247,10.632814737043047,94.53544308829962,5.464556911700394,11.795149162716214
"Schley County, Georgia",4539,59647,601,1992,81,338,152900,13,249,13.24080193875303,96.09261939218524,3.907380607814761,7.446574135272087
"Screven County, Georgia",14057,53017,2472,5950,339,814,122300,13,251,17.585544568542364,94.60963587215774,5.390364127842264,5.790709255175357
"Seminole County, Georgia",9117,49559,1700,3646,183,708,111600,13,253,18.646484589228912,95.22068425176286,4.779315748237138,7.765712405396512
"Spalding County, Georgia",68215,60217,12519,30991,1681,5178,196600,13,255,18.35226856263285,94.85492164544564,5.145078354554358,7.5907058564831775
"Stephens County, Georgia",26842,52264,3587,11986,620,1711,168200,13,257,13.363385738767603,95.08170712359194,4.91829287640806,6.374338722896952
"Stewart County, Georgia",4978,35000,1018,1500,71,319,53000,13,259,20.449979911611088,95.48058561425843,4.519414385741566,6.408196062675773
"Sumter County, Georgia",29174,41877,6209,13316,642,2212,122300,13,261,21.282648933982312,95.40048717581315,4.599512824186847,7.582093645026393
"Talbot County, Georgia",5753,45098,1232,2444,94,371,127200,13,263,21.414913957934992,96.29629629629629,3.7037037037037033,6.44880931687815
"Taliaferro County, Georgia",1740,48036,370,723,33,66,73100,13,265,21.26436781609195,95.63492063492063,4.365079365079365,3.793103448275862
"Tattnall County, Georgia",24215,52351,4463,9213,638,1378,122400,13,267,18.43072475738179,93.5235001522688,6.476499847731194,5.690687590336569
"Taylor County, Georgia",7786,41743,2242,3267,236,626,82900,13,269,28.79527356794246,93.26291749928632,6.737082500713674,8.040071923966092
"Telfair County, Georgia",12174,44948,3026,3435,171,470,108200,13,271,24.85625102677838,95.25790349417638,4.7420965058236275,3.8606867093806474
"Terrell County, Georgia",8941,43812,2838,3474,281,415,111500,13,273,31.74141594899899,92.51664447403462,7.483355525965379,4.641538977742981
"Thomas County, Georgia",45696,60140,8069,22428,1459,4753,185300,13,275,17.658000700280112,93.8920751873404,6.107924812659606,10.401348039215687
"Tift County, Georgia",41322,53165,8266,17928,597,2707,143100,13,277,20.003872029427423,96.77732793522267,3.222672064777328,6.550989787522385
"Toombs County, Georgia",26943,54130,5252,11660,458,1945,127100,13,279,19.493003748654566,96.2204984320845,3.7795015679154975,7.218943695950711
"Towns County, Georgia",12739,58400,1529,4806,170,1741,311900,13,281,12.002511971112332,96.58360128617363,3.4163987138263665,13.666692833032421
"Treutlen County, Georgia",6387,43750,1511,2655,215,432,98400,13,283,23.657429152966962,92.50871080139372,7.491289198606271,6.763738844527947
"Troup County, Georgia",69821,54905,12589,33036,1830,5926,187800,13,285,18.030392002406153,94.75133367750817,5.248666322491826,8.487417825582561
"Turner County, Georgia",8915,39565,1869,3827,443,493,95200,13,287,20.964666292765003,89.62529274004683,10.374707259953162,5.530005608524958
"Twiggs County, Georgia",7869,55439,1160,2908,116,411,104500,13,289,14.741390265599186,96.16402116402116,3.835978835978836,5.22302706824247
"Union County, Georgia",25598,65697,2598,10072,363,3302,272600,13,291,10.149230408625675,96.52132247244849,3.4786775275515094,12.899445269161653
"Upson County, Georgia",27856,50904,5749,11766,317,1885,149500,13,293,20.638282596209077,97.37647935115452,2.6235206488454854,6.766944284893739
"Walker County, Georgia",68449,55887,9223,32363,1623,6009,173900,13,295,13.474265511548744,95.2245042076149,4.7754957923851,8.778798813715321
"Walton County, Georgia",100361,82381,12060,50439,2719,10762,300500,13,297,12.016620001793525,94.88505963354528,5.11494036645472,10.723288926973625
"Ware County, Georgia",35958,44833,7690,13944,670,2505,106500,13,299,21.38606151621336,95.4153551389079,4.584644861092103,6.966460871016185
"Warren County, Georgia",5175,46776,1112,2138,165,347,78000,13,301,21.487922705314013,92.83543204515848,7.164567954841511,6.705314009661836
"Washington County, Georgia",19893,44009,2807,8232,395,1719,115600,13,303,14.110491127532299,95.42135157065029,4.578648429349716,8.641230583622379
"Wayne County, Georgia",30519,49562,5874,12362,824,1733,149800,13,305,19.247026442543987,93.75094797512513,6.249052024874867,5.678429830597333
"Webster County, Georgia",2348,40764,620,1152,64,147,92200,13,307,26.405451448040886,94.73684210526315,5.263157894736842,6.260647359454855
"Wheeler County, Georgia",7434,45262,1406,3006,196,564,74600,13,309,18.913101963949423,93.8788257339163,6.121174266083697,7.586763518966909
"White County, Georgia",28454,69747,3261,13365,442,2669,262200,13,311,11.460603078653266,96.79872528427609,3.2012747157239083,9.380052013776622
"Whitfield County, Georgia",103118,64262,13995,50297,2733,7373,198900,13,313,13.571830330301207,94.84631340750519,5.153686592494814,7.15006109505615
"Wilcox County, Georgia",8784,48036,1620,2997,190,460,71200,13,315,18.442622950819672,94.03828051459053,5.961719485409476,5.2367941712204
"Wilkes County, Georgia",9553,52542,1603,3926,96,841,105000,13,317,16.78006908824453,97.61312779711587,2.3868722028841374,8.803517219721552
"Wilkinson County, Georgia",8795,46673,1761,3711,198,483,90800,13,319,20.022740193291643,94.93476592478895,5.065234075211052,5.491756679931779
"Worth County, Georgia",20575,57201,4096,9113,584,1139,112400,13,321,19.907654921020658,93.97751882025369,6.022481179746313,5.535844471445929
"Hawaii County, Hawaii",203684,77215,29257,94540,5842,28088,486400,15,001,14.363916655211012,94.18023151561037,5.819768484389631,13.789988413424718
"Honolulu County, Hawaii",1003666,104264,88808,485957,23328,167802,873000,15,003,8.848361905255334,95.4194606163543,4.580539383645699,16.718908481506798
"Kalawao County, Hawaii",43,86250,13,30,0,7,-666666666,15,005,30.23255813953488,100.0,0.0,16.27906976744186
"Kauai County, Hawaii",73610,93612,6414,37255,1448,11014,817900,15,007,8.713490014943622,96.25868795700592,3.7413120429940836,14.962640945523706
"Maui County, Hawaii",164632,95076,15969,85690,4760,23730,858600,15,009,9.699815345740802,94.73742399115534,5.262576008844666,14.413965693182371
"Ada County, Idaho",508052,88907,42195,269755,8378,99716,476000,16,001,8.30525221827687,96.98777203711893,3.0122279628810675,19.627124782502577
"Adams County, Idaho",4599,59286,686,1885,125,484,327300,16,003,14.916286149162861,93.78109452736318,6.218905472636816,10.524026962383125
"Bannock County, Idaho",88457,64080,10398,42517,1965,11078,267200,16,005,11.75486394519371,95.58248280203229,4.417517197967717,12.52359903682015
"Bear Lake County, Idaho",6552,67304,660,2863,75,597,234200,16,007,10.073260073260073,97.44724302246426,2.5527569775357386,9.111721611721611
"Benewah County, Idaho",9913,56553,1466,4227,166,924,255800,16,009,14.788661353777869,96.2212610972001,3.7787389027999088,9.321093513568043
"Bingham County, Idaho",48993,76842,5300,23461,1361,4483,258000,16,011,10.817871940889514,94.51696076061559,5.483039239384417,9.15028677566183
"Blaine County, Idaho",24579,84470,1821,13867,360,5927,663800,16,013,7.408763578664714,97.46960005623112,2.53039994376889,24.114081126164614
"Boise County, Idaho",8045,77349,658,3644,108,1296,424100,16,015,8.178993163455562,97.12153518123668,2.878464818763326,16.109384711000622
"Bonner County, Idaho",49456,65168,5231,21130,826,7017,433400,16,017,10.577078615334843,96.23793040626708,3.7620695937329205,14.188369459721773
"Bonneville County, Idaho",127056,76646,11922,60476,2324,17310,327000,16,019,9.383264072534946,96.29936305732484,3.700636942675159,13.623913864752549
"Boundary County, Idaho",12695,62438,2154,4996,167,1038,344100,16,021,16.967309964552975,96.76544644586481,3.234553554135193,8.17644742024419
"Butte County, Idaho",2654,43281,561,1072,47,178,195800,16,023,21.137905048982667,95.79982126899017,4.20017873100983,6.706857573474001
"Camas County, Idaho",1155,55536,77,450,0,136,248900,16,025,6.666666666666667,100.0,0.0,11.774891774891776
"Canyon County, Idaho",242405,72355,24145,118337,3980,24882,350300,16,027,9.960603122872879,96.74615956898877,3.2538404310112248,10.264639755780616
"Caribou County, Idaho",7118,66653,513,3439,99,446,220200,16,029,7.20708064062939,97.20180893159977,2.798191068400226,6.265805001404889
"Cassia County, Idaho",25165,67042,2546,12139,306,2086,257300,16,031,10.117226306377907,97.54118119726797,2.458818802732021,8.289290681502086
"Clark County, Idaho",776,52083,98,369,7,65,203000,16,033,12.628865979381443,98.13829787234043,1.8617021276595744,8.376288659793813
"Clearwater County, Idaho",8921,57961,1019,3527,122,940,240800,16,035,11.422486268355565,96.65661825157578,3.3433817484242256,10.536935321152336
"Custer County, Idaho",4411,56957,503,1909,41,787,295600,16,037,11.403309907050556,97.8974358974359,2.1025641025641026,17.841759238267965
"Elmore County, Idaho",29046,58976,3435,10880,720,2919,278300,16,039,11.826068994009502,93.79310344827586,6.206896551724138,10.049576533774013
"Franklin County, Idaho",14715,65991,1218,6702,120,1342,304000,16,041,8.277268093781855,98.2409850483729,1.759014951627089,9.119945633707102
"Fremont County, Idaho",13701,72767,1282,6251,289,1569,281800,16,043,9.35698124224509,95.58103975535168,4.418960244648318,11.451718852638495
"Gem County, Idaho",19854,66245,2013,9145,259,2417,367300,16,045,10.139014808099125,97.24585282858358,2.7541471714164185,12.173869245492092
"Gooding County, Idaho",15740,62395,2391,7573,382,1119,231800,16,047,15.190597204574333,95.19798868636077,4.802011313639221,7.109275730622618
"Idaho County, Idaho",17120,60975,1791,7043,261,2064,284600,16,049,10.461448598130842,96.42661555312158,3.5733844468784226,12.05607476635514
"Jefferson County, Idaho",32234,82952,2967,15182,376,3624,335000,16,051,9.204566606688589,97.58323691991258,2.416763080087415,11.242787119190917
"Jerome County, Idaho",24788,69338,3421,11911,447,1377,254000,16,053,13.801032757786025,96.38290985596375,3.6170901440362515,5.5551073099887045
"Kootenai County, Idaho",177736,77034,16237,85768,2804,23688,467400,16,055,9.135459332943242,96.83421397281307,3.165786027186921,13.327631993518477
"Latah County, Idaho",40315,65179,5439,21073,1293,6424,342500,16,057,13.491256356194963,94.2189036931056,5.781096306894393,15.93451568894952
"Lemhi County, Idaho",8166,52057,947,3608,121,857,282100,16,059,11.59686505020818,96.7551622418879,3.2448377581120944,10.494734264021552
"Lewis County, Idaho",3649,49643,629,1383,48,386,202400,16,061,17.23759934228556,96.64570230607966,3.3542976939203357,10.578240613866813
"Lincoln County, Idaho",5276,66038,487,2722,155,244,206700,16,063,9.230477634571645,94.612443517553,5.3875564824469935,4.624715693707354
"Madison County, Idaho",53578,58259,11836,30113,2642,5121,365000,16,065,22.09115681809698,91.93405586933294,8.065944130667074,9.558027548620702
"Minidoka County, Idaho",21922,70060,3250,10339,314,1326,235300,16,067,14.825289663351885,97.05247348164836,2.947526518351638,6.048718182647569
"Nez Perce County, Idaho",42477,71466,5382,20541,596,5372,291300,16,069,12.670386326717988,97.18029994795856,2.819700052041444,12.646844174494431
"Oneida County, Idaho",4681,72563,549,2294,35,539,228100,16,071,11.728263191625722,98.49720910261915,1.5027908973808501,11.51463362529374
"Owyhee County, Idaho",12284,59773,1620,5338,114,766,281600,16,073,13.187886681862585,97.9090242112986,2.090975788701394,6.235753826115272
"Payette County, Idaho",26190,65723,2332,11537,384,2414,310700,16,075,8.904161893852615,96.77879372535861,3.2212062746413888,9.217258495609011
"Power County, Idaho",8018,59760,646,3928,231,604,191200,16,077,8.056872037914692,94.44578023563356,5.554219764366435,7.533050636068846
"Shoshone County, Idaho",13580,49975,2015,5995,305,728,222700,16,079,14.8379970544919,95.15873015873015,4.841269841269842,5.360824742268041
"Teton County, Idaho",12101,90740,1136,7091,105,2900,595900,16,081,9.38765391289976,98.54085603112841,1.4591439688715953,23.964961573423686
"Twin Falls County, Idaho",92121,65338,9742,44712,1424,8289,292700,16,083,10.575221719260536,96.91347320964107,3.086526790358939,8.997948350538964
"Valley County, Idaho",12136,76125,1702,5270,154,2397,599500,16,085,14.02439024390244,97.16076696165192,2.8392330383480826,19.75115359261701
"Washington County, Idaho",10866,53608,1640,4127,193,962,250300,16,087,15.092950487759985,95.5324074074074,4.467592592592593,8.853303883673846
"Adams County, Illinois",65166,64962,7788,34047,1212,8163,155900,17,001,11.95101740171255,96.56257976686803,3.4374202331319665,12.52647085903692
"Alexander County, Illinois",5042,43523,1034,1937,183,259,58700,17,003,20.50773502578342,91.3679245283019,8.632075471698112,5.136850456168187
"Bond County, Illinois",16627,61603,1846,7596,330,1400,133100,17,005,11.102423768569194,95.83648750946253,4.163512490537472,8.420039694472846
"Boone County, Illinois",53316,81638,5538,27802,2170,5104,198600,17,007,10.387125815890165,92.75990924863206,7.240090751367943,9.573111261159877
"Brown County, Illinois",6320,72288,399,2288,50,552,142200,17,009,6.313291139240507,97.86142001710864,2.1385799828913603,8.734177215189872
"Bureau County, Illinois",33027,65894,4094,16831,836,3375,121900,17,011,12.395918490931662,95.26801381106017,4.731986188939832,10.218911799436825
"Calhoun County, Illinois",4406,92095,251,1928,72,415,174000,17,013,5.696777122106219,96.39999999999999,3.5999999999999996,9.418974126191557
"Carroll County, Illinois",15621,60871,1950,6984,300,1536,113500,17,015,12.483195698098713,95.88138385502472,4.118616144975288,9.832917226810062
"Cass County, Illinois",12826,64907,1387,5963,295,1306,95500,17,017,10.813971620146576,95.2860338766379,4.713966123362097,10.182441914860439
"Champaign County, Illinois",206098,63091,34513,104531,4703,25336,205100,17,019,16.745916990946057,95.69456396360107,4.305436036398923,12.293180913934147
"Christian County, Illinois",33684,59253,3562,15545,731,2799,112100,17,021,10.574753592209952,95.50872450233473,4.491275497665273,8.309583184894906
"Clark County, Illinois",15328,70625,1425,7280,290,1546,123100,17,023,9.296711899791232,96.16908850726553,3.830911492734478,10.086116910229645
"Clay County, Illinois",13173,57266,2160,5975,352,924,94300,17,025,16.397176041903894,94.43654180496286,5.563458195037143,7.014347529036666
"Clinton County, Illinois",36899,82314,2613,18693,614,4486,180500,17,027,7.081492723380037,96.81980628787487,3.180193712125136,12.15751104365972
"Coles County, Illinois",46689,56040,7950,24388,1655,5034,121900,17,029,17.02756537942556,93.64512536958107,6.354874630418922,10.781982908179657
"Cook County, Illinois",5185812,81797,680528,2781922,191304,884983,305200,17,031,13.122882202440042,93.56577670180471,6.434223298195294,17.065466314629223
"Crawford County, Illinois",18588,67614,1963,8423,337,1939,113700,17,033,10.560576716160964,96.15296803652969,3.8470319634703194,10.431461157736175
"Cumberland County, Illinois",10378,69826,1013,5525,131,922,117700,17,035,9.76103295432646,97.68387553041018,2.3161244695898158,8.8841780689921
"DeKalb County, Illinois",100512,69022,15291,55987,3977,12069,231900,17,037,15.213108882521489,93.36768727903409,6.632312720965913,12.007521489971348
"De Witt County, Illinois",15461,64802,1535,7796,377,1607,124200,17,039,9.928206454951168,95.38725070353603,4.612749296463966,10.393894314727378
"Douglas County, Illinois",19686,74186,1718,9995,311,1847,142600,17,041,8.72701412171086,96.98234038424219,3.017659615757811,9.382302143655389
"DuPage County, Illinois",927263,110502,58877,509456,24539,195975,374100,17,043,6.3495470001499035,95.4046386202118,4.5953613797882005,21.134780531521262
"Edgar County, Illinois",16637,56909,1927,7796,346,1850,95700,17,045,11.582617058363889,95.75042986981086,4.249570130189142,11.119793231952876
"Edwards County, Illinois",6118,59386,1030,2889,175,385,97500,17,047,16.835567178816607,94.28851174934726,5.711488250652741,6.292906178489703
"Effingham County, Illinois",34505,75380,3622,17499,388,4232,179800,17,049,10.497029416026663,97.83082685749427,2.1691731425057306,12.264889146500508
"Fayette County, Illinois",21380,57113,3324,9323,314,1758,114700,17,051,15.547240411599624,96.74172460309225,3.2582753969077514,8.22263797942002
"Ford County, Illinois",13396,60782,1628,6526,354,1158,118100,17,053,12.15288145715139,94.85465116279069,5.145348837209302,8.644371454165423
"Franklin County, Illinois",37541,53471,6227,17028,1102,3117,87700,17,055,16.58719799685677,93.92167677881964,6.078323221180364,8.302922138461948
"Fulton County, Illinois",33259,58617,3942,15343,1019,2928,102500,17,057,11.852430920953728,93.7721549932771,6.2278450067228945,8.803632099582067
"Gallatin County, Illinois",4857,54626,750,2309,169,345,84700,17,059,15.441630636195184,93.17998385794995,6.820016142050041,7.103150092649783
"Greene County, Illinois",11837,60976,1642,5617,234,945,94400,17,061,13.871758046802398,96.00068364382157,3.999316356178431,7.983441750443525
"Grundy County, Illinois",52920,93060,3307,28269,1272,5742,259200,17,063,6.249055177626606,95.69412003655935,4.305879963440642,10.850340136054422
"Hamilton County, Illinois",7972,61520,989,3625,195,645,108800,17,065,12.405920722528851,94.89528795811518,5.104712041884817,8.090817862518817
"Hancock County, Illinois",17434,65044,2182,8470,376,2155,108400,17,067,12.515773775381438,95.74949129550079,4.250508704499208,12.360903980727315
"Hardin County, Illinois",3623,57155,373,1266,42,207,91700,17,069,10.295335357438587,96.78899082568807,3.211009174311927,5.713497101849296
"Henderson County, Illinois",6284,65651,714,2997,258,678,101600,17,071,11.362189688096754,92.07373271889401,7.92626728110599,10.789306174411204
"Henry County, Illinois",48948,69912,3877,24604,980,5790,145300,17,073,7.920650486230285,96.16948092557848,3.8305190744215136,11.828879627359647
"Iroquois County, Illinois",26746,62439,3495,12812,614,2241,125400,17,075,13.067374560681971,95.42678385222703,4.573216147772978,8.378823001570328
"Jackson County, Illinois",52706,45572,10753,24836,1791,5798,125000,17,077,20.401851781580845,93.27374469523416,6.726255304765839,11.000645087845786
"Jasper County, Illinois",9233,71094,795,4862,180,910,122900,17,079,8.610419148705729,96.42998809996033,3.5700119000396673,9.855951478392722
"Jefferson County, Illinois",36808,61102,4975,17232,1129,2996,118400,17,081,13.516083460117365,93.85109743478024,6.148902565219759,8.13953488372093
"Jersey County, Illinois",21336,79104,2028,10467,461,2023,168800,17,083,9.50506186726659,95.78147877013177,4.218521229868228,9.481627296587925
"Jo Daviess County, Illinois",21918,74954,1746,11320,334,3167,193900,17,085,7.966055297016152,97.1340312339111,2.8659687660888964,14.44931106852815
"Johnson County, Illinois",13350,65203,1903,4694,115,1187,148200,17,087,14.254681647940076,97.60865044707839,2.3913495529216053,8.891385767790263
"Kane County, Illinois",516097,100678,42101,282224,14051,82943,303000,17,089,8.157575029500268,95.25744662897647,4.742553371023543,16.071203669077715
"Kankakee County, Illinois",106833,68325,12883,52636,2667,8936,185700,17,091,12.059007984424289,95.17747680957633,4.822523190423666,8.364456675371843
"Kendall County, Illinois",135053,110474,6533,74544,2717,20327,298900,17,093,4.837360147497649,96.48334864938326,3.516651350616741,15.051128075644376
"Knox County, Illinois",49294,53291,7220,21723,983,4527,104900,17,095,14.646812999553699,95.67074781995947,4.329252180040518,9.183673469387756
"Lake County, Illinois",711885,108917,55934,376434,19095,129372,326600,17,097,7.857167941451218,95.17228825193601,4.827711748063985,18.17315999072884
"LaSalle County, Illinois",109049,72281,14227,55327,3145,9877,154900,17,099,13.046428669680601,94.62135723081133,5.378642769188671,9.057396216379793
"Lawrence County, Illinois",15137,53438,1974,6491,514,972,95500,17,101,13.040893175662285,92.66238401142041,7.337615988579587,6.421351654885381
"Lee County, Illinois",34058,68459,3676,15829,576,3089,155100,17,103,10.79335251629573,96.48887534288326,3.5111246571167327,9.069822068236538
"Livingston County, Illinois",35659,70796,3380,17227,623,3168,131500,17,105,9.47867298578199,96.50980392156863,3.4901960784313726,8.884152668330577
"Logan County, Illinois",27870,64188,3346,12933,571,2638,125900,17,107,12.005740940078939,95.77162322274881,4.228376777251184,9.465374955148906
"McDonough County, Illinois",27102,50434,4885,14200,1222,2789,103500,17,109,18.024500036897646,92.0762547010764,7.923745298923615,10.290753449929895
"McHenry County, Illinois",311366,102836,18764,174038,8137,49937,286900,17,111,6.026348413121536,95.53341567174421,4.466584328255798,16.03803883532563
"McLean County, Illinois",170882,78329,21011,88961,2691,33000,198300,17,113,12.295619199213492,97.06389385938114,2.9361061406188624,19.31157172785899
"Macon County, Illinois",102591,62449,14562,47245,3361,11341,121800,17,115,14.194227563821388,93.35849504011382,6.64150495988618,11.0545759374604
"Macoupin County, Illinois",44566,68518,6259,20809,914,4208,126100,17,117,14.044338733563702,95.79247801868986,4.207521981310132,9.442175649598349
"Madison County, Illinois",264631,74800,29306,135115,6411,36142,167900,17,119,11.07428834868175,95.47009030142871,4.529909698571287,13.657508001708038
"Marion County, Illinois",37294,60839,5841,17698,1140,3056,100100,17,121,15.662036788759586,93.948402165835,6.051597834164986,8.194347616238536
"Marshall County, Illinois",11715,69818,1334,5343,251,1108,137800,17,123,11.38711054204012,95.51304969610297,4.486950303897032,9.45795988049509
"Mason County, Illinois",12878,62127,1778,6017,365,1155,106100,17,125,13.806491691256406,94.28078972109056,5.719210278909433,8.968783972666564
"Massac County, Illinois",13958,62584,2032,6205,210,1147,118000,17,127,14.55795959306491,96.72642244738893,3.2735775526110675,8.217509671872762
"Menard County, Illinois",12169,81334,1174,5945,229,1375,179300,17,129,9.647464869751007,96.29089731130549,3.709102688694525,11.29920289259594
"Mercer County, Illinois",15619,71710,1217,7631,233,1408,139300,17,131,7.791792048146489,97.03713123092574,2.9628687690742623,9.014661630065945
"Monroe County, Illinois",34969,101635,1583,19205,404,6033,265600,17,133,4.526866653321513,97.93972155642817,2.0602784435718293,17.252423575166574
"Montgomery County, Illinois",28078,61863,3546,12068,705,2402,102200,17,135,12.629104637082413,94.48054489939717,5.519455100602834,8.554740366122942
"Morgan County, Illinois",32621,65175,3808,15251,851,3720,128700,17,137,11.673461880383803,94.7149422431996,5.285057756800398,11.403697004996781
"Moultrie County, Illinois",14469,71676,1393,6786,176,1266,121500,17,139,9.627479438800194,97.4719908072393,2.528009192760701,8.749740825212523
"Ogle County, Illinois",51536,79244,4541,26073,1396,5553,184100,17,141,8.811316361378454,94.91790745931777,5.082092540682224,10.774992238435269
"Peoria County, Illinois",179831,64938,26991,87642,5718,25149,152600,17,143,15.00909186958867,93.87532133676093,6.124678663239075,13.984796837030322
"Perry County, Illinois",20810,59286,3098,8527,431,1235,105200,17,145,14.887073522345027,95.18865818263005,4.811341817369948,5.934646804420952
"Piatt County, Illinois",16702,87516,987,8700,290,2454,173200,17,147,5.909471919530595,96.7741935483871,3.225806451612903,14.692851155550231
"Pike County, Illinois",14625,58029,2163,6778,312,1439,100100,17,149,14.78974358974359,95.59943582510579,4.4005641748942175,9.83931623931624
"Pope County, Illinois",3757,62500,516,1401,42,315,165300,17,151,13.734362523289859,97.0893970893971,2.9106029106029108,8.384349214799041
"Pulaski County, Illinois",5074,43227,1286,1862,45,254,81000,17,153,25.344895545920377,97.64027267960147,2.3597273203985316,5.005912495072921
"Putnam County, Illinois",5600,77526,555,2825,97,665,167800,17,155,9.910714285714285,96.68035592060232,3.3196440793976727,11.875
"Randolph County, Illinois",30142,68870,3343,13390,680,2057,134100,17,157,11.09083670625705,95.16702203269367,4.832977967306325,6.824364673876983
"Richland County, Illinois",15675,60404,1823,7780,329,1364,106600,17,159,11.629984051036683,95.94277962757431,4.057220372425699,8.701754385964913
"Rock Island County, Illinois",142995,66768,21244,70242,4019,14788,144700,17,161,14.856463512710235,94.58800716392184,5.411992836078157,10.341620336375398
"St. Clair County, Illinois",254777,70178,33836,124334,7061,30694,168800,17,163,13.280633652174254,94.62612732600175,5.37387267399825,12.047398313034536
"Saline County, Illinois",23387,54945,3907,10510,619,2463,92900,17,165,16.705862231154057,94.43795489262288,5.562045107377123,10.531491854449053
"Sangamon County, Illinois",195217,74114,24702,96656,5298,28645,170300,17,167,12.653611109688192,94.80353885085431,5.196461149145693,14.673414712858
"Schuyler County, Illinois",6826,66059,1293,3023,187,668,106200,17,169,18.942279519484327,94.17445482866043,5.825545171339564,9.786111924992676
"Scott County, Illinois",4847,73013,507,2318,61,607,101700,17,171,10.460078399009696,97.43589743589743,2.564102564102564,12.523210233133897
"Shelby County, Illinois",20867,68457,2053,10377,315,1984,130400,17,173,9.838500982412421,97.05387205387206,2.9461279461279464,9.507835338093642
"Stark County, Illinois",5324,62284,624,2486,77,563,103500,17,175,11.720510894064613,96.99570815450643,3.004291845493562,10.574755822689708
"Stephenson County, Illinois",44042,61943,5683,21333,1007,4425,127500,17,177,12.90359202579356,95.49239033124441,4.507609668755595,10.047227646337586
"Tazewell County, Illinois",130555,76704,11135,65180,2523,17957,164500,17,179,8.528972463712611,96.27342953783436,3.7265704621656357,13.7543564015166
"Union County, Illinois",16972,56420,3204,7087,368,1721,131700,17,181,18.878152250765968,95.06371562709592,4.936284372904091,10.140230968654254
"Vermilion County, Illinois",73179,54537,12065,32126,2040,4839,92900,17,183,16.486970305688793,94.02915178832758,5.970848211672423,6.612552781535687
"Wabash County, Illinois",11199,53650,1541,5148,229,963,103900,17,185,13.760157156889008,95.74111958341082,4.258880416589176,8.598982051968926
"Warren County, Illinois",16576,64650,1996,8250,427,1541,101300,17,187,12.041505791505791,95.07894433559986,4.921055664400138,9.29657335907336
"Washington County, Illinois",13682,75652,1050,7151,296,1611,149800,17,189,7.674316620377137,96.0252450651269,3.974754934873103,11.774594357550065
"Wayne County, Illinois",15994,53107,2202,7259,243,1245,109400,17,191,13.76766287357759,96.76086376966143,3.239136230338576,7.784169063398775
"White County, Illinois",13708,53097,2175,5951,238,958,100100,17,193,15.866647213306099,96.15446760381322,3.845532396186783,6.988619784067699
"Whiteside County, Illinois",55192,64536,6509,27660,1270,4836,125800,17,195,11.793375851572693,95.61009332872452,4.389906671275493,8.762139440498624
"Will County, Illinois",698450,107799,47993,378209,18332,106194,298000,17,197,6.871358007015535,95.37702280470367,4.6229771952963254,15.204237955472832
"Williamson County, Illinois",66902,65521,9213,31417,1361,7926,145600,17,199,13.770888762667783,95.84782476051011,4.152175239489901,11.847179456518491
"Winnebago County, Illinois",283289,64363,44717,138684,10044,30185,155100,17,201,15.784940467155447,93.24673228981766,6.753267710182347,10.655196636650205
"Woodford County, Illinois",38348,85629,2834,19093,576,6131,193800,17,203,7.390215917388129,97.07153388581015,2.928466114189842,15.987795973714405
"Adams County, Indiana",35995,63128,4411,15849,421,2357,173100,18,001,12.254479788859564,97.41241548862938,2.587584511370621,6.548131684956244
"Allen County, Indiana",388791,68839,46610,199586,9231,52988,194300,18,003,11.98844623460934,95.57938290464857,4.420617095351432,13.628916307219047
"Bartholomew County, Indiana",82881,80365,9813,42894,1578,11362,221100,18,005,11.839866796973975,96.45169994603347,3.548300053966541,13.708811428433537
"Benton County, Indiana",8708,61811,1038,4164,148,911,135400,18,007,11.920073495636196,96.56771799628943,3.4322820037105752,10.461644464859898
"Blackford County, Indiana",12007,47560,2069,5255,290,749,96700,18,009,17.231614891313402,94.77006311992785,5.229936880072137,6.238027817106688
"Boone County, Indiana",72827,104865,3689,39244,1189,14739,341800,18,011,5.065429030442006,97.0593327232706,2.940667276729404,20.23837313084433
"Brown County, Indiana",15543,72644,1321,7662,242,1829,242500,18,013,8.49900276651869,96.93825910931174,3.061740890688259,11.76735507945699
"Carroll County, Indiana",20443,64003,1698,10268,293,1458,167700,18,015,8.306021621092794,97.22564151122053,2.774358488779472,7.132025632245756
"Cass County, Indiana",37703,56525,4674,18930,640,2653,118700,18,017,12.396891494045567,96.72968829841594,3.2703117015840575,7.036575338832455
"Clark County, Indiana",122800,72298,11232,65380,2458,14990,212400,18,019,9.146579804560261,96.3766620478198,3.6233379521801936,12.206840390879478
"Clay County, Indiana",26431,67676,2744,12321,482,2168,128900,18,021,10.38174870417313,96.23525736155588,3.7647426384441145,8.202489500964775
"Clinton County, Indiana",32967,63690,2744,16299,513,2375,157300,18,023,8.323474990141657,96.94860813704497,3.051391862955032,7.204173870840537
"Crawford County, Indiana",10494,48993,2483,4430,113,533,115400,18,025,23.661139698875548,97.51265683469073,2.4873431653092672,5.0790928149418715
"Daviess County, Indiana",33442,68561,3419,15256,257,2246,187500,18,027,10.223670833084146,98.343324953265,1.6566750467349967,6.716105496082771
"Dearborn County, Indiana",50828,82693,4075,26129,599,6181,227100,18,029,8.01723459510506,97.75890451960491,2.2410954803950913,12.160620130636657
"Decatur County, Indiana",26411,74228,2416,13773,362,2638,189900,18,031,9.147703608345008,97.43898125221082,2.5610187477891757,9.988262466396577
"DeKalb County, Indiana",43584,70080,4354,22560,929,4172,177900,18,033,9.989904552129222,96.04495721401507,3.955042785984929,9.572320117474302
"Delaware County, Indiana",112109,56932,20789,56114,3465,10543,127600,18,035,18.5435602850797,94.18419241679115,5.815807583208849,9.404240515926464
"Dubois County, Indiana",43563,71918,4055,23011,480,5247,212500,18,037,9.308358010238047,97.95666425439529,2.0433357456046997,12.044625025824669
"Elkhart County, Indiana",206868,65617,25517,101598,3492,16723,194400,18,039,12.334918885472861,96.67713388524122,3.3228661147587784,8.083898911383104
"Fayette County, Indiana",23390,56659,3830,10796,445,2021,114800,18,041,16.374519025224455,96.04127746641757,3.958722533582421,8.640444634459172
"Floyd County, Indiana",80512,78179,7877,41473,1593,10770,235100,18,043,9.783634737678854,96.30102633167697,3.698973668323039,13.376887917329094
"Fountain County, Indiana",16546,62526,2032,8189,368,988,133200,18,045,12.280913816028043,95.69942736940517,4.300572630594834,5.971231717635683
"Franklin County, Indiana",22929,79702,1942,11607,371,2055,236700,18,047,8.469623620742292,96.90265486725663,3.0973451327433628,8.962449300013084
"Fulton County, Indiana",20411,62878,2541,9469,697,1483,144700,18,049,12.449169565430406,93.1438127090301,6.856187290969899,7.265690069080398
"Gibson County, Indiana",32986,67763,3300,16237,475,3038,170500,18,051,10.004244224822651,97.15773097175682,2.842269028243179,9.209967865154914
"Grant County, Indiana",66377,54007,11499,31982,2143,5323,116000,18,053,17.32377178842069,93.72014652014651,6.27985347985348,8.019344049896802
"Greene County, Indiana",30954,59753,4057,14810,953,2199,129900,18,055,13.106545196097436,93.95419653619234,6.045803463807651,7.104089939910835
"Hamilton County, Indiana",357176,117957,15422,196366,5507,91986,379100,18,057,4.317759311935852,97.27204727724856,2.7279527227514326,25.753690057562658
"Hancock County, Indiana",82013,91326,3642,44134,1178,13102,258100,18,059,4.440759391803739,97.40024717514125,2.599752824858757,15.975516076719545
"Harrison County, Indiana",39785,72468,2956,19391,728,4182,219200,18,061,7.42993590549202,96.38152989711219,3.6184701028878177,10.511499308784717
"Hendricks County, Indiana",179379,99988,8738,96984,2402,30754,281500,18,063,4.871250257833972,97.5831606061216,2.4168393938784134,17.14470478707095
"Henry County, Indiana",48896,60144,5957,21924,896,3765,140200,18,065,12.183000654450261,96.07361963190183,3.92638036809816,7.7000163612565435
"Howard County, Indiana",83610,62496,10292,39481,2259,7730,151500,18,067,12.309532352589404,94.58792525155727,5.41207474844274,9.245305585456286
"Huntington County, Indiana",36757,62734,3564,18781,592,3839,146400,18,069,9.696112305139156,96.9442006916843,3.055799308315697,10.444269118807302
"Jackson County, Indiana",46319,70208,5067,23094,715,4329,174500,18,071,10.939355340141194,96.99693393254651,3.0030660674534837,9.346056693797362
"Jasper County, Indiana",33198,79634,2259,16425,639,2795,204400,18,073,6.804626784746069,96.25527426160338,3.7447257383966246,8.41918187842641
"Jay County, Indiana",20281,54114,2639,9230,351,1018,110100,18,075,13.012178886642669,96.33649932157394,3.6635006784260513,5.019476357181599
"Jefferson County, Indiana",33074,59987,3489,15578,636,2617,180600,18,077,10.549071778436234,96.07746392006908,3.9225360799309237,7.912559714579428
"Jennings County, Indiana",27584,68476,3339,13584,588,1683,154600,18,079,12.104843387470998,95.85097375105842,4.149026248941575,6.101363109048724
"Johnson County, Indiana",163983,87227,11600,85126,2551,23120,260400,18,081,7.073904002244136,97.09045701837427,2.90954298162574,14.099022459645209
"Knox County, Indiana",36108,58863,4593,18311,459,2749,123500,18,083,12.720172814888667,97.5546084176878,2.4453915823122006,7.613271297219453
"Kosciusko County, Indiana",80357,73922,7615,41351,1201,8657,200300,18,085,9.476461291486741,97.17757097198721,2.822429028012784,10.773174707866147
"LaGrange County, Indiana",40596,83741,2310,18928,646,1660,249500,18,087,5.6902157848063855,96.69970368856646,3.3002963114335344,4.089072815055671
"Lake County, Indiana",498990,68985,72010,242498,15386,56932,214700,18,089,14.431150924868232,94.03375160925067,5.966248390749329,11.409447083107878
"LaPorte County, Indiana",112141,70452,14691,51922,2301,11407,180700,18,091,13.100471727557272,95.75641333013665,4.243586669863342,10.172015587519285
"Lawrence County, Indiana",45077,65551,4984,22470,769,3846,164500,18,093,11.056636422122148,96.6909075261414,3.3090924738586,8.532067351420903
"Madison County, Indiana",130949,62632,16142,63789,3647,12120,147700,18,095,12.326936440904475,94.59190936591732,5.4080906340826855,9.255511687756302
"Marion County, Indiana",971822,63450,144204,514788,26290,137893,207000,18,097,14.838519811241152,95.1411811236088,4.858818876391204,14.189121053032345
"Marshall County, Indiana",46225,68041,4979,22552,640,4098,184500,18,099,10.77122769064359,97.24042773370127,2.759572266298724,8.865332612222824
"Martin County, Indiana",9854,65345,1594,4893,104,567,150400,18,101,16.176172112847574,97.91875125075045,2.0812487492495495,5.754008524457073
"Miami County, Indiana",35772,61130,5083,16202,1049,2928,118000,18,103,14.209437548920945,93.91919309025563,6.080806909744362,8.185172760818517
"Monroe County, Indiana",139822,63372,25256,74246,4101,19639,261700,18,105,18.062965770765686,94.76559408784,5.234405912160006,14.045715266553188
"Montgomery County, Indiana",38155,66571,4388,19301,735,3259,166300,18,107,11.50045865548421,96.3316031143941,3.6683968856059095,8.541475560214913
"Morgan County, Indiana",72202,79088,6064,36442,1368,7030,220100,18,109,8.39865931691643,96.3819095477387,3.618090452261306,9.736572394116507
"Newton County, Indiana",13859,68596,1843,6851,595,1007,159300,18,111,13.298217764629483,92.00913242009132,7.9908675799086755,7.266036510570749
"Noble County, Indiana",47417,70908,3950,23716,742,3788,183400,18,113,8.330345656621043,96.96622781911849,3.033772180881511,7.988696037286205
"Ohio County, Indiana",5993,67942,529,2859,35,590,193500,18,115,8.826964792257634,98.790601243953,1.2093987560469939,9.844818955448023
"Orange County, Indiana",19746,64758,2575,9902,289,1399,143900,18,117,13.040615820925758,97.16416445883624,2.835835541163772,7.084979236301023
"Owen County, Indiana",21434,59586,2504,10368,474,1855,162400,18,119,11.682373798637679,95.62811289429995,4.371887105700056,8.654474199869366
"Parke County, Indiana",16346,66776,2623,6840,356,904,139300,18,121,16.04673926342836,95.05280711506391,4.947192884936076,5.530404992046984
"Perry County, Indiana",19218,61099,2285,8823,447,1627,146000,18,123,11.889894890207097,95.1779935275081,4.82200647249191,8.46602143823499
"Pike County, Indiana",12187,66250,1466,5751,177,954,128400,18,125,12.029211454828916,97.01417004048582,2.98582995951417,7.828013456962337
"Porter County, Indiana",174150,85828,15723,88113,3908,23044,261900,18,127,9.028423772609818,95.75314330424577,4.24685669575423,13.232271030720643
"Posey County, Indiana",25163,79124,2444,12442,280,2921,218000,18,129,9.712673369630012,97.79908819368023,2.2009118063197612,11.608313794062711
"Pulaski County, Indiana",12441,59956,1442,6047,170,805,134600,18,131,11.59070814243228,97.26556216824835,2.7344378317516487,6.470540953299573
"Putnam County, Indiana",37091,76182,2616,17525,366,3470,205800,18,133,7.052923889892426,97.9542786876083,2.0457213123917053,9.355369227036208
"Randolph County, Indiana",24425,61121,3594,11573,627,1475,106000,18,135,14.714431934493346,94.86065573770492,5.139344262295082,6.038894575230297
"Ripley County, Indiana",29039,71084,2733,15151,481,2306,205300,18,137,9.411481111608525,96.92297850562947,3.077021494370522,7.941044801818245
"Rush County, Indiana",16734,64393,2135,8099,459,1278,155900,18,139,12.758455838412813,94.63659733582612,5.363402664173873,7.637145930441018
"St. Joseph County, Indiana",272574,64885,38013,136381,6870,35053,179800,18,141,13.945937616940721,95.20422196005612,4.795778039943874,12.859993983285273
"Scott County, Indiana",24468,54583,3467,11493,387,1256,145400,18,143,14.16952754618277,96.74242424242424,3.257575757575758,5.133235246035638
"Shelby County, Indiana",45104,71301,5091,22992,931,4241,188300,18,145,11.287247250798154,96.10834761526564,3.8916523847343556,9.402713728272436
"Spencer County, Indiana",19871,70890,1294,10119,345,1902,180200,18,147,6.512002415580493,96.70298165137615,3.297018348623853,9.571737708218006
"Starke County, Indiana",23300,62933,3426,10071,340,1420,148400,18,149,14.703862660944205,96.73422341753914,3.265776582460859,6.094420600858369
"Steuben County, Indiana",34648,71483,2912,17872,1267,3794,204300,18,151,8.404525513738166,93.3800094048801,6.619990595119912,10.950126991456937
"Sullivan County, Indiana",20766,54985,2498,9301,473,1581,122200,18,153,12.0292786285274,95.16063024350318,4.839369756496828,7.613406529904652
"Switzerland County, Indiana",9914,65148,1083,4730,193,494,183200,18,155,10.923945935041356,96.07962624416007,3.920373755839935,4.98285253177325
"Tippecanoe County, Indiana",187399,58622,32500,95864,2799,23513,217600,18,157,17.342675254403705,97.16307024923223,2.8369297507677653,12.547025330978286
"Tipton County, Indiana",15329,78309,1741,7720,230,1891,166000,18,159,11.357557570617784,97.10691823899371,2.8930817610062896,12.336094983364863
"Union County, Indiana",7028,79500,446,3759,191,737,162200,18,161,6.346044393853159,95.16455696202532,4.8354430379746836,10.486624928856005
"Vanderburgh County, Indiana",179908,60938,24967,93187,4105,22013,172300,18,163,13.877648575938814,95.78074250709206,4.219257492907947,12.23569824577006
"Vermillion County, Indiana",15452,59363,2012,7227,432,1367,109500,18,165,13.020968159461557,94.35957696827262,5.64042303172738,8.84675122961429
"Vigo County, Indiana",106201,52525,19750,50733,3090,10536,140400,18,167,18.596811706104464,94.25895992419598,5.741040075804024,9.92081053850717
"Wabash County, Indiana",30901,68414,3136,15130,540,3083,143600,18,169,10.14853888223682,96.55392469687301,3.446075303126994,9.977023397301059
"Warren County, Indiana",8469,74635,1061,4409,204,759,160000,18,171,12.528043452591806,95.57771515282896,4.4222848471710385,8.96209705986539
"Warrick County, Indiana",64650,95027,4053,33307,952,9823,228900,18,173,6.269141531322505,97.22116816019148,2.7788318398085177,15.194122196442382
"Washington County, Indiana",28167,61358,3724,13693,494,1947,162400,18,175,13.221145311889801,96.51793895820117,3.48206104179883,6.912344232612631
"Wayne County, Indiana",66377,56652,10795,31810,1696,5559,126100,18,177,16.26316344516926,94.93822002029488,5.061779979705127,8.374888892236768
"Wells County, Indiana",28261,69741,1996,14725,306,2576,180000,18,179,7.06273663352323,97.9642073049032,2.0357926950968,9.115034853685291
"White County, Indiana",24709,66143,2422,11781,560,2204,163000,18,181,9.802096402120684,95.4622802041974,4.537719795802609,8.919826783763002
"Whitley County, Indiana",34388,75790,3627,18007,803,3821,205200,18,183,10.547283936256834,95.73099415204679,4.269005847953217,11.111434221239968
"Adair County, Iowa",7471,66176,753,3835,162,784,140600,19,001,10.078972025163967,95.94696022016512,4.053039779834877,10.493909784500067
"Adams County, Iowa",3641,68828,339,1804,53,524,116900,19,003,9.310628948091184,97.14593430263866,2.854065697361335,14.391650645427081
"Allamakee County, Iowa",14038,66000,1657,7056,252,1345,171900,19,005,11.803675737284514,96.55172413793103,3.4482758620689653,9.581136914090326
"Appanoose County, Iowa",12242,51146,2468,5406,375,1338,119800,19,007,20.160104558078746,93.51323300467047,6.4867669953295275,10.929586668844959
"Audubon County, Iowa",5622,54152,649,2800,52,653,110400,19,009,11.543934542867307,98.17671809256662,1.8232819074333801,11.615083600142299
"Benton County, Iowa",25698,84742,1979,13604,319,3045,198400,19,011,7.70098840376683,97.70882712059182,2.2911728794081734,11.849171141723092
"Black Hawk County, Iowa",130693,64581,18505,69901,3383,16070,182400,19,013,14.159136296511674,95.38371267943889,4.616287320561105,12.295991369086332
"Boone County, Iowa",26669,79741,1757,14303,191,3759,191200,19,015,6.588173534815704,98.68221332965365,1.3177866703463503,14.09501668603997
"Bremer County, Iowa",25118,83343,1767,13157,471,3996,207200,19,017,7.034795763993948,96.54388024655121,3.4561197534487818,15.908909945059321
"Buchanan County, Iowa",20645,78430,1439,11029,300,2202,171400,19,019,6.970210704771131,97.35192867861241,2.6480713213875893,10.66602082828772
"Buena Vista County, Iowa",20684,66564,1624,10809,541,1975,146900,19,021,7.851479404370528,95.23348017621144,4.766519823788546,9.548443241152583
"Butler County, Iowa",14301,69651,1500,7261,245,1580,156500,19,023,10.488777008600797,96.73594457767119,3.2640554223288034,11.048178449059506
"Calhoun County, Iowa",9858,66875,791,4432,125,1056,114400,19,025,8.023939947250962,97.25696730305026,2.7430326969497476,10.712111990261716
"Carroll County, Iowa",20677,68528,1693,10818,224,2504,175700,19,027,8.187841563089423,97.97138199601521,2.0286180039847856,12.110073995260434
"Cass County, Iowa",13115,61657,2243,6706,76,1468,133300,19,029,17.10255432710637,98.879386611619,1.1206133883810085,11.193290125810142
"Cedar County, Iowa",18427,79080,1308,9649,283,2094,199700,19,031,7.098279698268844,97.15062424486509,2.8493757551349175,11.363759700439573
"Cerro Gordo County, Iowa",42785,65537,3918,22546,590,5018,154100,19,033,9.157414981886175,97.44986168741356,2.550138312586445,11.728409489307
"Cherokee County, Iowa",11587,64478,1717,6156,184,1194,145100,19,035,14.81833088806421,97.09779179810725,2.902208201892744,10.30465176490895
"Chickasaw County, Iowa",11868,73421,827,6325,116,1158,164400,19,037,6.968318166498147,98.19903741655023,1.800962583449775,9.757330637007078
"Clarke County, Iowa",9690,66821,1304,4589,189,687,160200,19,039,13.45717234262126,96.04437002930096,3.955629970699037,7.089783281733745
"Clay County, Iowa",16446,64082,1848,8577,340,2119,171500,19,041,11.236774899671653,96.18705842772232,3.812941572277672,12.884591998054237
"Clayton County, Iowa",17069,62326,2294,8565,221,1413,155700,19,043,13.439568808951902,97.48463464602777,2.5153653539722285,8.27816509461597
"Clinton County, Iowa",46383,65177,5962,22646,865,5035,153800,19,045,12.853847314748936,96.32087108162138,3.679128918378631,10.855270249876032
"Crawford County, Iowa",16289,65039,2635,8284,144,1522,136300,19,047,16.1765608692983,98.29140958709066,1.7085904129093499,9.343728896801522
"Dallas County, Iowa",104136,102349,6038,59108,1733,23408,333400,19,049,5.798186986248751,97.15159185417728,2.8484081458227184,22.478297610816625
"Davis County, Iowa",9127,79505,647,4176,147,714,146000,19,051,7.088857236770023,96.59958362248439,3.4004163775156147,7.822942916621015
"Decatur County, Iowa",7669,57146,1067,3622,117,675,109500,19,053,13.913156865301865,96.87082107515378,3.129178924846215,8.801669057243448
"Delaware County, Iowa",17549,76205,1368,9720,205,1677,168700,19,055,7.795315972420081,97.9345088161209,2.065491183879093,9.556100062681635
"Des Moines County, Iowa",38597,60662,5354,19261,609,4269,137000,19,057,13.87154442055082,96.93507800704579,3.064921992954202,11.060445112314428
"Dickinson County, Iowa",17844,74570,1103,9534,231,3201,251600,19,059,6.1813494732122845,97.63440860215053,2.3655913978494625,17.938802958977806
"Dubuque County, Iowa",98948,75919,8982,53585,2022,14411,226100,19,061,9.077495250030319,96.36376715161761,3.636232848382398,14.564215547560336
"Emmet County, Iowa",9316,65181,904,5070,99,747,106200,19,063,9.703735508802062,98.08473592571096,1.9152640742890308,8.018462859596394
"Fayette County, Iowa",19393,58764,2333,9516,365,1724,130800,19,065,12.030113958644872,96.30604189859326,3.6939581014067397,8.889805599958748
"Floyd County, Iowa",15502,64500,1742,7711,273,1430,133300,19,067,11.23725970842472,96.58066132264528,3.4193386773547094,9.224616178557605
"Franklin County, Iowa",9977,63648,1481,4812,181,922,118500,19,069,14.84414152550867,96.3749248948528,3.625075105147206,9.241254886238348
"Fremont County, Iowa",6570,73750,489,3104,30,810,147500,19,071,7.442922374429224,99.04275686024249,0.9572431397574984,12.32876712328767
"Greene County, Iowa",8722,59159,897,4415,143,915,140500,19,073,10.284338454482917,96.86265906099166,3.1373409390083373,10.49071313918826
"Grundy County, Iowa",12352,83617,786,6493,142,1583,180500,19,075,6.363341968911918,97.85983421250943,2.14016578749058,12.815738341968913
"Guthrie County, Iowa",10646,79981,982,5585,184,1262,163900,19,077,9.224121735863235,96.8105390882302,3.1894609117698045,11.854217546496336
"Hamilton County, Iowa",14893,71750,1171,7450,294,1685,132300,19,079,7.862754314107298,96.20351239669421,3.796487603305785,11.314040153092057
"Hancock County, Iowa",10718,70212,1272,5557,124,1309,129300,19,081,11.867885799589475,97.81728568913923,2.182714310860764,12.213099458854265
"Hardin County, Iowa",16729,64906,1381,8558,316,1887,113000,19,083,8.25512582939805,96.43903538426865,3.5609646157313497,11.279813497519278
"Harrison County, Iowa",14645,77027,1079,7618,210,1591,165300,19,085,7.367702287470126,97.31732243229433,2.6826775677056722,10.863776032775691
"Henry County, Iowa",20228,64604,2248,9722,213,2124,148600,19,087,11.11330828554479,97.85606441872169,2.143935581278309,10.500296618548546
"Howard County, Iowa",9459,67336,778,4737,78,946,133900,19,089,8.224970927159319,98.38006230529595,1.61993769470405,10.001057194206576
"Humboldt County, Iowa",9573,66994,1294,4786,148,985,146900,19,091,13.517183745952158,97.0004053506283,2.9995946493717067,10.289355478951217
"Ida County, Iowa",6944,62841,701,3603,70,764,108800,19,093,10.09504608294931,98.09420092567383,1.905799074326164,11.002304147465438
"Iowa County, Iowa",16547,72185,1502,8799,213,2027,189800,19,095,9.077174110110594,97.6364846870839,2.3635153129161117,12.249954674563366
"Jackson County, Iowa",19429,71605,1977,9825,461,1907,170000,19,097,10.175510834319832,95.51818005055415,4.481819949445849,9.81522466416182
"Jasper County, Iowa",37864,70128,2942,19063,934,3553,176800,19,099,7.7699133741812805,95.32929939490924,4.670700605090763,9.383583350940206
"Jefferson County, Iowa",15676,56824,2141,8086,428,2746,161200,19,101,13.6578208726716,94.9729856706601,5.02701432933991,17.51722378157693
"Johnson County, Iowa",154881,74721,24608,89119,3255,28199,293100,19,103,15.888327167309097,96.47628120466798,3.5237187953320195,18.206881412180962
"Jones County, Iowa",20799,73071,2038,10212,297,2158,183400,19,105,9.798548007115727,97.17385098487011,2.8261490151298885,10.375498822058752
"Keokuk County, Iowa",9964,60856,1175,4741,169,796,112200,19,107,11.79245283018868,96.5580448065173,3.441955193482688,7.988759534323566
"Kossuth County, Iowa",14610,65656,1383,7397,157,1691,135100,19,109,9.46611909650924,97.92163092401377,2.0783690759862323,11.574264202600958
"Lee County, Iowa",33175,59803,4151,15466,615,3714,123600,19,111,12.51243406179352,96.17561096946707,3.8243890305329273,11.19517709118312
"Linn County, Iowa",229463,76421,22106,124976,4605,36831,204400,19,113,9.633797169914104,96.44623826023877,3.5537617397612307,16.05095374853462
"Louisa County, Iowa",10710,80223,1042,5533,213,1040,137600,19,115,9.729225023342671,96.2930734423947,3.7069265576052906,9.710550887021476
"Lucas County, Iowa",8685,67921,1415,4243,160,605,117000,19,117,16.29245826137018,96.36611401317283,3.633885986827164,6.966033390903857
"Lyon County, Iowa",12087,72881,634,6159,145,1303,215600,19,119,5.245304873004054,97.6998730964467,2.3001269035532994,10.780177049722843
"Madison County, Iowa",16760,89542,1127,9123,244,2201,236900,19,121,6.7243436754176615,97.39511049428846,2.6048895057115407,13.132458233890215
"Mahaska County, Iowa",22045,69019,2527,11625,383,2490,140900,19,123,11.462916761170334,96.81045969353764,3.1895403064623586,11.295078249036063
"Marion County, Iowa",33551,78059,2248,17219,323,5138,211100,19,125,6.700247384578701,98.1587048227112,1.8412951772887927,15.313999582724808
"Marshall County, Iowa",39971,72785,4275,20647,834,3874,134100,19,127,10.695254059192914,96.11749918532657,3.882500814673432,9.692026719371544
"Mills County, Iowa",14563,87810,989,7165,198,2277,228700,19,129,6.791183135342993,97.3108787179139,2.689121282086106,15.635514660440844
"Mitchell County, Iowa",10548,68704,713,5616,53,1201,164100,19,131,6.759575274933637,99.0650908449462,0.9349091550538013,11.386044747819492
"Monona County, Iowa",8619,62944,943,4264,89,783,122600,19,133,10.940944425107322,97.95543303468872,2.0445669653112795,9.084580577793247
"Monroe County, Iowa",7546,72518,676,3751,110,779,135900,19,135,8.958388550225285,97.15099715099716,2.849002849002849,10.323350119268486
"Montgomery County, Iowa",10254,63190,1201,4947,127,994,109900,19,137,11.712502438072947,97.49704375246354,2.5029562475364604,9.693778037838891
"Muscatine County, Iowa",42735,69512,4858,22057,815,4632,172400,19,139,11.367731367731368,96.43669115075201,3.563308849247989,10.838890838890839
"O'Brien County, Iowa",14103,68216,1910,7095,85,1689,158900,19,141,13.54321775508757,98.81615598885793,1.1838440111420612,11.976175281854925
"Osceola County, Iowa",6114,69138,981,3161,155,470,123800,19,143,16.04514229636899,95.32569360675512,4.674306393244873,7.687275106313379
"Page County, Iowa",15168,57752,1887,6907,394,1471,120000,19,145,12.440664556962025,94.60347897548282,5.39652102451719,9.69804852320675
"Palo Alto County, Iowa",8902,68963,1002,4765,130,942,119300,19,147,11.25589755111211,97.34422880490297,2.6557711950970377,10.58189170972815
"Plymouth County, Iowa",25699,81600,1712,13776,256,3203,218600,19,149,6.661737810809759,98.17559863169897,1.8244013683010263,12.46351998132223
"Pocahontas County, Iowa",7040,63423,599,3542,195,732,93300,19,151,8.508522727272727,94.78191062349478,5.218089376505218,10.397727272727272
"Polk County, Iowa",497441,81621,49165,276461,12093,88699,248400,19,153,9.88358418385296,95.80910332208182,4.190896677918171,17.831059361813764
"Pottawattamie County, Iowa",93407,71446,9885,47338,1815,10234,183600,19,155,10.582718639930626,96.30744817203426,3.69255182796574,10.956352307642895
"Poweshiek County, Iowa",18582,64837,1886,9504,465,2017,184200,19,157,10.14960714670111,95.33554017454108,4.6644598254589225,10.854590463889787
"Ringgold County, Iowa",4664,69821,403,2373,52,612,150300,19,159,8.64065180102916,97.85567010309279,2.1443298969072164,13.121783876500858
"Sac County, Iowa",9759,70991,757,5211,176,1104,138400,19,161,7.756942309662876,96.73287544087619,3.2671245591238165,11.312634491238857
"Scott County, Iowa",174302,76363,19837,90494,3375,26844,212500,19,163,11.380821792062052,96.40456380700763,3.5954361929923615,15.400855985588233
"Shelby County, Iowa",11757,67690,984,6023,198,1319,156200,19,165,8.36948201071702,96.81723195627713,3.1827680437228745,11.218848345666412
"Sioux County, Iowa",35984,84736,2172,19468,390,4580,235600,19,167,6.036016007114273,98.03605599758284,1.9639440024171617,12.727879057358827
"Story County, Iowa",98592,69006,16046,55369,2764,16019,243600,19,169,16.27515417072379,95.24538558133935,4.754614418660657,16.24776858162934
"Tama County, Iowa",16982,67955,2544,8309,330,1601,139900,19,171,14.980567659875163,96.18011343905545,3.8198865609445534,9.42762925450477
"Taylor County, Iowa",5901,67279,600,2972,100,486,109700,19,173,10.167768174885612,96.74479166666666,3.2552083333333335,8.235892221657346
"Union County, Iowa",12038,56813,1480,5824,266,1408,117800,19,175,12.294401063299551,95.63218390804597,4.3678160919540225,11.696295065625518
"Van Buren County, Iowa",7236,60183,874,3363,140,683,118800,19,177,12.078496406854617,96.00342563516986,3.996574364830146,9.438916528468768
"Wapello County, Iowa",35265,60034,5743,17175,644,2829,112900,19,179,16.285268679994328,96.38588024019306,3.6141197598069477,8.022118247554232
"Warren County, Iowa",53484,92990,2767,28722,871,8040,252800,19,181,5.173509834716924,97.05673639036259,2.9432636096374143,15.032533094009423
"Washington County, Iowa",22539,71339,1876,12053,306,2517,199600,19,183,8.32335063667421,97.52407152682255,2.4759284731774414,11.16730999600692
"Wayne County, Iowa",6518,59118,961,2933,59,500,102300,19,185,14.743786437557532,98.02807486631015,1.9719251336898396,7.671064743786438
"Webster County, Iowa",36848,68054,3994,18298,690,3809,138500,19,187,10.83912288319583,96.36612597429955,3.6338740257004427,10.337060356057316
"Winnebago County, Iowa",10648,63719,988,5546,154,1361,132300,19,189,9.278737791134485,97.29824561403508,2.7017543859649122,12.781743050338093
"Winneshiek County, Iowa",19972,75652,1426,11271,257,2852,239000,19,191,7.13999599439215,97.77064538514921,2.229354614850798,14.2799919887843
"Woodbury County, Iowa",105760,70147,13739,55023,2355,10508,172000,19,193,12.99073373676248,95.89563944368922,4.104360556310781,9.9357034795764
"Worth County, Iowa",7380,76875,532,4133,132,791,142300,19,195,7.208672086720867,96.905041031653,3.0949589683470107,10.718157181571817
"Wright County, Iowa",12817,64033,1867,5909,101,1563,109800,19,197,14.566591246001403,98.31946755407654,1.680532445923461,12.194741359132403
"Allen County, Kansas",12491,57618,1578,6022,415,1222,100400,20,001,12.633095828996876,93.55289731241263,6.447102687587386,9.7830437915299
"Anderson County, Kansas",7819,64925,840,3567,146,446,147900,20,003,10.743061772605191,96.06786964718556,3.932130352814436,5.704054226883233
"Atchison County, Kansas",16211,62164,1871,8167,339,1397,147900,20,005,11.541545863919561,96.01457794498002,3.985422055019986,8.61760532971439
"Barber County, Kansas",4153,57615,716,2154,49,617,92700,20,007,17.240549000722368,97.77576032682705,2.224239673172946,14.856730074644837
"Barton County, Kansas",25275,56733,3640,12532,411,2794,117200,20,009,14.40158259149357,96.82453836050374,3.1754616394962527,11.054401582591494
"Bourbon County, Kansas",14384,67555,1649,7036,269,1564,107600,20,011,11.464126807563959,96.31759069130732,3.682409308692676,10.873192436040044
"Brown County, Kansas",9415,58886,1303,4583,246,826,111100,20,013,13.839617631439193,94.9057775937047,5.094222406295299,8.773234200743495
"Butler County, Kansas",67916,80375,5845,32910,1023,9271,199600,20,015,8.60621944755286,96.98523561135178,3.0147643886482185,13.650686141704456
"Chase County, Kansas",2579,54518,258,1208,9,417,106200,20,017,10.003877471888329,99.26047658175843,0.7395234182415776,16.169057774331137
"Chautauqua County, Kansas",3370,54592,560,1454,91,326,63300,20,019,16.61721068249258,94.11003236245955,5.889967637540453,9.67359050445104
"Cherokee County, Kansas",19236,58274,2476,9435,336,1855,99400,20,021,12.871698897899773,96.56125268652134,3.4387473134786615,9.643377001455605
"Cheyenne County, Kansas",2628,55765,451,1285,23,294,119300,20,023,17.161339421613395,98.24159021406727,1.7584097859327217,11.187214611872145
"Clark County, Kansas",1987,65515,178,969,20,319,78400,20,025,8.958228485153498,97.97775530839232,2.0222446916076846,16.054353296426775
"Clay County, Kansas",8071,63136,1018,3688,41,993,149600,20,027,12.613059100483213,98.90050951997854,1.0994904800214536,12.303308140255234
"Cloud County, Kansas",8973,57333,863,4347,183,845,96300,20,029,9.617742115234593,95.96026490066225,4.039735099337748,9.417140309818343
"Coffey County, Kansas",8304,67377,782,4070,244,849,139500,20,031,9.417148362235068,94.3439962911451,5.656003708854891,10.223988439306359
"Comanche County, Kansas",1685,49417,181,862,21,189,59900,20,033,10.741839762611276,97.62174405436014,2.378255945639864,11.216617210682493
"Cowley County, Kansas",34487,58263,4455,16023,797,3518,111600,20,035,12.917911096935079,95.26159334126041,4.738406658739596,10.2009452837301
"Crawford County, Kansas",38963,50311,7727,20368,704,4750,122400,20,037,19.831635141031235,96.65907365223994,3.340926347760061,12.191053050329801
"Decatur County, Kansas",2746,52030,345,1428,53,475,78500,20,039,12.563729060451568,96.42133693450371,3.5786630654962863,17.297887836853608
"Dickinson County, Kansas",18423,67982,1592,9216,218,2001,148500,20,041,8.641372197796233,97.68920924316302,2.3107907568369725,10.861423220973784
"Doniphan County, Kansas",7492,72833,662,3774,57,550,121200,20,043,8.836091831286707,98.5121378230227,1.4878621769772904,7.3411639081687134
"Douglas County, Kansas",119547,68756,16894,69668,3261,20500,281600,20,045,14.131680426945051,95.52852774616409,4.471472253835922,17.148067287343054
"Edwards County, Kansas",2817,53792,453,1350,63,295,70500,20,047,16.080937167199146,95.54140127388536,4.45859872611465,10.472133475328363
"Elk County, Kansas",2464,56087,410,1013,35,259,60900,20,049,16.63961038961039,96.66030534351145,3.3396946564885495,10.511363636363637
"Ellis County, Kansas",28870,59889,4873,17050,539,4306,211100,20,051,16.87911326636647,96.93558474046279,3.0644152595372107,14.91513682022861
"Ellsworth County, Kansas",6366,66792,453,2800,80,719,116300,20,053,7.115928369462771,97.22222222222221,2.7777777777777777,11.294376374489476
"Finney County, Kansas",38001,72437,4351,19694,1066,2958,191100,20,055,11.44969869213968,94.86512524084777,5.134874759152216,7.784005684060946
"Ford County, Kansas",34133,70495,4769,17542,816,2862,132700,20,057,13.971816131016904,95.5550713585358,4.4449286414642115,8.384847508276447
"Franklin County, Kansas",25994,72142,2444,13770,333,2779,187400,20,059,9.402169731476494,97.63880025526484,2.361199744735163,10.690928675848273
"Geary County, Kansas",35895,57344,6709,13381,799,3040,165000,20,061,18.690625435297395,94.36530324400564,5.634696755994359,8.469146120629615
"Gove County, Kansas",2796,63203,112,1397,49,292,119000,20,063,4.005722460658083,96.61134163208852,3.38865836791148,10.44349070100143
"Graham County, Kansas",2406,52909,267,1235,52,327,88800,20,065,11.097256857855362,95.95959595959596,4.040404040404041,13.591022443890274
"Grant County, Kansas",7284,72484,390,3662,90,694,146200,20,067,5.354200988467875,97.60127931769723,2.398720682302772,9.527732015376166
"Gray County, Kansas",5696,77885,383,2902,62,735,174700,20,069,6.724016853932584,97.90823211875843,2.0917678812415654,12.903792134831459
"Greeley County, Kansas",1296,78819,127,684,1,179,108900,20,071,9.799382716049383,99.85401459854015,0.145985401459854,13.811728395061728
"Greenwood County, Kansas",5956,58276,873,2901,80,557,82600,20,073,14.657488247145736,97.31633679973163,2.683663200268366,9.35191403626595
"Hamilton County, Kansas",2485,61929,92,1182,10,253,119700,20,075,3.7022132796780682,99.16107382550335,0.8389261744966443,10.181086519114688
"Harper County, Kansas",5446,55417,812,2354,83,571,77300,20,077,14.910025706940875,96.5941731637259,3.4058268362741075,10.484759456481822
"Harvey County, Kansas",33823,73269,2592,17387,727,4788,173300,20,079,7.663424297075955,95.98652975598985,4.013470244010158,14.156047659876418
"Haskell County, Kansas",3695,69138,387,1763,86,333,154800,20,081,10.47361299052774,95.34883720930233,4.651162790697675,9.012178619756428
"Hodgeman County, Kansas",1676,63125,99,858,24,274,92700,20,083,5.906921241050119,97.27891156462584,2.7210884353741496,16.348448687350835
"Jackson County, Kansas",13277,72703,1190,6577,116,1156,193600,20,085,8.962868117797695,98.26684595846406,1.733154041535933,8.706786171574905
"Jefferson County, Kansas",18391,77393,1147,9575,226,2015,200800,20,087,6.236746234571258,97.694112845628,2.305887154372003,10.956446087760318
"Jewell County, Kansas",2909,52344,369,1384,6,322,62100,20,089,12.684771399106223,99.568345323741,0.4316546762589928,11.069095909247164
"Johnson County, Kansas",614764,107261,32476,348571,11014,144484,366000,20,091,5.282677580339773,96.93702462561008,3.0629753743899215,23.502352122115152
"Kearny County, Kansas",3910,74135,232,1781,24,278,152500,20,093,5.9335038363171355,98.67036011080333,1.3296398891966759,7.10997442455243
"Kingman County, Kansas",7284,59819,670,3738,139,862,107400,20,095,9.198242723778144,96.41475367552232,3.585246324477689,11.834157056562328
"Kiowa County, Kansas",2422,73214,125,1276,43,351,152400,20,097,5.161023947151114,96.73995451099317,3.2600454890068233,14.49215524360033
"Labette County, Kansas",19949,55439,3117,9319,264,1960,92100,20,099,15.624843350543888,97.24512156944589,2.7548784305541063,9.825053887412903
"Lane County, Kansas",1497,53042,121,753,4,184,119000,20,101,8.082832331329326,99.47159841479525,0.5284015852047557,12.291249164996659
"Leavenworth County, Kansas",82493,86906,6671,36597,1568,11965,260600,20,103,8.08674675427006,95.89152364732084,4.108476352679157,14.504260967597252
"Lincoln County, Kansas",2924,53546,341,1500,26,296,92600,20,105,11.662106703146375,98.2961992136304,1.7038007863695939,10.12311901504788
"Linn County, Kansas",9723,59200,1024,4549,170,1080,164500,20,107,10.531728890260208,96.39754185208731,3.602458147912693,11.107682813946312
"Logan County, Kansas",2720,71389,355,1453,18,387,116600,20,109,13.051470588235295,98.77634262406526,1.2236573759347382,14.227941176470587
"Lyon County, Kansas",32145,59078,4712,17518,437,3011,142200,20,111,14.658578317001089,97.56613756613757,2.433862433862434,9.366931093482657
"McPherson County, Kansas",30130,77701,2579,16294,330,4304,198400,20,113,8.559575174244939,98.01491819056785,1.9850818094321463,14.284766013939596
"Marion County, Kansas",11795,63438,1104,5872,178,1560,114400,20,115,9.359898261975413,97.05785123966942,2.9421487603305785,13.225943196269604
"Marshall County, Kansas",10001,70828,913,5087,93,907,119500,20,117,9.12908709129087,98.20463320463321,1.7953667953667953,9.06909309069093
"Meade County, Kansas",3949,74868,255,1905,22,344,122000,20,119,6.457330969865789,98.858329008822,1.1416709911779968,8.711066092681692
"Miami County, Kansas",34625,88000,2267,17890,495,4966,277700,20,121,6.547292418772563,97.30758770737013,2.6924122926298613,14.342238267148014
"Mitchell County, Kansas",5767,58233,702,2736,24,689,109600,20,123,12.172706779954916,99.1304347826087,0.8695652173913043,11.947286284029826
"Montgomery County, Kansas",31143,53242,4911,14027,543,3012,92100,20,125,15.769193719294867,96.27316403568977,3.7268359643102267,9.671515268278586
"Morris County, Kansas",5388,56716,677,2816,56,788,120900,20,127,12.564959168522643,98.05013927576601,1.9498607242339834,14.625092798812176
"Morton County, Kansas",2647,65625,381,1172,42,233,95600,20,129,14.393653192293163,96.54036243822077,3.459637561779242,8.802417831507366
"Nemaha County, Kansas",10213,77375,764,5090,45,1397,196100,20,131,7.480661901498091,99.1236611489776,0.8763388510223954,13.678644864388525
"Neosho County, Kansas",15715,55704,2340,7551,350,1583,101200,20,133,14.8902322621699,95.57018098974814,4.429819010251867,10.073178491886733
"Ness County, Kansas",2659,66107,296,1465,15,344,85400,20,135,11.132004512974802,98.98648648648648,1.0135135135135136,12.937194433997742
"Norton County, Kansas",5392,50305,375,2041,13,574,106300,20,137,6.954747774480712,99.36708860759494,0.6329113924050633,10.645400593471809
"Osage County, Kansas",15780,70216,1709,7744,196,1604,142800,20,139,10.830164765525982,97.53148614609572,2.468513853904282,10.164765525982256
"Osborne County, Kansas",3473,59408,419,1810,29,426,84700,20,141,12.06449755254823,98.42305600870039,1.5769439912996193,12.266052404261446
"Ottawa County, Kansas",5782,76755,685,2936,95,744,164100,20,143,11.847111726046352,96.86572088419663,3.134279115803365,12.867519889311657
"Pawnee County, Kansas",6220,63625,608,2870,35,622,102400,20,145,9.77491961414791,98.79518072289156,1.2048192771084338,10.0
"Phillips County, Kansas",4874,61235,661,2331,74,547,94700,20,147,13.561756257693885,96.92307692307692,3.076923076923077,11.22281493639721
"Pottawatomie County, Kansas",25808,87694,1810,12698,242,3829,223000,20,149,7.013329200247985,98.12982998454405,1.8701700154559506,14.836484810911346
"Pratt County, Kansas",9120,64348,813,4414,164,991,114500,20,151,8.914473684210526,96.41764962865881,3.582350371341197,10.866228070175438
"Rawlins County, Kansas",2533,65000,252,1372,16,247,99400,20,153,9.948677457560205,98.84726224783861,1.1527377521613833,9.751283063560996
"Reno County, Kansas",61693,60498,7252,30346,1192,5990,125000,20,155,11.754980305707292,96.22043249413406,3.77956750586594,9.709367351239202
"Republic County, Kansas",4662,53611,665,2195,23,546,76000,20,157,14.264264264264265,98.96302975653742,1.0369702434625787,11.711711711711711
"Rice County, Kansas",9389,63947,644,4598,154,974,105500,20,159,6.859090424965385,96.75925925925925,3.2407407407407405,10.373841729683672
"Riley County, Kansas",71710,59560,13499,36721,1723,9495,231200,20,161,18.824431738948544,95.51815627926334,4.481843720736656,13.240831125366057
"Rooks County, Kansas",4869,61596,247,2471,52,638,90000,20,163,5.072910248510988,97.93896155370591,2.0610384462940945,13.103306633805708
"Rush County, Kansas",2957,60288,329,1527,78,343,79300,20,165,11.126141359485965,95.14018691588785,4.859813084112149,11.59959418329388
"Russell County, Kansas",6717,53902,1004,3500,65,604,106400,20,167,14.947149024862288,98.17671809256662,1.8232819074333801,8.99210957272592
"Saline County, Kansas",53801,63316,6457,28634,1029,7103,171900,20,169,12.001635657329789,96.53103192529414,3.468968074705862,13.202356833516104
"Scott County, Kansas",5071,67788,436,2693,30,755,170100,20,171,8.597909682508382,98.89827396254131,1.1017260374586852,14.888582133701439
"Sedgwick County, Kansas",524810,67675,72477,265730,13890,69501,190700,20,173,13.81014081286561,95.0325441670839,4.967455832916101,13.24307844743812
"Seward County, Kansas",21640,62269,2762,10904,462,1211,134000,20,175,12.763401109057302,95.93524546894247,4.06475453105754,5.596118299445471
"Shawnee County, Kansas",178315,66043,21495,88336,3673,24507,170400,20,177,12.054510276757425,96.00799921746786,3.9920007825321435,13.743655889857836
"Sheridan County, Kansas",2442,70000,252,1302,8,277,152000,20,179,10.319410319410318,99.38931297709924,0.6106870229007634,11.343161343161343
"Sherman County, Kansas",5919,64444,557,3177,12,710,126300,20,181,9.410373373880724,99.62370649106302,0.37629350893697083,11.995269471194458
"Smith County, Kansas",3579,57024,275,1784,29,495,91000,20,183,7.683710533668623,98.40044125758412,1.5995587424158852,13.830678960603521
"Stafford County, Kansas",4004,63786,422,2016,52,548,96700,20,185,10.539460539460539,97.48549323017409,2.5145067698259185,13.686313686313687
"Stanton County, Kansas",2018,70361,256,952,21,216,64200,20,187,12.685827552031714,97.84172661870504,2.158273381294964,10.703666997026758
"Stevens County, Kansas",5212,61909,780,2411,108,362,124500,20,189,14.965464313123562,95.71258435887256,4.287415641127431,6.945510360706063
"Sumner County, Kansas",22386,60348,2351,10633,633,2661,118700,20,191,10.50209952648977,94.38132433871826,5.618675661281733,11.886893594210669
"Thomas County, Kansas",7913,73575,516,4242,6,1045,165900,20,193,6.520914950082143,99.85875706214689,0.14124293785310735,13.20611651712372
"Trego County, Kansas",2778,73375,149,1491,16,466,115400,20,195,5.3635709143268535,98.93828798938287,1.06171201061712,16.774658027357813
"Wabaunsee County, Kansas",6961,70536,480,3436,137,813,178200,20,197,6.8955609826174395,96.16568709767702,3.8343129023229774,11.67935641430829
"Wallace County, Kansas",1459,60263,184,720,9,187,94200,20,199,12.611377655928719,98.76543209876543,1.2345679012345678,12.816997943797121
"Washington County, Kansas",5519,62452,440,2616,40,609,106100,20,201,7.972458778764269,98.49397590361446,1.5060240963855422,11.034607718789635
"Wichita County, Kansas",2115,71282,342,957,5,202,98700,20,203,16.170212765957448,99.48024948024948,0.5197505197505198,9.55082742316785
"Wilson County, Kansas",8559,57056,1331,4032,143,944,93900,20,205,15.550882112396309,96.57485029940119,3.4251497005988023,11.029325855824279
"Woodson County, Kansas",3118,48152,379,1353,34,375,77100,20,207,12.155227710070559,97.54866618601298,2.451333813987022,12.026940346375882
"Wyandotte County, Kansas",167277,60582,28943,82734,4467,13650,152700,20,209,17.302438470321682,94.87735232394124,5.122647676058761,8.160117649168743
"Adair County, Kentucky",19016,50316,3208,8348,646,1260,134800,21,001,16.870004206983594,92.81743384478541,7.182566155214587,6.625999158603281
"Allen County, Kentucky",21029,59029,3120,9731,733,1509,176300,21,003,14.83665414427695,92.99503058103976,7.004969418960244,7.1758048409339485
"Anderson County, Kentucky",24098,71747,2981,11440,294,2898,213200,21,005,12.370321188480373,97.49446054201466,2.505539457985342,12.025894265084238
"Ballard County, Kentucky",7678,64740,1037,3476,143,712,132900,21,007,13.506121385777547,96.04863221884499,3.951367781155015,9.273248241729618
"Barren County, Kentucky",44670,49171,9207,19386,936,3411,166900,21,009,20.61114842175957,95.3941541186891,4.605845881310895,7.635997313633311
"Bath County, Kentucky",12812,54128,2974,5132,205,737,111800,21,011,23.2126131751483,96.15889076260072,3.841109237399288,5.752419606618795
"Bell County, Kentucky",23878,32403,6268,7973,838,1489,83000,21,013,26.250104698886005,90.48916127567813,9.51083872432187,6.23586565038948
"Boone County, Kentucky",137676,94752,8997,72762,2071,20422,253200,21,015,6.534908044975158,97.23250437641148,2.7674956235885237,14.833376913913826
"Bourbon County, Kentucky",20174,56322,2724,9417,413,2085,211600,21,017,13.5025280063448,95.79857578840286,4.201424211597152,10.335084762565678
"Boyd County, Kentucky",48043,60659,8154,20592,1355,3572,126300,21,019,16.97229565181192,93.82603544903631,6.173964550963685,7.435006140332619
"Boyle County, Kentucky",30708,61635,3946,13795,812,3244,200700,21,021,12.850071642568711,94.44102142808242,5.5589785719175735,10.564022404585124
"Bracken County, Kentucky",8427,59521,1675,3937,218,540,116400,21,023,19.876587160318028,94.75330926594464,5.246690734055355,6.407974368102527
"Breathitt County, Kentucky",13438,41101,3726,5038,469,805,61800,21,025,27.727340378032444,91.48356637007446,8.51643362992555,5.990474773031701
"Breckinridge County, Kentucky",20722,53673,4331,8750,456,1364,141400,21,027,20.900492230479685,95.04670866825983,4.95329133174017,6.582376218511726
"Bullitt County, Kentucky",83209,77640,7882,44194,1818,7318,233700,21,029,9.472533019264743,96.04885681996002,3.95114318003999,8.79472172481342
"Butler County, Kentucky",12373,52003,2230,5054,214,441,105500,21,031,18.023114846843935,95.93773728170083,4.0622627182991655,3.5642123979633076
"Caldwell County, Kentucky",12631,57618,1731,5637,158,945,113500,21,033,13.704378117330377,97.27351164797238,2.72648835202761,7.4815929063415405
"Calloway County, Kentucky",37882,51854,6012,18371,800,4131,181200,21,035,15.870334195660208,95.82703041051587,4.172969589484117,10.904915263185682
"Campbell County, Kentucky",93193,77271,9728,50067,1846,15916,234500,21,037,10.438552251778567,96.44405062315798,3.5559493768420243,17.07853594154067
"Carlisle County, Kentucky",4763,62019,783,2091,88,284,104700,21,039,16.439218979634685,95.96145020651676,4.038549793483249,5.962628595423053
"Carroll County, Kentucky",10878,57753,2001,4671,324,403,129800,21,041,18.39492553778268,93.51351351351352,6.486486486486487,3.7047251332965616
"Carter County, Kentucky",26515,50389,5058,10220,421,1573,126100,21,043,19.075994719969827,96.04360492434921,3.956395075650785,5.9324910428059585
"Casey County, Kentucky",15951,41689,3791,6032,539,743,135700,21,045,23.76653501347878,91.79729112768224,8.20270887231776,4.658015171462604
"Christian County, Kentucky",72599,54190,11580,25660,1991,5717,149200,21,047,15.95063292882822,92.79953708726629,7.200462912733717,7.8747641152081975
"Clark County, Kentucky",37004,67824,4696,17810,862,3625,197900,21,049,12.69051994378986,95.3834618680377,4.6165381319622965,9.796238244514106
"Clay County, Kentucky",20105,39607,5887,7088,724,1086,87300,21,051,29.281273315095746,90.73220686123912,9.267793138760881,5.401641382740611
"Clinton County, Kentucky",9240,42168,1674,4132,233,586,114000,21,053,18.116883116883116,94.66208476517754,5.337915234822451,6.341991341991342
"Crittenden County, Kentucky",8972,47003,1578,3633,122,434,115700,21,055,17.58805171645118,96.75099866844208,3.2490013315579227,4.837271511368703
"Cumberland County, Kentucky",5948,39662,1987,2161,65,403,128600,21,057,33.40618695359785,97.07996406109613,2.9200359389038635,6.775386684599866
"Daviess County, Kentucky",103195,65323,15314,49829,2215,10431,185800,21,059,14.839866272590726,95.74398585812006,4.256014141879947,10.108047870536364
"Edmonson County, Kentucky",12243,54512,2030,5140,350,514,136600,21,061,16.580903373356204,93.6247723132969,6.375227686703097,4.198317405864576
"Elliott County, Kentucky",7336,40074,1659,2040,137,198,97400,21,063,22.614503816793892,93.70693615066605,6.293063849333946,2.699018538713195
"Estill County, Kentucky",14079,43905,3064,5479,395,666,111900,21,065,21.762909297535334,93.27545114061968,6.724548859380321,4.730449605795866
"Fayette County, Kentucky",321122,67631,48466,177301,8866,55502,272100,21,067,15.092706198890141,95.2376092433138,4.762390756686201,17.28377376822516
"Fleming County, Kentucky",15221,49663,3480,6465,448,1028,115200,21,069,22.863149595952958,93.51945609720815,6.480543902791841,6.753826949609093
"Floyd County, Kentucky",35342,41582,9177,12468,888,2144,93300,21,071,25.966272423745117,93.35130278526505,6.64869721473495,6.06643653443495
"Franklin County, Kentucky",51563,66470,6683,25842,1456,6690,198700,21,073,12.960844016058026,94.66627591764964,5.333724082350355,12.97441964199135
"Fulton County, Kentucky",6440,36834,1509,2337,170,628,78100,21,075,23.43167701863354,93.2189868368568,6.781013163143198,9.751552795031056
"Gallatin County, Kentucky",8749,62247,1245,4191,146,539,169400,21,077,14.230197736884215,96.63361770809315,3.366382291906848,6.160704080466339
"Garrard County, Kentucky",17346,62572,2922,7858,480,1225,186800,21,079,16.845382220684886,94.24322379467498,5.756776205325018,7.062146892655368
"Grant County, Kentucky",25238,67940,3045,12199,578,1534,185500,21,081,12.065139868452333,95.47624638021445,4.523753619785552,6.078136143909977
"Graves County, Kentucky",36612,50576,7406,15956,638,2482,139000,21,083,20.228340434830113,96.15523683259009,3.844763167409907,6.779198077133181
"Grayson County, Kentucky",26586,49893,5027,11587,587,1371,160100,21,085,18.908448055367487,95.1782487267948,4.821751273205192,5.156849469645678
"Green County, Kentucky",11278,41087,2384,4775,404,698,118900,21,087,21.13849973399539,92.19926626761922,7.800733732380769,6.189040610037241
"Greenup County, Kentucky",35639,59613,5292,14434,832,2536,135300,21,089,14.848901484328966,94.54998034848683,5.450019651513167,7.115800106624764
"Hancock County, Kentucky",9032,66836,1409,4141,160,668,137600,21,091,15.600088573959257,96.27993489886073,3.7200651011392702,7.395925597874226
"Hardin County, Kentucky",111452,67608,12623,51142,3420,11190,205900,21,093,11.325951979327424,93.73190132326528,6.2680986767347235,10.040196676596203
"Harlan County, Kentucky",26185,37198,6930,8331,919,1137,73100,21,095,26.465533702501432,90.06486486486487,9.935135135135136,4.342180637769715
"Harrison County, Kentucky",18971,63205,3039,8751,253,1586,188900,21,097,16.019187180433292,97.19013771657042,2.8098622834295868,8.360128617363344
"Hart County, Kentucky",19470,49653,4022,8204,367,794,124600,21,099,20.657421674370827,95.71811923929529,4.281880760704702,4.0780688238315355
"Henderson County, Kentucky",44493,58239,6734,20214,608,3892,165700,21,101,15.134965050682132,97.0800115262703,2.919988473729709,8.747443418065764
"Henry County, Kentucky",15774,60736,2602,7232,280,1082,181300,21,103,16.495498922277164,96.27263045793397,3.727369542066028,6.859388867757069
"Hickman County, Kentucky",4470,63750,893,1914,77,291,92300,21,105,19.977628635346754,96.13259668508287,3.867403314917127,6.510067114093959
"Hopkins County, Kentucky",45143,57610,8405,19635,1261,2862,128800,21,107,18.618611966417827,93.96535222052067,6.034647779479326,6.339853354894447
"Jackson County, Kentucky",13003,41410,2945,4528,264,594,107000,21,109,22.648619549334768,94.49081803005008,5.509181969949917,4.568176574636622
"Jefferson County, Kentucky",777392,67849,110819,407856,19575,116188,237200,21,111,14.255227735814108,95.42031345410138,4.579686545898636,14.945870294523225
"Jessamine County, Kentucky",53792,74886,5480,26521,850,6308,245100,21,113,10.187388459250446,96.89452340067956,3.1054765993204487,11.726650803093397
"Johnson County, Kentucky",22464,43014,5116,8295,392,1439,125300,21,115,22.774216524216524,95.48751007252217,4.512489927477841,6.405804843304844
"Kenton County, Kentucky",169817,79421,20065,92721,3504,27996,227500,21,117,11.815660387358157,96.35853468433359,3.641465315666407,16.485981968825264
"Knott County, Kentucky",14046,37736,3511,4876,567,810,74600,21,119,24.99644026769187,89.58295057872496,10.417049421275031,5.766766339171294
"Knox County, Kentucky",30034,33153,10761,9656,763,1425,109200,21,121,35.82939335419857,92.67684038775315,7.323159612246857,4.744622760871013
"Larue County, Kentucky",15028,67770,2789,6876,122,787,177500,21,123,18.558690444503593,98.25664475564447,1.7433552443555302,5.236891136545116
"Laurel County, Kentucky",62731,56999,13047,27363,980,3944,143400,21,125,20.798329374631365,96.54235613731785,3.4576438626821435,6.287162646857215
"Lawrence County, Kentucky",16171,45584,3529,5645,339,940,108100,21,127,21.82301651103828,94.33489304812835,5.665106951871658,5.812874899511471
"Lee County, Kentucky",7375,34182,1876,2536,179,324,82100,21,129,25.43728813559322,93.40699815837937,6.593001841620626,4.393220338983051
"Leslie County, Kentucky",10261,40176,2701,3763,279,482,74100,21,131,26.322970470714356,93.09747649678377,6.902523503216229,4.697397914433291
"Letcher County, Kentucky",21146,40501,5539,7406,432,1040,70500,21,133,26.1940792584886,94.48838989538147,5.511610104618525,4.918187836943157
"Lewis County, Kentucky",13028,41632,2915,4665,356,575,86100,21,135,22.3748848633712,92.9097789285003,7.090221071499701,4.413570770647835
"Lincoln County, Kentucky",24415,50862,4459,10316,784,1577,139300,21,137,18.263362686872824,92.93693693693695,7.063063063063063,6.459143968871596
"Livingston County, Kentucky",8941,59713,1677,4030,188,497,116300,21,139,18.756291242590315,95.54291133238502,4.4570886676149835,5.558662342019908
"Logan County, Kentucky",27731,61535,3839,12460,604,1965,151500,21,141,13.84371281237604,95.37660747091243,4.623392529087568,7.085932710684793
"Lyon County, Kentucky",8831,64464,778,3188,113,649,183600,21,143,8.809874306420564,96.57679491063314,3.423205089366858,7.349111085947231
"McCracken County, Kentucky",67584,62385,10173,31349,958,7991,182900,21,145,15.052379261363635,97.03469836258395,2.9653016374160397,11.823804450757576
"McCreary County, Kentucky",16905,37355,5358,4974,115,630,77000,21,147,31.694764862466723,97.74022401257615,2.2597759874238554,3.7267080745341614
"McLean County, Kentucky",9127,70549,840,4080,269,673,145600,21,149,9.203462254848253,93.81467003908945,6.185329960910554,7.373726306562946
"Madison County, Kentucky",94064,62407,13938,48175,2534,11953,220700,21,151,14.817571015478823,95.00285945295707,4.997140547042931,12.70730566422861
"Magoffin County, Kentucky",11495,33632,3775,3475,430,367,88300,21,153,32.84036537625054,88.98847631241998,11.011523687580025,3.1926924749891255
"Marion County, Kentucky",19680,55404,3665,8523,469,868,158700,21,155,18.622967479674795,94.78425266903915,5.215747330960855,4.4105691056910565
"Marshall County, Kentucky",31728,63611,4148,14365,534,2887,173700,21,157,13.073625819465457,96.41586683670045,3.58413316329955,9.099218356026222
"Martin County, Kentucky",11181,46185,2862,3047,181,545,84900,21,159,25.596994902066005,94.39281288723667,5.607187112763321,4.8743403988909755
"Mason County, Kentucky",16995,51473,3073,7534,365,1362,157500,21,161,18.08178876140041,95.37916191923028,4.620838080769718,8.014121800529567
"Meade County, Kentucky",30032,70163,4091,14302,536,2471,195000,21,163,13.622136387852956,96.38765332255021,3.612346677449791,8.227890250399573
"Menifee County, Kentucky",6203,44672,1730,2386,117,327,111500,21,165,27.889730775431243,95.32560926887734,4.674390731122653,5.2716427535063675
"Mercer County, Kentucky",22824,63115,2557,10536,301,2162,189700,21,167,11.203119523308798,97.22247854572299,2.777521454277014,9.47248510339993
"Metcalfe County, Kentucky",10372,48572,2634,4458,240,510,103100,21,169,25.395295025067487,94.89144316730524,5.108556832694764,4.917084458156575
"Monroe County, Kentucky",11318,49430,2484,5158,215,454,116300,21,171,21.947340519526417,95.99851107388795,4.001488926112041,4.011309418625199
"Montgomery County, Kentucky",28271,57468,4229,12887,527,2264,163800,21,173,14.958791694669449,96.07126882361712,3.928731176382884,8.008206289130204
"Morgan County, Kentucky",13938,47493,2224,4542,179,917,106000,21,175,15.956378246520304,96.20843041728448,3.791569582715527,6.579136174487014
"Muhlenberg County, Kentucky",30712,52672,5250,12872,523,1553,121300,21,177,17.09429538942433,96.09555804404629,3.9044419559537142,5.056655379004949
"Nelson County, Kentucky",47102,67888,4512,23052,705,4613,224100,21,179,9.579211073839753,97.03245359262533,2.9675464073746682,9.793639335909303
"Nicholas County, Kentucky",7655,53616,1396,3253,233,288,119600,21,181,18.23644676681907,93.31612162937463,6.683878370625358,3.7622468974526453
"Ohio County, Kentucky",23704,54369,3023,10214,530,1246,113400,21,183,12.75312183597705,95.06701414743112,4.9329858525688755,5.2564967937900775
"Oldham County, Kentucky",68600,121491,2561,34465,1153,12008,375000,21,185,3.733236151603499,96.76287270481218,3.2371272951878263,17.504373177842567
"Owen County, Kentucky",11270,59706,1913,5351,280,1009,165000,21,187,16.97426796805679,95.02752619428165,4.972473805718345,8.952972493345165
"Owsley County, Kentucky",4021,31064,960,1388,157,201,79900,21,189,23.874658045262372,89.83818770226537,10.161812297734627,4.998756528226809
"Pendleton County, Kentucky",14683,66601,2061,7064,345,1123,160800,21,191,14.036641013416876,95.34350114725333,4.656498852746659,7.648300755976299
"Perry County, Kentucky",27847,45261,6894,10575,620,1211,90700,21,193,24.756706287930477,94.46181330951318,5.538186690486825,4.348762882895824
"Pike County, Kentucky",57466,42179,14081,20430,1258,3609,104200,21,195,24.50318449169944,94.19955735890815,5.8004426410918475,6.2802352695506904
"Powell County, Kentucky",13057,39811,2755,5274,375,924,142400,21,197,21.09979321436777,93.36165693043016,6.638343069569835,7.0766638584667225
"Pulaski County, Kentucky",65503,50943,13006,28195,1477,4530,156300,21,199,19.855579133780132,95.0222431922351,4.977756807764896,6.9157137841014915
"Robertson County, Kentucky",2239,52337,573,760,65,144,123400,21,201,25.591782045556048,92.12121212121212,7.878787878787878,6.431442608307281
"Rockcastle County, Kentucky",16144,48367,3824,6357,385,675,119300,21,203,23.68681863230922,94.28952832987244,5.710471670127559,4.181119920713578
"Rowan County, Kentucky",24525,53657,5308,11711,508,1805,155900,21,205,21.643221202854228,95.84254030608069,4.157459693919306,7.359836901121304
"Russell County, Kentucky",18117,50520,4142,7665,462,1029,148200,21,207,22.862504829717945,94.31524547803618,5.684754521963824,5.679748302699123
"Scott County, Kentucky",58269,83660,5933,30522,1207,8138,264200,21,209,10.18208652971563,96.19590910523496,3.8040908947650416,13.966259932382572
"Shelby County, Kentucky",48599,82671,4066,25110,715,6646,277500,21,211,8.36642729274265,97.23136495643756,2.7686350435624396,13.67517850161526
"Simpson County, Kentucky",19786,57392,2914,9369,370,1401,195700,21,213,14.72758516122511,96.20084197556217,3.799158024437827,7.080764176690589
"Spencer County, Kentucky",19875,98333,1450,10242,602,1912,297600,21,215,7.29559748427673,94.44854297307266,5.551457026927333,9.620125786163522
"Taylor County, Kentucky",26205,61871,4156,12929,652,2382,163700,21,217,15.859568784583095,95.19917531845962,4.800824681540387,9.089868345735546
"Todd County, Kentucky",12330,57759,2618,5313,182,770,157400,21,219,21.232765612327658,96.68789808917198,3.3121019108280256,6.244931062449311
"Trigg County, Kentucky",14211,54630,2888,5829,240,1150,192000,21,221,20.322285553444512,96.04547701433515,3.9545229856648545,8.092322848497641
"Trimble County, Kentucky",8531,67813,1107,3982,311,531,172700,21,223,12.976204430899074,92.7556487304915,7.244351269508502,6.224358222951588
"Union County, Kentucky",13379,60989,2281,5774,177,726,109000,21,225,17.049106809178564,97.02570996471181,2.974290035288187,5.426414530233949
"Warren County, Kentucky",137549,64801,22098,72555,3297,17406,242600,21,227,16.06554755032752,95.65337763012181,4.346622369878183,12.654399523079048
"Washington County, Kentucky",12091,59762,1489,5879,245,972,168300,21,229,12.31494500041353,95.99934683213586,4.000653167864141,8.039037300471424
"Wayne County, Kentucky",19592,41933,4690,7534,372,1090,121700,21,231,23.93834218048183,95.29471287629649,4.705287123703517,5.563495304205798
"Webster County, Kentucky",12873,58786,1746,5669,308,710,97600,21,233,13.563271964577023,94.8469131671407,5.153086832859294,5.515419871047929
"Whitley County, Kentucky",36755,41719,8772,14318,742,2195,120600,21,235,23.866140661134537,95.0730411686587,4.9269588313413015,5.971976601822881
"Wolfe County, Kentucky",6484,29052,2404,1784,282,136,66400,21,237,37.07587908698334,86.35043562439496,13.649564375605033,2.0974706971005554
"Woodford County, Kentucky",27017,80006,2656,14167,499,4447,270400,21,239,9.830847244327645,96.59757261693713,3.402427383062866,16.460006662471777
"Acadia Parish, Louisiana",57218,45266,13750,24504,1913,3666,146900,22,001,24.03089936733196,92.75845099746375,7.241549002536246,6.407074696773743
"Allen Parish, Louisiana",22552,51138,3849,8734,1200,1223,110800,22,003,17.06722241929762,87.92027380712703,12.079726192872961,5.423022348350479
"Ascension Parish, Louisiana",128593,92266,13182,66510,3009,15836,265300,22,005,10.250946785594861,95.67168687696889,4.328313123031114,12.314822735296634
"Assumption Parish, Louisiana",20720,52546,2861,9454,462,1322,141200,22,007,13.807915057915057,95.34086325131102,4.659136748688987,6.380308880308879
"Avoyelles Parish, Louisiana",39176,39439,9875,15201,1027,1789,120200,22,009,25.206759240351236,93.67143209267932,6.3285679073206795,4.5665713702266695
"Beauregard Parish, Louisiana",36646,64995,5040,15528,1158,2910,164500,22,011,13.753206352671507,93.06005034160374,6.9399496583962605,7.940839382197239
"Bienville Parish, Louisiana",12769,34992,4002,4662,294,880,93600,22,013,31.341530268619312,94.0677966101695,5.932203389830509,6.8916908136894035
"Bossier Parish, Louisiana",129134,66336,20762,57201,3195,14380,215100,22,015,16.077872597456906,94.7099145638784,5.290085436121598,11.13571948518593
"Caddo Parish, Louisiana",232973,50067,50837,103862,8678,23675,175900,22,017,21.820983547449703,92.28896392393816,7.711036076061845,10.162121790937146
"Calcasieu Parish, Louisiana",208668,67849,36643,97109,5373,22612,208500,22,019,17.560430923764063,94.75712808102887,5.242871918971137,10.836352483370714
"Caldwell Parish, Louisiana",9563,44957,2351,3818,377,564,106000,22,021,24.584335459583812,91.01311084624552,8.98688915375447,5.897730837603262
"Cameron Parish, Louisiana",5222,72500,327,2252,21,318,183300,22,023,6.261968594408272,99.076110866696,0.9238891333040036,6.089620834929145
"Catahoula Parish, Louisiana",8738,47753,2117,3012,191,618,88000,22,025,24.227512016479743,94.03684046206682,5.963159537933187,7.072556649118791
"Claiborne Parish, Louisiana",14019,31784,4223,4201,204,743,82400,22,027,30.123403951779725,95.3688989784336,4.631101021566402,5.299950067765176
"Concordia Parish, Louisiana",18325,37349,5926,6239,732,1322,102400,22,029,32.33833560709413,89.49935446851241,10.500645531487592,7.214188267394269
"De Soto Parish, Louisiana",26897,46077,5815,10806,664,1776,150700,22,031,21.61951146968063,94.21098517872711,5.789014821272886,6.602966873629029
"East Baton Rouge Parish, Louisiana",452821,63075,81374,231321,17535,64592,241800,22,033,17.970456317176104,92.95375638923716,7.0462436107628506,14.264356114226151
"East Carroll Parish, Louisiana",7195,28321,1941,2179,275,444,87400,22,035,26.977067407922167,88.79380603096985,11.206193969030155,6.170952050034746
"East Feliciana Parish, Louisiana",19378,72899,2248,7345,441,1636,213700,22,037,11.600784394674372,94.33598767017725,5.664012329822759,8.442563732067294
"Evangeline Parish, Louisiana",32162,42273,7022,13261,1448,1975,118500,22,039,21.83321932715627,90.1556869943572,9.844313005642803,6.140787264473603
"Franklin Parish, Louisiana",19590,44103,4765,7611,743,1416,117200,22,041,24.323634507401735,91.10605697869283,8.893943021307159,7.228177641653905
"Grant Parish, Louisiana",22123,61112,3033,8244,373,1506,135900,22,043,13.709713872440446,95.67134733666009,4.328652663339909,6.807395018758758
"Iberia Parish, Louisiana",69194,57811,15483,30195,1849,4781,156000,22,045,22.376217591120618,94.22980901260767,5.770190987392335,6.909558632251351
"Iberville Parish, Louisiana",29950,57459,4208,12818,787,2380,177100,22,047,14.050083472454089,94.21536199926499,5.784638000735024,7.946577629382304
"Jackson Parish, Louisiana",14939,43345,3426,5332,307,983,107400,22,049,22.933261931856215,94.55577230005319,5.444227699946799,6.580092375661022
"Jefferson Parish, Louisiana",432484,65246,69819,218229,12843,57636,243500,22,051,16.14371861155557,94.44199210635647,5.5580078936435395,13.32673578675743
"Jefferson Davis Parish, Louisiana",32083,56500,5586,13986,652,1995,145000,22,053,17.411089985350497,95.54583959557317,4.454160404426834,6.218246423339463
"Lafayette Parish, Louisiana",245075,67660,41954,124487,6258,40252,234200,22,055,17.11884117107008,95.21358369344908,4.78641630655092,16.424359889829642
"Lafourche Parish, Louisiana",96670,63439,16947,44226,2411,9020,190800,22,057,17.530774800868937,94.83028496687179,5.1697150331282025,9.330712734043653
"LaSalle Parish, Louisiana",14804,67077,2126,6649,508,1294,137200,22,059,14.360983517968117,92.90205393321223,7.0979460667877605,8.740880843015402
"Lincoln Parish, Louisiana",48160,38035,13415,21560,891,5189,195500,22,061,27.855066445182725,96.03135717785399,3.968642822146007,10.774501661129568
"Livingston Parish, Louisiana",145583,78617,18935,68443,2810,13790,218900,22,063,13.006326288096826,96.05630640113398,3.9436935988660125,9.472259810554803
"Madison Parish, Louisiana",9757,37267,3083,3105,159,631,90600,22,065,31.597827200983907,95.12867647058823,4.8713235294117645,6.467151788459567
"Morehouse Parish, Louisiana",24967,36981,7368,10210,1008,1397,108700,22,067,29.510954459887053,91.0144410768408,8.985558923159207,5.595385909400409
"Natchitoches Parish, Louisiana",37047,46798,8377,15728,973,3336,163000,22,069,22.61181742111372,94.174001556793,5.825998443206994,9.00477771479472
"Orleans Parish, Louisiana",376035,55339,82338,188830,14808,60434,296400,22,071,21.896366029757868,92.72827271923708,7.2717272807629225,16.0713763346497
"Ouachita Parish, Louisiana",158916,51241,36927,73153,4855,18310,183000,22,073,23.236804349467644,93.77627935596348,6.223720644036509,11.521810264542275
"Plaquemines Parish, Louisiana",23070,82874,3024,10687,481,2124,275800,22,075,13.107932379713914,95.69305157593124,4.306948424068768,9.206762028608582
"Pointe Coupee Parish, Louisiana",20438,59351,3598,9147,765,1584,174500,22,077,17.604462276152265,92.2820823244552,7.717917675544794,7.750269106566201
"Rapides Parish, Louisiana",128470,55946,23749,57609,2813,12117,179100,22,079,18.48602786642796,95.34441097613453,4.655589023865479,9.431773955008952
"Red River Parish, Louisiana",7529,44539,2121,2879,92,362,103200,22,081,28.171071855492098,96.9033995287782,3.096600471221811,4.808075441625713
"Richland Parish, Louisiana",19908,52960,4462,8333,700,1472,124500,22,083,22.413100261201528,92.25063655485442,7.749363445145577,7.394012457303596
"Sabine Parish, Louisiana",22085,52047,4930,8168,534,1528,129400,22,085,22.322843558976682,93.86347965984831,6.136520340151689,6.918723115236586
"St. Bernard Parish, Louisiana",44172,57638,9906,20031,1479,3282,192100,22,087,22.425971203477317,93.12412831241284,6.8758716875871695,7.430046183102418
"St. Charles Parish, Louisiana",51863,82172,5047,26298,1646,6937,256800,22,089,9.731407747334323,94.10964786716289,5.890352132837102,13.37562424078823
"St. Helena Parish, Louisiana",10849,50193,3218,4902,1044,711,106400,22,091,29.66171997419117,82.44197780020181,17.558022199798184,6.553599410083878
"St. James Parish, Louisiana",19797,64536,2057,9350,503,2075,197800,22,093,10.390463201495177,94.89495585100984,5.105044148990155,10.481386068596251
"St. John the Baptist Parish, Louisiana",41342,67418,5146,20131,1820,3298,184000,22,095,12.44739006337381,91.70880597694865,8.291194023051341,7.97735958589328
"St. Landry Parish, Louisiana",82128,45637,19321,32821,1834,4986,142900,22,097,23.52547243327489,94.70783436733517,5.292165632664839,6.071011104617183
"St. Martin Parish, Louisiana",51559,53394,8461,23814,1217,3870,151000,22,099,16.41032603425202,95.13802884423315,4.861971155766849,7.505964041195523
"St. Mary Parish, Louisiana",48455,51768,10553,20673,1123,2907,128000,22,101,21.77897017851615,94.84767847311433,5.152321526885667,5.999380868847385
"St. Tammany Parish, Louisiana",269331,79277,32413,132000,6352,43862,272200,22,103,12.03463396341305,95.40881230484561,4.591187695154389,16.28553712717808
"Tangipahoa Parish, Louisiana",135218,57256,25465,61655,3279,12994,204600,22,105,18.83255187918768,94.95025718421782,5.049742815782179,9.609667351979766
"Tensas Parish, Louisiana",3992,36074,1255,1382,184,216,80300,22,107,31.437875751503007,88.25031928480205,11.749680715197956,5.410821643286573
"Terrebonne Parish, Louisiana",107362,64819,17391,48599,2302,8274,189100,22,109,16.19846873195358,95.47749553053968,4.5225044694603245,7.706637357724334
"Union Parish, Louisiana",20914,45743,5806,8212,474,1764,115400,22,111,27.761308214593093,94.54294266635966,5.457057333640341,8.434541455484364
"Vermilion Parish, Louisiana",57031,57537,10823,25074,1298,4857,159700,22,113,18.97739825708825,95.07811315031094,4.921886849689064,8.51642089389981
"Vernon Parish, Louisiana",47764,58281,8409,16881,1042,4194,143500,22,115,17.605309438070513,94.18624114266585,5.813758857334152,8.780671635541411
"Washington Parish, Louisiana",45238,42776,10493,18068,1954,2632,139400,22,117,23.1951014633715,90.24073519128957,9.75926480871042,5.81811751182634
"Webster Parish, Louisiana",36189,37396,9462,13523,737,2218,105600,22,119,26.14606648429081,94.83169705469847,5.1683029453015426,6.1289342065268455
"West Baton Rouge Parish, Louisiana",27666,87320,4298,13853,912,3330,225900,22,121,15.535314103954311,93.82323061293599,6.176769387064002,12.036434612882237
"West Carroll Parish, Louisiana",9622,48514,1473,3897,150,586,97600,22,123,15.308667636665973,96.29355077835434,3.7064492216456637,6.0902099355643315
"West Feliciana Parish, Louisiana",15381,74277,1328,5892,351,1719,263200,22,125,8.634028996814251,94.37770302739068,5.622296972609322,11.17612638970158
"Winn Parish, Louisiana",13506,46368,2625,5077,216,1138,102600,22,127,19.43580630830742,95.91913848479123,4.080861515208766,8.425884791944322
"Androscoggin County, Maine",112323,67298,14060,58666,2493,12348,232000,23,001,12.517471933620005,95.92373976029694,4.0762602397030685,10.993296119227585
"Aroostook County, Maine",67227,54254,9423,30411,1629,7765,131700,23,003,14.0166897228792,94.91573033707866,5.084269662921349,11.550418730569563
"Cumberland County, Maine",305940,92983,20956,174247,5566,70012,411400,23,005,6.849709093286266,96.90456196159344,3.095438038406567,22.884225665163104
"Franklin County, Maine",30145,58522,3403,14907,792,4289,176700,23,007,11.288770940454471,94.9550926810625,5.044907318937511,14.227898490628629
"Hancock County, Maine",56084,69630,5591,29051,1079,10506,278400,23,009,9.968975108765424,96.41885164288085,3.58114835711915,18.73261536267028
"Kennebec County, Maine",125614,65062,14969,63306,2566,17349,219900,23,011,11.916665339850653,96.10456643186787,3.8954335681321353,13.81135860652475
"Knox County, Maine",40860,71903,3424,20238,787,7721,290800,23,013,8.379833578071464,96.25683709869205,3.743162901307967,18.896231032794912
"Lincoln County, Maine",35840,72026,2985,17394,607,6676,306200,23,015,8.328683035714286,96.62796511304927,3.3720348869507246,18.627232142857142
"Oxford County, Maine",58728,57933,8187,28145,1339,6574,192300,23,017,13.940539436044135,95.45855379188713,4.541446208112874,11.193979021931618
"Penobscot County, Maine",153571,63248,19846,77748,3175,20953,193800,23,019,12.923012808407838,96.07651718300112,3.923482816998875,13.6438520293545
"Piscataquis County, Maine",17125,55234,2761,7661,314,2109,153300,23,021,16.122627737226278,96.06269592476488,3.93730407523511,12.315328467153284
"Sagadahoc County, Maine",37093,82080,4086,19852,906,6784,300200,23,023,11.01555549564608,95.63541767029578,4.364582329704211,18.289165071576846
"Somerset County, Maine",50852,56199,7756,23656,920,5488,155200,23,025,15.252104145363013,96.25651041666666,3.7434895833333335,10.792102572170219
"Waldo County, Maine",40006,68441,4992,19693,876,5987,239100,23,027,12.478128280757886,95.74116388740337,4.258836112596626,14.965255211718242
"Washington County, Maine",31261,52237,5396,13682,907,3767,147100,23,029,17.26112408432232,93.78298718212352,6.217012817876482,12.050158344262819
"York County, Maine",214731,82904,16428,117639,4092,35385,357200,23,031,7.650502256311385,96.63848978485349,3.3615102151465117,16.478757142657557
"Allegany County, Maryland",67762,57393,10541,27443,1609,5640,149200,24,001,15.555916295268734,94.4616549635137,5.5383450364863,8.323249018624008
"Anne Arundel County, Maryland",590936,120324,31842,315487,12479,103249,450300,24,003,5.388400774364737,96.19503241189635,3.804967588103645,17.4721120392056
"Baltimore County, Maryland",849586,90904,83082,451026,22608,135838,330000,24,005,9.77911594588423,95.22669402956714,4.773305970432866,15.988728627825788
"Calvert County, Maryland",93791,132059,3758,49240,1446,12614,440200,24,009,4.00678103442761,97.14714122242827,2.8528587775717162,13.44905161476048
"Caroline County, Maryland",33406,66368,4064,16691,899,2323,272400,24,011,12.165479255223612,94.88914155770324,5.11085844229676,6.953840627432198
"Carroll County, Maryland",174318,115876,9065,94756,3019,29204,406400,24,013,5.200266180199406,96.91229864484787,3.0877013551521353,16.753289964318085
"Cecil County, Maryland",104366,91146,11202,51871,2385,11635,311800,24,015,10.733380602878333,95.60417281038042,4.395827189619581,11.148266676887108
"Charles County, Maryland",168710,120592,11077,90686,4693,20308,402300,24,017,6.565704463280185,95.07962968787679,4.920370312123214,12.037223638195721
"Dorchester County, Maryland",32612,60495,5225,15495,746,2521,252300,24,019,16.02170980007359,95.40668678037066,4.593313219629333,7.730283331289097
"Frederick County, Maryland",280341,120458,17361,153799,5294,47393,437700,24,021,6.192815178657421,96.67238659149051,3.327613408509488,16.90548296538858
"Garrett County, Maryland",28713,69031,3073,14229,659,2877,217000,24,023,10.702469264792951,95.5736163353036,4.4263836646964,10.019851635147843
"Harford County, Maryland",262509,111317,18271,141802,5365,41497,367300,24,025,6.960142318930018,96.35448164330319,3.6455183566968143,15.807838969330575
"Howard County, Maryland",333916,146982,16915,181188,6553,69773,576700,24,027,5.06564525209933,96.50955305447398,3.490446945526017,20.895374884701543
"Kent County, Maryland",19265,74402,1698,9846,274,2770,307100,24,029,8.813911237996367,97.29249011857708,2.707509881422925,14.378406436542953
"Montgomery County, Maryland",1057586,128733,74198,587388,28204,199428,615200,24,031,7.01578878691662,95.41839400122159,4.581605998778412,18.856906199590387
"Prince George's County, Maryland",955584,100708,95468,532203,33983,133084,404300,24,033,9.990539816489184,93.99790881441787,6.002091185582123,13.9269807782466
"Queen Anne's County, Maryland",50951,113347,3518,27854,1032,8205,441800,24,035,6.9046731173087865,96.42733504119643,3.572664958803572,16.103707483660774
"St. Mary's County, Maryland",114372,114580,8344,59233,2279,15325,390900,24,037,7.295491903612772,96.2950318637014,3.704968136298609,13.399258559787361
"Somerset County, Maryland",24685,52462,3963,9787,561,1916,164300,24,039,16.054283978124367,94.57866254348667,5.421337456513336,7.761798663155763
"Talbot County, Maryland",37707,84378,3799,17540,663,6614,398300,24,041,10.075052377542631,96.35774322913805,3.6422567708619455,17.540509719680696
"Washington County, Maryland",155033,74157,18367,74574,3636,14857,275900,24,043,11.847155121812776,95.35097813578827,4.649021864211737,9.58312101294563
"Wicomico County, Maryland",104117,72861,13995,55009,3521,11663,238900,24,045,13.441608959151724,93.9842815650094,6.015718434990603,11.201821028266277
"Worcester County, Maryland",53279,81455,4263,26736,1724,8061,348100,24,047,8.00127630023086,93.94237526352775,6.057624736472242,15.129788472005856
"Baltimore city, Maryland",577193,59623,111877,292156,19141,73130,219300,24,510,19.382944699606544,93.85120961653983,6.1487903834601685,12.669938824621921
"Barnstable County, Massachusetts",230073,94452,16909,118753,5492,46953,575900,25,001,7.349406492721876,95.57970139643447,4.420298603565536,20.40787054543558
"Berkshire County, Massachusetts",128047,72565,13481,66934,3780,19480,283800,25,003,10.528165439252774,94.65452385666204,5.345476143337953,15.213163916374455
"Bristol County, Massachusetts",578436,84198,65846,308652,17275,79826,421800,25,005,11.383454695074304,94.69973337587865,5.3002666241213525,13.80031671611034
"Dukes County, Massachusetts",20751,102348,1102,11697,789,4170,1104100,25,007,5.310587441569082,93.68092263334935,6.319077366650648,20.095417088333093
"Essex County, Massachusetts",807258,99431,74235,446375,22621,140926,584000,25,009,9.195944790884699,95.17671792509958,4.823282074900426,17.457368028560882
"Franklin County, Massachusetts",70922,72584,8508,37931,2366,11576,303400,25,011,11.996277600744481,94.1285951807827,5.871404819217312,16.32215673556865
"Hampden County, Massachusetts",462853,70535,70787,228511,13781,54356,276300,25,013,15.293624541701146,94.31223482409654,5.687765175903455,11.743685360146742
"Hampshire County, Massachusetts",156595,86391,14750,84102,4265,24534,363400,25,015,9.419202401098376,95.17353763282674,4.826462367173266,15.667166895494747
"Middlesex County, Massachusetts",1622896,126779,118146,937222,39746,330513,687200,25,017,7.279948930800248,95.931698888807,4.068301111192997,20.365630329978014
"Nantucket County, Massachusetts",14299,119750,428,8590,455,3878,1387000,25,019,2.9932163088327854,94.96959646213378,5.030403537866224,27.12077767676061
"Norfolk County, Massachusetts",724540,126497,46980,411077,20280,153763,649400,25,021,6.484114058575095,95.2985578071064,4.701442192893589,21.22215474645982
"Plymouth County, Massachusetts",531889,109698,36987,289625,14847,96359,513000,25,023,6.953894515585018,95.12368953466985,4.876310465330145,18.1163739050817
"Suffolk County, Massachusetts",782172,92859,121929,469142,29162,147849,680700,25,025,15.588515058069069,94.14774916516825,5.852250834831749,18.90236418588239
"Worcester County, Massachusetts",861664,93561,86428,468291,25023,135457,390700,25,027,10.030359861848702,94.92757148590958,5.072428514090417,15.72039681360716
"Alcona County, Michigan",10310,53568,1463,3835,191,1073,157500,26,001,14.190106692531524,95.25583705911575,4.7441629408842525,10.40737148399612
"Alger County, Michigan",8813,59406,794,3131,197,947,165700,26,003,9.009417905367071,94.08052884615384,5.919471153846153,10.74548961761035
"Allegan County, Michigan",120913,80255,11186,59322,1791,14721,247000,26,005,9.251279845839571,97.06936331058859,2.9306366894114184,12.174869534293252
"Alpena County, Michigan",28908,51909,4815,12884,914,2435,137800,26,007,16.65628891656289,93.37585157269169,6.624148427308306,8.42327383423274
"Antrim County, Michigan",23876,71421,2239,11240,457,3855,222500,26,009,9.377617691405597,96.09301530306917,3.9069846969308366,16.14592058971352
"Arenac County, Michigan",15054,56989,1996,6697,419,1193,129000,26,011,13.25893450245782,94.11186059584035,5.888139404159641,7.924804038793676
"Baraga County, Michigan",8249,55117,973,3133,201,663,124400,26,013,11.795369135652807,93.97120575884823,6.02879424115177,8.037337859134439
"Barry County, Michigan",62982,77873,5087,30622,1595,7391,243700,26,015,8.076910863421295,95.04919762858118,4.950802371418816,11.735098917150932
"Bay County, Michigan",103235,60523,14358,50453,2304,10924,135100,26,017,13.908073812176102,95.63280702086927,4.367192979130731,10.581682568896207
"Benzie County, Michigan",18177,72603,1824,8392,347,2950,254400,26,019,10.034659184683942,96.02929396956173,3.9707060304382655,16.229300764702646
"Berrien County, Michigan",153411,63152,22818,75017,4847,19480,211400,26,021,14.873770459745389,93.93093258539518,6.069067414604828,12.69791605556316
"Branch County, Michigan",44914,61958,6607,20300,1049,3708,147500,26,023,14.71033530747651,95.08642090964447,4.91357909035552,8.255777708509596
"Calhoun County, Michigan",133846,60385,18521,63247,4276,13333,151500,26,025,13.837544640855908,93.66734297942924,6.332657020570768,9.96144823154969
"Cass County, Michigan",51606,68011,6752,25008,1153,4951,205200,26,027,13.08374995155602,95.59267612094338,4.407323879056611,9.593845676859281
"Charlevoix County, Michigan",26143,76495,2239,12989,492,4034,242800,26,029,8.564434074130743,96.35041910837475,3.6495808916252503,15.43051677313239
"Cheboygan County, Michigan",25778,61619,3253,11388,797,2695,175200,26,031,12.619287764760648,93.45917111202297,6.540828887977021,10.454651253006439
"Chippewa County, Michigan",36448,60631,5077,16387,1004,3464,153100,26,033,13.92943371378402,94.22689897073198,5.7731010292680125,9.50395083406497
"Clare County, Michigan",31109,49805,6488,11898,1014,1771,117400,26,035,20.855700922562605,92.14684014869889,7.853159851301116,5.692886302999132
"Clinton County, Michigan",79419,85928,7344,41242,1534,11766,243700,26,037,9.247157481207267,96.41387694034039,3.5861230596596223,14.815094624711971
"Crawford County, Michigan",13271,58614,1930,5521,395,1211,149900,26,039,14.542988471102403,93.32319134550372,6.6768086544962815,9.125160123577727
"Delta County, Michigan",36829,54829,5066,15762,808,3905,146800,26,041,13.755464443780715,95.12371756185878,4.876282438141219,10.603057373265633
"Dickinson County, Michigan",25940,61882,2505,12348,501,3237,130300,26,043,9.656900539707017,96.10086388045762,3.899136119542377,12.478797224363916
"Eaton County, Michigan",109000,78025,8305,56474,2513,15490,206700,26,045,7.6192660550458715,95.73973926458372,4.260260735416279,14.211009174311926
"Emmet County, Michigan",34159,73724,3145,17373,617,5855,275300,26,047,9.206943997189613,96.57031684269039,3.4296831573096167,17.140431511461106
"Genesee County, Michigan",404087,60673,63645,188955,15690,41695,172900,26,049,15.75032109421981,92.33306457524006,7.66693542475995,10.318322539453137
"Gladwin County, Michigan",25543,55576,3335,10220,638,2057,153200,26,051,13.05641467329601,94.12414809357156,5.87585190642844,8.05308695141526
"Gogebic County, Michigan",14348,49672,2100,6367,437,1578,99700,26,053,14.63618622804572,93.57730746619636,6.422692533803645,10.998048508502928
"Grand Traverse County, Michigan",95757,79486,8091,50639,1828,16401,296200,26,055,8.44951282934929,96.51590523567195,3.4840947643280535,17.127729565462577
"Gratiot County, Michigan",41478,61128,5050,18026,853,3738,136800,26,057,12.175128984039732,95.48175221145188,4.5182477885481225,9.012006364819905
"Hillsdale County, Michigan",45658,60869,6830,21192,947,3838,170500,26,059,14.959043322090324,95.72248069018474,4.277519309815258,8.405974856542118
"Houghton County, Michigan",37428,56573,5326,18015,1020,4459,140300,26,061,14.22998824409533,94.6414499605989,5.358550039401103,11.913540664742973
"Huron County, Michigan",31258,56963,3757,14372,658,2739,141300,26,063,12.019323053298356,95.62208915502327,4.3779108449767135,8.762556785462921
"Ingham County, Michigan",282015,64354,43352,149977,9523,39479,187500,26,065,15.372231973476588,94.02946708463949,5.970532915360502,13.998900767689662
"Ionia County, Michigan",66706,73436,7186,32082,1575,6042,189400,26,067,10.772644139957425,95.32043854175951,4.679561458240484,9.057655982970047
"Iosco County, Michigan",25333,47777,4166,10041,732,2072,122900,26,069,16.444953223068726,93.20523531049847,6.794764689501531,8.179054987565626
"Iron County, Michigan",11650,53614,1909,4662,221,1248,101500,26,071,16.386266094420602,95.47409379479828,4.5259062052017205,10.71244635193133
"Isabella County, Michigan",64475,53759,13723,33932,2306,6201,165100,26,073,21.2842186894145,93.6365141564104,6.363485843589602,9.61768127181078
"Jackson County, Michigan",160187,65004,18352,73712,4282,17268,182900,26,075,11.456610086960865,94.50983408980179,5.490165910198221,10.779900990717099
"Kalamazoo County, Michigan",261437,70525,33669,139811,7887,40744,227500,26,077,12.878437252569451,94.66004956058985,5.339950439410147,15.584634156603695
"Kalkaska County, Michigan",18116,60365,2529,8084,346,1507,174300,26,079,13.960035327886953,95.89561091340451,4.104389086595493,8.318613380437183
"Kent County, Michigan",658844,80390,68503,358730,14918,112569,265700,26,081,10.397453721973639,96.00747227336959,3.9925277266304113,17.08583519012088
"Keweenaw County, Michigan",2106,53893,183,836,40,436,181400,26,083,8.68945868945869,95.4337899543379,4.5662100456621,20.70275403608737
"Lake County, Michigan",12393,49680,2489,4580,346,893,122900,26,085,20.083918340998952,92.9760454730004,7.023954526999594,7.205680626159928
"Lapeer County, Michigan",88703,76228,8509,43366,2210,8526,229100,26,087,9.592685703978445,95.15095664384764,4.849043356152361,9.611850782949844
"Leelanau County, Michigan",22607,91943,1595,10302,398,5219,406900,26,089,7.055336842570885,96.2803738317757,3.7196261682242993,23.085769894280535
"Lenawee County, Michigan",98823,67013,10915,46493,2511,9915,181100,26,091,11.044999645831435,94.875928495633,5.124071504366991,10.033089462979266
"Livingston County, Michigan",195143,101315,9525,102366,3754,37008,331100,26,093,4.881035958246004,96.46249528835281,3.5375047116471916,18.964554198715813
"Luce County, Michigan",6325,54338,912,2242,222,511,110400,26,095,14.418972332015812,90.99025974025975,9.009740259740258,8.079051383399209
"Mackinac County, Michigan",10865,58598,1804,4760,449,1282,165600,26,097,16.60377358490566,91.38030332117489,8.619696678825111,11.79935572940635
"Macomb County, Michigan",877624,76399,85357,458458,26522,109806,231400,26,099,9.725919072404583,94.5313208792115,5.468679120788486,12.511736233284413
"Manistee County, Michigan",25247,60879,2813,10477,652,3161,166600,26,101,11.141917851625935,94.14143229400665,5.858567705993351,12.520299441517805
"Marquette County, Michigan",66430,64675,8538,32786,1606,10842,202000,26,103,12.852626825229565,95.3303093742731,4.669690625726913,16.320939334637966
"Mason County, Michigan",29177,62296,4214,13012,605,3250,199300,26,105,14.442883092847106,95.55702430785048,4.442975692149519,11.138910785892998
"Mecosta County, Michigan",40321,57774,7296,18023,898,3917,169900,26,107,18.094789315741178,95.25395063685852,4.746049363141483,9.714540809999752
"Menominee County, Michigan",23295,55688,2780,11003,618,2196,142700,26,109,11.93389139300279,94.68204113243267,5.317958867567335,9.426915647134578
"Midland County, Michigan",83641,77538,8986,40277,1931,13148,184300,26,111,10.743534869262682,95.42503790750568,4.574962092494314,15.719563372030462
"Missaukee County, Michigan",15156,61868,1618,6954,502,1307,163700,26,113,10.675640010556876,93.26716738197425,6.732832618025751,8.62364740036949
"Monroe County, Michigan",155001,75272,16914,75331,3786,16562,215700,26,115,10.912187663305398,95.21468205316177,4.7853179468382265,10.685092354242876
"Montcalm County, Michigan",67174,64892,7720,30545,1227,4779,172100,26,117,11.4925417572275,96.13810902681607,3.8618909731839355,7.1143597225116855
"Montmorency County, Michigan",9372,47803,1659,3477,211,774,142000,26,119,17.701664532650447,94.27874186550976,5.721258134490238,8.25864276568502
"Muskegon County, Michigan",175378,63495,21347,83196,5691,18266,180900,26,121,12.171994206799027,93.59748894664011,6.402511053359884,10.415217416095519
"Newaygo County, Michigan",50414,61931,7115,22904,1014,4477,178300,26,123,14.113143174515017,95.76051509323523,4.23948490676478,8.880469710794621
"Oakland County, Michigan",1272294,95296,96989,693475,32992,258455,320400,26,125,7.623159426987787,95.45856866175613,4.541431338243857,20.3140940694525
"Oceana County, Michigan",26788,63624,3499,12141,687,2610,167600,26,127,13.06181872480215,94.644527595884,5.3554724041159965,9.743168582947588
"Ogemaw County, Michigan",20853,51983,3569,8353,610,1697,138600,26,129,17.115043399031315,93.19424299899588,6.805757001004128,8.13791780559152
"Ontonagon County, Michigan",5870,51844,731,2212,168,506,101000,26,131,12.453151618398637,92.94117647058823,7.0588235294117645,8.620102214650768
"Osceola County, Michigan",23122,57050,3602,9713,636,1785,139600,26,133,15.578237176714818,93.85447869359358,6.145521306406416,7.719920422108814
"Oscoda County, Michigan",8338,50581,1302,3071,270,647,126000,26,135,15.61525545694411,91.91858724932655,8.08141275067345,7.7596545934276815
"Otsego County, Michigan",25352,67285,2411,12797,571,3044,196500,26,137,9.51009782265699,95.72860562537403,4.271394374625973,12.00694225307668
"Ottawa County, Michigan",298614,87144,23541,160524,5809,46554,291200,26,139,7.883421406899878,96.50760823167982,3.4923917683201773,15.590025919749243
"Presque Isle County, Michigan",13142,56713,1589,5042,319,1428,135200,26,141,12.091005935169685,94.0496176086551,5.950382391344898,10.865926038654695
"Roscommon County, Michigan",23639,54106,3593,8833,428,2258,148000,26,143,15.199458521934092,95.3784688478566,4.621531152143397,9.5520115064089
"Saginaw County, Michigan",189210,58347,33133,87113,5792,19466,139400,26,145,17.511230907457325,93.76567461385285,6.234325386147139,10.288039744199565
"St. Clair County, Michigan",160089,69349,17388,79513,5088,14712,213900,26,147,10.86145831381294,93.98588669164667,6.014113308353329,9.189888124730619
"St. Joseph County, Michigan",60870,64707,7186,29140,1524,4453,167600,26,149,11.805487103663545,95.03000260892252,4.969997391077485,7.3155906029242646
"Sanilac County, Michigan",40574,59074,5593,18498,1133,3001,162200,26,151,13.784689702765318,94.22851612245937,5.771483877540624,7.396362202395624
"Schoolcraft County, Michigan",8093,57708,1179,3467,231,816,123500,26,153,14.568145310762388,93.75338020551649,6.246619794483505,10.082787594217226
"Shiawassee County, Michigan",68061,64464,7854,32897,1436,6494,164600,26,155,11.539648256710892,95.81743512072933,4.182564879270672,9.541440766371343
"Tuscola County, Michigan",53071,62847,6616,24190,1488,4036,136900,26,157,12.466318705130861,94.20515616481035,5.794843835189656,7.604906634508489
"Van Buren County, Michigan",75681,66902,10340,35097,1557,7564,189900,26,159,13.662610166356155,95.75216893108528,4.247831068914716,9.994582524015275
"Washtenaw County, Michigan",368394,87156,48323,195937,8556,63851,353000,26,161,13.117206034843129,95.8159937014959,4.184006298504105,17.332258397259455
"Wayne County, Michigan",1773767,59521,353134,830901,72093,195928,170200,26,163,19.90870277776055,92.01622602143536,7.983773978564641,11.045870173478253
"Wexford County, Michigan",33868,63123,4301,15068,857,3244,160300,26,165,12.699303177040274,94.61852433281005,5.381475667189953,9.578363056572575
"Aitkin County, Minnesota",15930,59498,1937,6607,385,1615,235100,27,001,12.159447583176398,94.49370709382151,5.50629290617849,10.138104205900817
"Anoka County, Minnesota",367095,98764,24172,202964,7966,57286,325800,27,003,6.5846715427886515,96.2233916465178,3.7766083534821977,15.60522480556804
"Becker County, Minnesota",35260,71117,3802,17092,680,4594,266900,27,005,10.782756664775949,96.17375647085302,3.8262435291469727,13.028927963698242
"Beltrami County, Minnesota",46421,67257,7084,22932,1176,5869,222300,27,007,15.26033476228431,95.1219512195122,4.878048780487805,12.642984855991902
"Benton County, Minnesota",41458,71480,3976,22916,927,4761,247100,27,009,9.590428867769791,96.11206643459296,3.8879335654070375,11.483911428433595
"Big Stone County, Minnesota",5152,65475,572,2347,70,486,135700,27,011,11.102484472049689,97.10384774513861,2.8961522548613985,9.433229813664596
"Blue Earth County, Minnesota",69386,72623,10695,39727,1664,9436,252800,27,013,15.413772230709366,95.97980237249644,4.020197627503563,13.599285158389302
"Brown County, Minnesota",25826,68690,1908,13673,351,2950,181700,27,015,7.3879036629752965,97.4971477467199,2.502852253280091,11.422597382482769
"Carlton County, Minnesota",36457,80042,3846,17636,711,4419,232000,27,017,10.549414378582988,96.12470703657273,3.8752929634272633,12.121129001289189
"Carver County, Minnesota",108622,123144,4534,61540,1910,24514,426900,27,019,4.174108375835466,96.98975571315997,3.0102442868400314,22.5681721934783
"Cass County, Minnesota",30688,64937,3861,14036,831,4084,262300,27,021,12.581465067778936,94.41043922782,5.589560772179996,13.308133472367048
"Chippewa County, Minnesota",12388,69192,1748,6204,270,1133,149000,27,023,14.11042944785276,95.8294717330862,4.170528266913809,9.145947691314175
"Chisago County, Minnesota",57434,98260,3322,31112,1211,6754,326600,27,025,5.784030365288853,96.2534418216131,3.7465581783869073,11.759584914858795
"Clay County, Minnesota",65628,77664,9003,35887,1395,10454,256000,27,027,13.718230023770342,96.25824794807146,3.7417520519285445,15.929176570975804
"Clearwater County, Minnesota",8579,64934,940,3889,286,756,177100,27,029,10.956987993938688,93.1497005988024,6.850299401197605,8.81221587597622
"Cook County, Minnesota",5633,71643,628,2985,73,1247,294000,27,031,11.148588673886028,97.61281883584041,2.3871811641595815,22.137404580152673
"Cottonwood County, Minnesota",11458,68239,1594,5637,218,1310,154000,27,033,13.911677430616162,96.27668659265585,3.7233134073441505,11.433059870832606
"Crow Wing County, Minnesota",67113,71343,6390,33012,1704,9315,274400,27,035,9.521255196459702,95.09160041479433,4.908399585205669,13.879576237092664
"Dakota County, Minnesota",442204,105212,24512,248319,8985,90169,362100,27,037,5.543142983781242,96.50802163977241,3.4919783602275904,20.390815098913624
"Dodge County, Minnesota",20962,92943,1127,11628,355,3006,267500,27,039,5.376395382120027,97.0374697488108,2.9625302511891847,14.340234710428396
"Douglas County, Minnesota",39354,77264,3213,20246,547,5627,291700,27,041,8.164354322305229,97.36930697831001,2.6306930216899915,14.298419474513391
"Faribault County, Minnesota",13909,64391,1609,7127,273,1622,120200,27,043,11.568049464375584,96.3108108108108,3.689189189189189,11.661514127543317
"Fillmore County, Minnesota",21346,75225,1858,11168,325,2351,204000,27,045,8.704206877166683,97.17219176890282,2.8278082310971895,11.013773072238358
"Freeborn County, Minnesota",30752,69012,2959,15355,579,2695,164900,27,047,9.622138397502601,96.36626082590686,3.633739174093134,8.763657648283038
"Goodhue County, Minnesota",47844,82749,4344,25034,898,6422,269400,27,049,9.0795084023075,96.53709702298319,3.462902977016813,13.422790736560488
"Grant County, Minnesota",6108,72957,645,3028,95,597,178600,27,051,10.55992141453831,96.95805315401857,3.0419468459814283,9.774066797642437
"Hennepin County, Minnesota",1268903,96339,124654,730808,31494,295747,376500,27,053,9.823761154319913,95.86856652612744,4.131433473872559,23.307297720944785
"Houston County, Minnesota",18768,77087,1213,9887,185,2764,226300,27,055,6.46312872975277,98.16322478157268,1.8367752184273234,14.727195225916454
"Hubbard County, Minnesota",21700,70622,2072,10113,463,3201,255900,27,057,9.548387096774194,95.62216338880484,4.377836611195159,14.751152073732717
"Isanti County, Minnesota",41934,86573,3238,22433,930,4103,283200,27,059,7.721657843277531,96.01934683045842,3.9806531695415828,9.784423141126531
"Itasca County, Minnesota",45141,66380,5593,20482,1184,5399,212000,27,061,12.390066679958354,94.53521646819902,5.464783531800978,11.960302164329544
"Jackson County, Minnesota",9964,69955,896,5340,128,1277,145400,27,063,8.992372541148134,97.65910753474762,2.3408924652523777,12.81613809714974
"Kanabec County, Minnesota",16261,71915,1562,7925,387,1164,221100,27,065,9.605805301026997,95.34408084696824,4.655919153031761,7.158231351085418
"Kandiyohi County, Minnesota",43757,75097,4260,23007,826,5644,230500,27,067,9.735585163516694,96.53421726177989,3.4657827382201147,12.898507667344653
"Kittson County, Minnesota",4163,69615,389,2081,92,611,134400,27,069,9.344222916166228,95.76622181316152,4.233778186838473,14.676915685803507
"Koochiching County, Minnesota",11950,69115,1247,5943,247,1331,143700,27,071,10.435146443514643,96.00969305331179,3.990306946688207,11.138075313807532
"Lac qui Parle County, Minnesota",6694,71639,520,3304,60,833,143400,27,073,7.768150582611294,98.21640903686088,1.78359096313912,12.443979683298476
"Lake County, Minnesota",10911,75621,893,5088,123,1326,222900,27,075,8.184401063147282,97.63960852043753,2.360391479562464,12.152873247181743
"Lake of the Woods County, Minnesota",3800,70091,306,2069,38,431,215000,27,077,8.052631578947368,98.19648789748457,1.8035121025154248,11.342105263157896
"Le Sueur County, Minnesota",28936,90218,2034,15953,650,3680,287700,27,079,7.029306054741498,96.08504487140878,3.9149551285912185,12.71772186895217
"Lincoln County, Minnesota",5594,67715,496,2822,77,672,152200,27,081,8.866642831605292,97.34391169368747,2.6560883063125216,12.012870933142652
"Lyon County, Minnesota",25498,72761,3076,13212,443,3341,193100,27,083,12.063691269903522,96.75576711827169,3.244232881728305,13.102988469683897
"McLeod County, Minnesota",36771,78468,2799,19990,662,3350,233400,27,085,7.611976829566778,96.79449932209955,3.2055006779004453,9.110440292621904
"Mahnomen County, Minnesota",5371,53925,1101,2219,227,335,146500,27,087,20.498975982126233,90.71954210956665,9.280457890433361,6.237199776577918
"Marshall County, Minnesota",8961,71701,655,4512,135,948,153300,27,089,7.309452070081464,97.09489993544223,2.905100064557779,10.579176431201876
"Martin County, Minnesota",19864,62969,2168,10243,449,2182,158800,27,091,10.914216673378977,95.80059857837637,4.199401421623644,10.98469593233991
"Meeker County, Minnesota",23422,75037,1915,12096,310,2239,228900,27,093,8.176073776791052,97.50120909237465,2.4987909076253425,9.559388609000086
"Mille Lacs County, Minnesota",26912,71455,2783,13893,607,2233,237500,27,095,10.341111771700357,95.81379310344828,4.186206896551725,8.297413793103448
"Morrison County, Minnesota",34131,68640,3341,17211,603,3134,237000,27,097,9.788755090680027,96.61502189289322,3.3849781071067704,9.182268319123379
"Mower County, Minnesota",40069,71495,4782,20231,758,4079,172000,27,099,11.934413137338092,96.3885844966411,3.611415503358902,10.179939604182785
"Murray County, Minnesota",8119,74475,647,4151,110,1036,179400,27,101,7.968961694789998,97.41844637409058,2.581553625909411,12.760192141889396
"Nicollet County, Minnesota",34350,80362,3061,19253,312,5237,258500,27,103,8.911208151382825,98.40531561461793,1.5946843853820596,15.24599708879185
"Nobles County, Minnesota",22067,65509,2729,10518,275,1825,179200,27,105,12.366882675488286,97.45205225609192,2.5479477439080886,8.270267820727783
"Norman County, Minnesota",6411,69833,641,3240,164,761,135700,27,107,9.998440180939012,95.18213866039953,4.81786133960047,11.870223054125722
"Olmsted County, Minnesota",163425,93494,12714,90223,3232,30188,304500,27,109,7.779715465810004,96.54165106200846,3.458348937991547,18.472081994798835
"Otter Tail County, Minnesota",60281,70912,5273,29764,1526,8019,252500,27,111,8.74736650022395,95.12304250559284,4.876957494407159,13.302699026227168
"Pennington County, Minnesota",13877,72561,1352,7615,211,1386,188900,27,113,9.74273978525618,97.3038589317659,2.6961410682340916,9.987749513583626
"Pine County, Minnesota",29411,69666,2931,13907,829,2501,225600,27,115,9.965659107136785,94.3743213897937,5.625678610206297,8.503621094148448
"Pipestone County, Minnesota",9352,66073,1043,4676,141,932,126700,27,117,11.152694610778443,97.07286692962424,2.9271330703757528,9.965782720273738
"Polk County, Minnesota",30905,69136,3467,15992,570,4248,211100,27,119,11.218249474195115,96.55838666827677,3.441613331723222,13.745348649085908
"Pope County, Minnesota",11363,72205,1094,5753,52,1386,242800,27,121,9.62773915339259,99.10422049956934,0.8957795004306632,12.197483059051308
"Ramsey County, Minnesota",544438,81004,65817,296611,13802,100769,304900,27,123,12.088979828740829,95.55366560034535,4.446334399654654,18.50881092061906
"Red Lake County, Minnesota",3922,77500,305,2051,31,392,157200,27,125,7.776644569097399,98.51104707012487,1.48895292987512,9.994900560938296
"Redwood County, Minnesota",15383,67024,1812,7380,142,1585,150400,27,127,11.779236819866085,98.11220420101037,1.8877957989896306,10.30358187609699
"Renville County, Minnesota",14587,69086,1531,7228,180,1492,151900,27,129,10.49564680880236,97.57019438444925,2.429805615550756,10.228285459655858
"Rice County, Minnesota",67389,82792,5550,35212,1624,7825,298500,27,131,8.235765481013221,95.59126941035943,4.4087305896405695,11.611687367374497
"Rock County, Minnesota",9628,70698,889,5175,133,1247,201600,27,133,9.233485666805151,97.49434815373021,2.505651846269781,12.951807228915662
"Roseau County, Minnesota",15301,73611,1654,8098,341,1701,177100,27,135,10.809750996666885,95.95923687640716,4.040763123592843,11.116920462714855
"St. Louis County, Minnesota",200056,69455,25849,102078,4560,28652,208500,27,137,12.920882152997159,95.72385078489845,4.276149215101559,14.321989842844005
"Scott County, Minnesota",152957,120247,6230,88523,2633,30298,393500,27,139,4.073040135462907,97.11154504366142,2.888454956338584,19.808181384310622
"Sherburne County, Minnesota",99178,102965,4702,55244,1807,13010,332700,27,141,4.740970779810039,96.83265849853639,3.1673415014636026,13.117828550686644
"Sibley County, Minnesota",14933,76082,1460,8025,312,1594,215000,27,143,9.77700395098105,96.25764663548038,3.7423533645196114,10.674345409495748
"Stearns County, Minnesota",159358,76447,18584,87699,3778,18445,256500,27,145,11.661792944188557,95.8700001093171,4.129999890682904,11.574567953915084
"Steele County, Minnesota",37413,83448,2746,19500,597,5199,234200,27,147,7.339694758506401,97.02940737423495,2.9705926257650397,13.896239275118274
"Stevens County, Minnesota",9686,71060,959,5110,79,1333,180800,27,149,9.900887879413586,98.47754866062826,1.5224513393717478,13.762130910592607
"Swift County, Minnesota",9787,62601,1041,4703,188,1292,147100,27,151,10.636558700316746,96.15620527499489,3.843794725005111,13.201185245734138
"Todd County, Minnesota",25402,63039,2945,11930,540,1885,188400,27,153,11.593575309030784,95.66960705693664,4.330392943063352,7.420675537359263
"Traverse County, Minnesota",3279,65931,321,1623,80,302,110100,27,155,9.789569990850868,95.30240751614797,4.697592483852025,9.210125038121378
"Wabasha County, Minnesota",21519,80133,1797,11395,256,2798,245800,27,157,8.35075979367071,97.80276371126942,2.197236288730581,13.002462939727682
"Wadena County, Minnesota",14135,56882,1570,6971,406,1248,170500,27,159,11.107180756986205,94.49640775382947,5.5035922461705304,8.829147506190308
"Waseca County, Minnesota",18958,75052,1309,9785,388,2105,213200,27,161,6.904736786580863,96.18598250270324,3.8140174972967658,11.103491929528431
"Washington County, Minnesota",272298,114457,13484,146800,4850,58213,400900,27,163,4.95192766748195,96.8018463567425,3.198153643257501,21.378416293913286
"Watonwan County, Minnesota",11169,70593,1438,5590,308,1001,151600,27,165,12.874921658160982,94.77789081044422,5.222109189555782,8.96230638374071
"Wilkin County, Minnesota",6413,69635,921,3226,153,762,172300,27,167,14.361453297988461,95.47203314590116,4.527966854098846,11.882114455013253
"Winona County, Minnesota",49705,70198,6239,28544,865,6535,222900,27,169,12.552057137108944,97.05872352001089,2.941276479989119,13.147570666934916
"Wright County, Minnesota",145270,106666,7128,80214,1717,23133,332800,27,171,4.906725407861224,97.90433413482076,2.095665865179236,15.924141254216288
"Yellow Medicine County, Minnesota",9509,71573,795,4910,168,917,148200,27,173,8.360500578399412,96.69161087042143,3.308389129578574,9.643495635713535
"Adams County, Mississippi",29098,40250,7682,10729,869,2387,106300,28,001,26.400439892776134,92.5073288498017,7.49267115019831,8.203312942470273
"Alcorn County, Mississippi",34500,49404,5863,15321,892,2822,132300,28,003,16.994202898550725,94.49824215136002,5.50175784863998,8.179710144927537
"Amite County, Mississippi",12611,35385,3379,4121,273,353,89800,28,005,26.79406867020855,93.78698224852072,6.21301775147929,2.7991436047894696
"Attala County, Mississippi",17685,48098,3586,7822,473,1136,107600,28,007,20.277070964093866,94.29776974080771,5.702230259192285,6.423522759400623
"Benton County, Mississippi",7592,42139,1316,3299,90,382,109300,28,009,17.33403582718651,97.34434936559457,2.655650634405429,5.031612223393045
"Bolivar County, Mississippi",30163,37315,9404,11738,878,3087,123600,28,011,31.17727016543447,93.04058338617628,6.9594166138237155,10.234393130656764
"Calhoun County, Mississippi",13029,43942,2381,5692,210,756,82900,28,013,18.27461815949037,96.44188410708234,3.558115892917655,5.802440709187198
"Carroll County, Mississippi",9828,55275,2094,3767,98,1079,105500,28,015,21.306471306471305,97.46442432082794,2.535575679172057,10.978835978835978
"Chickasaw County, Mississippi",16994,43041,3964,7049,279,884,100400,28,017,23.325879722254914,96.19268558951966,3.8073144104803496,5.20183594209721
"Choctaw County, Mississippi",8172,48321,1276,3329,276,600,104500,28,019,15.61429270680372,92.34396671289875,7.6560332871012475,7.342143906020558
"Claiborne County, Mississippi",8908,34371,2134,2702,236,371,80800,28,021,23.95599461158509,91.96732471068755,8.032675289312458,4.1647956892680735
"Clarke County, Mississippi",15424,46054,2934,6360,457,1125,114300,28,023,19.022302904564313,93.29617133636498,6.703828663635029,7.293827800829876
"Clay County, Mississippi",18462,39904,4496,7532,504,1400,115600,28,025,24.35272451522045,93.72822299651567,6.2717770034843205,7.5831437547394644
"Coahoma County, Mississippi",20808,36259,7331,8279,840,1477,86400,28,027,35.23164167627835,90.78846364732975,9.21153635267025,7.0982314494425225
"Copiah County, Mississippi",27994,47994,6184,11328,719,2529,105600,28,029,22.090447953132813,94.03170913920478,5.968290860795219,9.034078731156676
"Covington County, Mississippi",18226,47001,3173,7967,373,1268,98500,28,031,17.40919565455942,95.52757793764988,4.47242206235012,6.957094260945901
"DeSoto County, Mississippi",188598,82980,18650,98076,3670,22812,248700,28,033,9.888758099237533,96.39297859375307,3.607021406246928,12.095568351732256
"Forrest County, Mississippi",78027,52821,15850,39043,2440,7831,152900,28,035,20.313481230855988,94.11807246341874,5.881927536581251,10.036269496456354
"Franklin County, Mississippi",7655,45618,1753,2770,119,577,95100,28,037,22.900065316786414,95.88092765662859,4.119072343371409,7.537557152188112
"George County, Mississippi",24870,54822,4496,9276,788,1984,168100,28,039,18.078005629272216,92.17011128775835,7.829888712241654,7.977482911137917
"Greene County, Mississippi",13595,55838,2004,3655,387,717,94200,28,041,14.740713497609415,90.42553191489363,9.574468085106384,5.273997793306362
"Grenada County, Mississippi",21342,47998,4664,9441,411,2055,123400,28,043,21.853621966076282,95.82825822168087,4.171741778319123,9.62890075906663
"Hancock County, Mississippi",46057,67728,6083,22295,1190,4642,206600,28,045,13.20754716981132,94.93293591654248,5.067064083457526,10.078815380941007
"Harrison County, Mississippi",209443,57233,35642,94855,7213,22638,199300,28,047,17.017517892696343,92.93314261080849,7.06685738919152,10.80866870699904
"Hinds County, Mississippi",222494,49966,46201,105615,8154,25831,151200,28,049,20.765054338543962,92.83284550272921,7.167154497270785,11.609751274191664
"Holmes County, Mississippi",16491,29434,5904,5747,507,1020,76500,28,051,35.801346188830266,91.89318835944995,8.106811640550047,6.185191922867019
"Humphreys County, Mississippi",7570,32976,1976,3082,486,500,88800,28,053,26.10303830911493,86.37892376681614,13.621076233183857,6.605019815059446
"Issaquena County, Mississippi",1095,29271,127,196,16,33,90700,28,055,11.598173515981735,92.45283018867924,7.547169811320755,3.0136986301369864
"Itawamba County, Mississippi",23942,59508,2423,11389,334,1400,122400,28,057,10.120290702531117,97.15089994028833,2.849100059711678,5.847464706373737
"Jackson County, Mississippi",144437,64756,20160,68251,5062,16576,181700,28,059,13.957642432340744,93.0953582584262,6.9046417415737995,11.47628377770239
"Jasper County, Mississippi",16211,47157,3036,6416,255,967,118600,28,061,18.728024181111593,96.17748463498725,3.8225153650127415,5.965085435815187
"Jefferson County, Mississippi",7127,36207,1909,2350,118,591,81400,28,063,26.785463729479442,95.21880064829821,4.781199351701783,8.292409148309247
"Jefferson Davis County, Mississippi",11183,37183,2770,4788,397,628,87100,28,065,24.769739783600105,92.34329797492768,7.656702025072323,5.615666636859519
"Jones County, Mississippi",66839,51143,13571,28908,1037,5406,126800,28,067,20.304014123490777,96.53698447153114,3.4630155284688593,8.088092281452445
"Kemper County, Mississippi",8855,43595,1978,3766,416,610,90200,28,069,22.337662337662337,90.05260640841702,9.947393591582975,6.888763410502541
"Lafayette County, Mississippi",56920,64334,9533,26090,471,7665,260500,28,071,16.748067463106114,98.22672339143857,1.7732766085614244,13.466268446943078
"Lamar County, Mississippi",65081,69106,10386,31922,1659,8837,218700,28,073,15.95857469922097,95.05970638158483,4.940293618415175,13.578463760544551
"Lauderdale County, Mississippi",71984,50033,17243,30949,1728,6623,124500,28,075,23.95393420760169,94.71187685528048,5.288123144719528,9.200655701266948
"Lawrence County, Mississippi",11883,43368,2823,4525,529,632,104600,28,077,23.75662711436506,89.53304313415117,10.466956865848832,5.318522258688883
"Leake County, Mississippi",21288,48418,4112,8885,598,1551,114600,28,079,19.316046599022922,93.69397869872404,6.306021301275967,7.285794813979707
"Lee County, Mississippi",83138,67144,11284,40462,2068,10028,187800,28,081,13.572614207702854,95.13754996473078,4.862450035269221,12.061873030383218
"Leflore County, Mississippi",27432,33188,8321,11338,1323,1635,98200,28,083,30.33318751822689,89.55058842113577,10.449411578864229,5.960192475940508
"Lincoln County, Mississippi",34830,48316,7326,14665,550,2918,131800,28,085,21.03359173126615,96.38514623726586,3.6148537627341435,8.377835199540625
"Lowndes County, Mississippi",58187,54460,9585,25176,1545,6667,157400,28,087,16.472751645556567,94.21803076232177,5.781969237678231,11.457885782047535
"Madison County, Mississippi",110303,78794,11985,56715,2504,21021,286300,28,089,10.865524963056309,95.77162734933044,4.228372650669549,19.05750523557836
"Marion County, Mississippi",24303,42320,4774,10378,937,1283,117000,28,091,19.64366539110398,91.7189571365444,8.281042863455589,5.27918363987985
"Marshall County, Mississippi",33899,51875,7263,14496,712,2138,172200,28,093,21.42541077907903,95.31825355076276,4.681746449237243,6.306970707100504
"Monroe County, Mississippi",33928,51231,5494,14855,859,2557,115200,28,095,16.193114831407687,94.5335369733995,5.466463026600484,7.536547983966045
"Montgomery County, Mississippi",9708,45057,2451,3977,190,722,110700,28,097,25.247218788627933,95.44036477081833,4.559635229181666,7.437165224557066
"Neshoba County, Mississippi",28927,53087,7013,12498,1016,1482,96600,28,099,24.243786082206935,92.48187065265651,7.518129347343495,5.123241262488333
"Newton County, Mississippi",21151,50426,4462,8533,302,1206,102700,28,101,21.095929270483666,96.58177702320317,3.418222976796831,5.7018580681764455
"Noxubee County, Mississippi",10136,38814,2543,4004,289,384,85200,28,103,25.08879242304657,93.26811087817377,6.731889121826229,3.7884767166535127
"Oktibbeha County, Mississippi",51473,43482,13109,23876,1496,6099,219500,28,105,25.467720941075907,94.10373640233328,5.896263597666719,11.848930507256233
"Panola County, Mississippi",32965,43990,7874,13216,1161,2217,121500,28,107,23.88593963294403,91.92460179453293,8.075398205467065,6.7253147277415435
"Pearl River County, Mississippi",56781,56535,9120,25010,1434,4573,174500,28,109,16.061710783536746,94.57721978520648,5.422780214793526,8.053750374244906
"Perry County, Mississippi",11459,50435,2016,4363,270,501,126000,28,111,17.593158216249236,94.17224260738183,5.8277573926181745,4.372109259097653
"Pike County, Mississippi",39930,41578,10619,16019,944,2444,110500,28,113,26.59403956924618,94.43494664858811,5.565053351411897,6.120711244678187
"Pontotoc County, Mississippi",31312,52741,4626,14254,455,2162,141700,28,115,14.773888605007665,96.90665578897274,3.0933442110272624,6.904701073071028
"Prentiss County, Mississippi",24999,51466,3211,11158,396,1902,116500,28,117,12.844513780551223,96.57261554440021,3.4273844555997925,7.608304332173287
"Quitman County, Mississippi",5908,32131,1920,2433,289,452,68600,28,119,32.49830737982396,89.38280675973549,10.61719324026451,7.650643195666892
"Rankin County, Mississippi",158218,77454,15343,80386,3368,23119,223400,28,121,9.69737956490412,95.97869952479881,4.021300475201184,14.6121174581906
"Scott County, Mississippi",27754,48492,5661,11595,505,1384,89900,28,123,20.39705988326007,95.82644628099175,4.1735537190082646,4.986668588311595
"Sharkey County, Mississippi",3848,35741,1194,1682,176,215,108000,28,125,31.02910602910603,90.52744886975242,9.472551130247577,5.587318087318088
"Simpson County, Mississippi",25817,54111,4902,10839,567,2002,111600,28,127,18.987488863926867,95.02893214097843,4.971067859021567,7.754580315296122
"Smith County, Mississippi",14193,51396,2712,5327,237,842,114000,28,129,19.108010991333757,95.74047447879224,4.259525521207764,5.932501937574861
"Stone County, Mississippi",18515,59307,3178,7729,636,1094,163300,28,131,17.16446124763705,92.39689181111775,7.603108188882247,5.908722657304888
"Sunflower County, Mississippi",25328,40265,6510,9865,1076,1708,103400,28,133,25.702779532533164,90.16543277579746,9.83456722420254,6.743524952621605
"Tallahatchie County, Mississippi",12363,37383,3155,5240,533,619,82200,28,135,25.51969586669902,90.7673653213234,9.232634678676597,5.006875353878509
"Tate County, Mississippi",28135,63995,4435,12710,682,2026,173000,28,137,15.763284165629997,94.9074074074074,5.092592592592593,7.2009952017060606
"Tippah County, Mississippi",21621,51141,3962,9922,526,1388,128400,28,139,18.324776837334074,94.96554364471669,5.034456355283308,6.41968456593127
"Tishomingo County, Mississippi",18738,46257,3667,8039,250,1255,132500,28,141,19.56985804248052,96.98395463867776,3.016045361322234,6.697619810011742
"Tunica County, Mississippi",9586,38402,3171,4313,566,781,154500,28,143,33.079490924264555,88.39926214388194,11.600737856118057,8.14729814312539
"Union County, Mississippi",28009,56807,3947,12421,489,2124,159100,28,145,14.091899032453853,96.21223857474826,3.787761425251743,7.583276803884466
"Walthall County, Mississippi",13864,45444,2465,5464,326,717,120600,28,147,17.779861511829196,94.36960276338515,5.6303972366148525,5.171667628390075
"Warren County, Mississippi",43623,56648,8738,19716,1080,4831,144400,28,149,20.030717740641403,94.8066935949221,5.193306405077899,11.074433211837793
"Washington County, Mississippi",43674,40117,12339,17785,1588,3747,99300,28,151,28.252507212529192,91.80302482836939,8.196975171630621,8.579475202637726
"Wayne County, Mississippi",19699,36791,4484,8184,645,1072,88000,28,153,22.762576780547235,92.69452939177711,7.305470608222901,5.441900604091578
"Webster County, Mississippi",9942,59964,1481,4562,311,806,109500,28,155,14.896399114866224,93.61789452082905,6.382105479170942,8.107020720177028
"Wilkinson County, Mississippi",8376,35930,2038,2567,193,459,80200,28,157,24.331423113658072,93.0072463768116,6.992753623188405,5.479942693409742
"Winston County, Mississippi",17609,49071,5217,7195,566,1515,121200,28,159,29.626895337611447,92.70712537044196,7.292874629558047,8.603555000283945
"Yalobusha County, Mississippi",12439,49171,2765,5161,347,571,97200,28,161,22.228474957794035,93.70007262164125,6.299927378358751,4.590401157649328
"Yazoo County, Mississippi",26837,40974,6846,9425,847,1685,129200,28,163,25.50955770019004,91.75428348909658,8.245716510903426,6.278645154078324
"Adair County, Missouri",25224,56583,4942,11319,553,2272,159500,29,001,19.592451633365048,95.34198113207547,4.658018867924528,9.007294640025371
"Andrew County, Missouri",18086,74007,1316,9112,367,2146,196200,29,003,7.276346345239412,96.1282835742167,3.8717164257833105,11.865531350215637
"Atchison County, Missouri",5216,59260,639,2570,58,613,100600,29,005,12.250766871165645,97.79299847792998,2.207001522070015,11.752300613496933
"Audrain County, Missouri",24688,56232,4231,11085,454,1765,121600,29,007,17.13788075178224,96.06551694254269,3.9344830574573186,7.1492222942320165
"Barry County, Missouri",34831,56611,5714,15730,638,2218,172900,29,009,16.404926645804025,96.10215053763442,3.8978494623655915,6.367890672102437
"Barton County, Missouri",11685,49503,2559,4926,200,1087,136000,29,011,21.89987163029525,96.09832227857979,3.901677721420211,9.30252460419341
"Bates County, Missouri",16121,57914,2937,7378,452,1060,154800,29,013,18.218472799454126,94.22733077905492,5.772669220945083,6.575274486694374
"Benton County, Missouri",19887,52200,3264,7356,289,1268,164700,29,015,16.41273193543521,96.21975147155003,3.780248528449967,6.376024538643335
"Bollinger County, Missouri",10591,57286,1272,5108,249,625,142400,29,017,12.01019733736191,95.35187605002801,4.648123949972,5.901236899254084
"Boone County, Missouri",185874,69913,30192,101196,3763,32131,254100,29,019,16.243261564285483,96.4147905372574,3.5852094627425943,17.286441352744333
"Buchanan County, Missouri",83855,59423,13568,40246,1802,9127,156600,29,021,16.1803112515652,95.71442161339422,4.285578386605784,10.884264504203685
"Butler County, Missouri",42166,49213,8360,18548,907,2894,138800,29,023,19.826400417397906,95.33795939347212,4.662040606527885,6.863349618175782
"Caldwell County, Missouri",8890,62520,1130,4072,182,761,156700,29,025,12.710911136107987,95.72167371885284,4.278326281147156,8.560179977502811
"Callaway County, Missouri",44541,72645,4682,21226,1177,5320,196200,29,027,10.511663411239084,94.74623934294513,5.253760657054859,11.944051548011943
"Camden County, Missouri",43416,62927,5642,18812,895,5298,270700,29,029,12.995209139487745,95.45846653473386,4.5415334652661485,12.202874516307352
"Cape Girardeau County, Missouri",82180,68912,11024,43231,1259,11495,208300,29,031,13.414456072036993,97.17015059563947,2.8298494043605302,13.987588220978338
"Carroll County, Missouri",8459,61712,901,3959,207,736,110500,29,033,10.651377231351224,95.03120499279885,4.968795007201153,8.700792055798559
"Carter County, Missouri",5269,45083,988,2201,64,250,147600,29,035,18.751186183336497,97.17439293598234,2.8256070640176603,4.7447333459859555
"Cass County, Missouri",109393,87413,6984,58104,2666,14178,269000,29,037,6.384320751784848,95.6129669244693,4.387033075530689,12.960609911054638
"Cedar County, Missouri",14440,45577,2417,5645,141,1097,162500,29,039,16.738227146814406,97.56308330452818,2.4369166954718287,7.596952908587258
"Chariton County, Missouri",7406,63307,850,3322,106,643,118900,29,041,11.477180664326223,96.90781796966161,3.09218203033839,8.6821496084256
"Christian County, Missouri",91229,81245,7831,45887,1639,12400,249700,29,043,8.583893279549267,96.55136136009763,3.448638639902369,13.592169156737441
"Clark County, Missouri",6680,51458,613,2880,166,411,117600,29,045,9.176646706586826,94.55022980958634,5.449770190413657,6.152694610778443
"Clay County, Missouri",255566,86150,21452,140051,5464,41232,256400,29,047,8.393917813793697,96.24506064666872,3.754939353331271,16.133601496286673
"Clinton County, Missouri",21259,70625,2650,10279,451,2204,204300,29,049,12.46530881038619,95.79683131407269,4.203168685927307,10.367373818147609
"Cole County, Missouri",76924,73273,6769,38549,1155,12605,214400,29,051,8.799594404867142,97.09097320169252,2.909026798307475,16.386303364359627
"Cooper County, Missouri",16835,67548,1676,7703,350,1818,197100,29,053,9.955449955449955,95.65379361728549,4.346206382714516,10.7989307989308
"Crawford County, Missouri",22890,56345,3053,10099,545,1443,166000,29,055,13.337702053298383,94.87974445697105,5.120255543028937,6.304062909567497
"Dade County, Missouri",7627,49899,1052,3375,144,634,157200,29,057,13.793103448275861,95.9079283887468,4.092071611253197,8.312573751147239
"Dallas County, Missouri",17344,53177,3649,6842,273,901,151200,29,059,21.038976014760145,96.16303583977512,3.836964160224877,5.194880073800738
"Daviess County, Missouri",8449,60665,1095,3804,70,621,149200,29,061,12.960113622913955,98.19308208569953,1.8069179143004648,7.349982246419695
"DeKalb County, Missouri",11176,69093,775,4290,99,844,167500,29,063,6.9345025053686475,97.74436090225564,2.2556390977443606,7.551896921975662
"Dent County, Missouri",14506,54306,2046,6422,270,1154,149700,29,065,14.104508479249967,95.96533173939031,4.034668260609683,7.955328829449883
"Douglas County, Missouri",11850,49828,1977,4820,254,915,164400,29,067,16.68354430379747,94.99408750492708,5.005912495072921,7.721518987341772
"Dunklin County, Missouri",27795,47368,5788,11483,536,1140,93800,29,069,20.823889188703003,95.540394375572,4.459605624427989,4.101457096600107
"Franklin County, Missouri",105316,71973,8534,52503,2295,11088,214900,29,071,8.103232177446921,95.811890944925,4.188109055075002,10.52831478597744
"Gasconade County, Missouri",14774,65096,1626,7391,216,1361,168900,29,073,11.005821036956815,97.16051005652689,2.839489943473117,9.212129416542576
"Gentry County, Missouri",6224,57458,948,2884,78,565,123000,29,075,15.231362467866324,97.3666441593518,2.633355840648211,9.077763496143959
"Greene County, Missouri",301121,57488,41698,154312,5396,40646,203500,29,077,13.847589507208067,96.62133393443033,3.3786660655696648,13.498228286967699
"Grundy County, Missouri",9822,53839,1600,4105,114,703,107000,29,079,16.289961311341887,97.29793789997629,2.7020621000237024,7.157401751170841
"Harrison County, Missouri",8198,53364,1278,3470,116,602,107400,29,081,15.589168089777994,96.76519799219186,3.2348020078081428,7.343254452305441
"Henry County, Missouri",22194,56621,3548,9730,533,1615,153500,29,083,15.98630260430747,94.80658676800155,5.1934132319984405,7.276741461656304
"Hickory County, Missouri",8501,35084,1627,2862,347,571,123200,29,085,19.138924832372663,89.18666251168588,10.813337488314117,6.716856840371721
"Holt County, Missouri",4254,58516,405,1983,42,417,122300,29,087,9.520451339915374,97.92592592592592,2.074074074074074,9.802538787023977
"Howard County, Missouri",10141,62628,1203,4699,191,1078,145300,29,089,11.862735430430924,96.09406952965234,3.905930470347648,10.630115373237354
"Howell County, Missouri",40168,49814,8427,17163,866,2990,161000,29,091,20.97938657637921,95.196627655444,4.803372344555993,7.443736307508464
"Iron County, Missouri",9482,51161,1884,3832,126,788,113000,29,093,19.8692259017085,96.8165740272865,3.1834259727134917,8.310483020459818
"Jackson County, Missouri",717021,67178,97685,379924,18135,102813,213300,29,095,13.623729291052841,95.44414270246371,4.555857297536295,14.338910575840874
"Jasper County, Missouri",123532,57525,22229,61189,2482,14034,158500,29,097,17.994527733704626,96.10183600069105,3.898163999308948,11.360619110837678
"Jefferson County, Missouri",228227,80522,19263,120779,4324,25515,218800,29,099,8.44028094835405,96.54364803401997,3.4563519659800326,11.179658848427223
"Johnson County, Missouri",54331,67123,5955,25229,1240,5572,221400,29,101,10.960593399716553,95.31527447202389,4.6847255279761235,10.255655150834698
"Knox County, Missouri",3760,53333,537,1629,66,244,97200,29,103,14.28191489361702,96.10619469026548,3.893805309734513,6.489361702127659
"Laclede County, Missouri",36245,50825,6632,17030,934,2523,158000,29,105,18.297696233963308,94.80071253618347,5.199287463816522,6.960960132432059
"Lafayette County, Missouri",32974,79091,3161,16346,360,3783,200300,29,107,9.586340753320798,97.84508559798874,2.1549144020112534,11.472675441256747
"Lawrence County, Missouri",38392,55849,6202,17687,889,2732,159800,29,109,16.154407168160034,95.21425495262704,4.785745047372955,7.116065847051469
"Lewis County, Missouri",9945,52340,1400,4591,274,723,118900,29,111,14.077425842131724,94.36793422404934,5.632065775950668,7.269984917043741
"Lincoln County, Missouri",61636,85276,6454,30660,972,5586,224800,29,113,10.471153222142904,96.92716236722306,3.0728376327769347,9.06288532675709
"Linn County, Missouri",11850,61975,1895,5759,152,1031,117300,29,115,15.9915611814346,97.42852309253934,2.5714769074606667,8.700421940928269
"Livingston County, Missouri",14330,60148,1596,6321,174,1189,138300,29,117,11.137473831123518,97.32101616628177,2.678983833718245,8.29727843684578
"McDonald County, Missouri",23492,48145,3998,10296,744,1423,134100,29,119,17.018559509620296,93.26086956521739,6.739130434782608,6.057381236165503
"Macon County, Missouri",15163,58318,1497,6818,240,1347,127000,29,121,9.87271648090747,96.59960328705014,3.4003967129498442,8.88346633251995
"Madison County, Missouri",12665,58435,1736,5804,400,922,155900,29,123,13.707066719305171,93.5525467440361,6.447453255963895,7.279905250690881
"Maries County, Missouri",8435,61359,1246,3795,171,544,193100,29,125,14.771784232365146,95.68835098335855,4.311649016641452,6.449318316538235
"Marion County, Missouri",28493,63908,3735,13405,472,3049,158100,29,127,13.108482785245497,96.59868847733661,3.4013115226634,10.700873898852349
"Mercer County, Missouri",3501,60357,506,1492,35,317,95300,29,129,14.453013424735788,97.70792403405369,2.2920759659463,9.054555841188233
"Miller County, Missouri",25081,55172,3598,11758,606,2409,169800,29,131,14.345520513536142,95.09867356842446,4.901326431575542,9.604880188190263
"Mississippi County, Missouri",12079,46258,2454,4676,178,823,100300,29,133,20.316251345310043,96.33292130201896,3.6670786979810464,6.813477936915308
"Moniteau County, Missouri",15303,65161,1464,7000,174,1207,168300,29,135,9.566751617329935,97.57457485363814,2.4254251463618623,7.887342351172973
"Monroe County, Missouri",8672,48299,1360,3601,56,816,147400,29,137,15.682656826568268,98.46869018321028,1.5313098167897183,9.40959409594096
"Montgomery County, Missouri",11422,61042,1612,5249,145,934,171300,29,139,14.11311504114866,97.31182795698925,2.6881720430107525,8.177201891087375
"Morgan County, Missouri",21430,49663,3566,8216,284,1495,180400,29,141,16.640223985067664,96.65882352941176,3.3411764705882354,6.9762015865608955
"New Madrid County, Missouri",16041,49237,2894,6807,230,770,105500,29,143,18.041269247553146,96.73156174506181,3.2684382549381836,4.800199488809924
"Newton County, Missouri",59490,64583,7810,27755,1346,6004,175300,29,145,13.128256849890738,95.37472939074259,4.625270609257414,10.0924525130274
"Nodaway County, Missouri",20959,55970,3408,10345,301,1896,165100,29,147,16.260317763252065,97.17264700356941,2.827352996430584,9.046233121809246
"Oregon County, Missouri",8704,44259,1858,3450,143,456,117700,29,149,21.346507352941178,96.0200389646535,3.979961035346507,5.238970588235294
"Osage County, Missouri",13379,75355,1318,6789,120,1610,205700,29,151,9.851259436430226,98.26313504125054,1.7368649587494573,12.033784288810823
"Ozark County, Missouri",8773,42329,1886,3145,180,480,156400,29,153,21.497777271172914,94.58646616541353,5.413533834586466,5.471332497435313
"Pemiscot County, Missouri",15232,40748,4109,6121,595,842,95900,29,155,26.97610294117647,91.14055985705777,8.859440142942228,5.527836134453781
"Perry County, Missouri",18947,63356,2037,9532,456,2068,189400,29,157,10.751042381379639,95.43452142571086,4.565478574289147,10.91465667387977
"Pettis County, Missouri",43205,60232,5714,21089,850,3154,161500,29,159,13.225321143386182,96.1256210401568,3.8743789598432015,7.300081009142461
"Phelps County, Missouri",44948,55427,7216,19800,868,4652,194900,29,161,16.054106968051972,95.80027095026126,4.1997290497387265,10.349737474414878
"Pike County, Missouri",17623,57572,2582,7079,342,1282,129400,29,163,14.65130794983828,95.3914566769977,4.608543323002291,7.274584349997163
"Platte County, Missouri",108751,95748,7370,59714,2116,21131,317600,29,165,6.776949177478827,96.57771308426331,3.4222869157366977,19.43062592527885
"Polk County, Missouri",32109,56686,5486,14222,494,2640,189600,29,167,17.085552337350897,96.64310954063605,3.356890459363958,8.221993833504625
"Pulaski County, Missouri",53850,66435,5608,20203,1008,5264,189700,29,169,10.414113277623027,95.24774880957993,4.752251190420065,9.775301764159702
"Putnam County, Missouri",4675,56875,744,2144,82,464,111600,29,171,15.914438502673796,96.31626235399821,3.6837376460017968,9.925133689839573
"Ralls County, Missouri",10394,62054,1302,4825,190,856,153400,29,173,12.526457571675968,96.21136590229312,3.788634097706879,8.23552049259188
"Randolph County, Missouri",24524,55310,3573,11255,493,2204,141900,29,175,14.569401402707552,95.80354102826013,4.196458971739871,8.987114663187082
"Ray County, Missouri",23149,72152,2751,11203,237,1816,187400,29,177,11.883882673117629,97.92832167832168,2.0716783216783217,7.844831310207784
"Reynolds County, Missouri",6058,44357,1048,2709,286,535,119900,29,179,17.299438758666227,90.45075125208682,9.54924874791319,8.831297457906901
"Ripley County, Missouri",10755,43898,2097,4410,204,674,110800,29,181,19.497907949790793,95.57867360208063,4.421326397919375,6.266852626685263
"St. Charles County, Missouri",409830,102912,18911,227050,6434,75830,296800,29,183,4.614352292413928,97.24435079063234,2.7556492093676654,18.502793841348854
"St. Clair County, Missouri",9451,46731,1489,3924,97,662,142500,29,185,15.7549465665009,97.58766476000996,2.4123352399900524,7.004549783091736
"Ste. Genevieve County, Missouri",18551,61310,1431,8866,412,1481,215600,29,186,7.713869872244084,95.55938779909464,4.440612200905368,7.983397121448979
"St. Francois County, Missouri",66864,54813,10427,28446,1407,4620,155100,29,187,15.594340751375926,95.28690583860919,4.713094161390815,6.909547738693467
"St. Louis County, Missouri",996618,81340,93427,522620,21964,184024,260700,29,189,9.374404235123187,95.96682972691082,4.033170273089183,18.464848116329428
"Saline County, Missouri",23177,56566,3169,11218,284,2482,139600,29,195,13.673037925529618,97.53086419753086,2.4691358024691357,10.708892436467188
"Schuyler County, Missouri",4044,56023,390,1649,77,191,118200,29,197,9.643916913946587,95.53881807647741,4.461181923522595,4.7230464886251236
"Scotland County, Missouri",4698,67568,329,2120,17,273,141100,29,199,7.002979991485739,99.20449227889566,0.7955077211043519,5.810983397190294
"Scott County, Missouri",37967,58847,5378,18009,571,3719,143700,29,201,14.164932704717254,96.92680301399355,3.0731969860064585,9.795348592198488
"Shannon County, Missouri",7137,59000,1155,2704,82,469,151000,29,203,16.18327028163094,97.05671213208902,2.9432878679109833,6.571388538601654
"Shelby County, Missouri",6011,52127,902,2701,28,527,86200,29,205,15.005822658459492,98.9739831440088,1.0260168559912055,8.767260023290634
"Stoddard County, Missouri",28547,54067,4768,12610,469,2198,135400,29,207,16.702280449784563,96.41409893722762,3.5859010627723835,7.699583143587768
"Stone County, Missouri",31697,61323,4363,13445,970,3861,236500,29,209,13.764709593967883,93.27089836975372,6.729101630246272,12.18096349812285
"Sullivan County, Missouri",5903,55500,849,2671,64,376,103300,29,211,14.382517364052177,97.65996343692869,2.340036563071298,6.369642554633237
"Taney County, Missouri",56382,58258,7870,27166,1228,6579,203800,29,213,13.958355503529496,95.67514263576811,4.32485736423188,11.668617643928913
"Texas County, Missouri",24956,48055,4548,9924,455,1580,123300,29,215,18.22407437089277,95.61614799113595,4.383852008864053,6.331142811347973
"Vernon County, Missouri",19713,54519,3609,8845,342,1485,136700,29,217,18.307715720590473,96.27734842712529,3.7226515728747143,7.533099984781616
"Warren County, Missouri",36467,77989,3351,18475,701,3546,241200,29,219,9.189129898264184,96.34438881935753,3.65561118064247,9.723859928154221
"Washington County, Missouri",23483,51886,4095,9491,356,1362,118400,29,221,17.438146744453434,96.38468569107343,3.615314308926577,5.7999403824042925
"Wayne County, Missouri",10942,43393,2697,4123,318,607,113100,29,223,24.648144763297385,92.839450574195,7.160549425804999,5.547431913726924
"Webster County, Missouri",39868,69731,6237,17389,734,3253,219100,29,225,15.644125614527942,95.94989791977045,4.050102080229542,8.159426106150296
"Worth County, Missouri",1956,46167,338,892,11,176,94600,29,227,17.280163599182004,98.78183831672203,1.2181616832779625,8.997955010224949
"Wright County, Missouri",18722,47304,3221,7399,306,1075,152300,29,229,17.204358508706335,96.02855288773524,3.9714471122647628,5.74190791582096
"St. Louis city, Missouri",293109,55279,56166,162066,8179,46762,185100,29,510,19.162154693305222,95.19574730535405,4.804252694645951,15.953791934058662
"Beaverhead County, Montana",9590,58072,1347,4685,128,1645,282000,30,001,14.045881126173096,97.34053604820278,2.659463951797216,17.153284671532848
"Big Horn County, Montana",12963,56680,2984,5507,755,957,148200,30,003,23.019362801820566,87.94314915362504,12.05685084637496,7.38255033557047
"Blaine County, Montana",6997,65050,1393,3173,452,754,124900,30,005,19.908532228097755,87.53103448275861,12.46896551724138,10.7760468772331
"Broadwater County, Montana",7310,63636,778,3722,161,1173,364800,30,007,10.642954856361149,95.85372134947205,4.146278650527942,16.046511627906977
"Carbon County, Montana",10877,71017,909,5610,281,1514,379300,30,009,8.357083754711777,95.23001188253268,4.7699881174673235,13.919279213018296
"Carter County, Montana",1361,52171,184,660,24,167,176600,30,011,13.51947097722263,96.49122807017544,3.508771929824561,12.270389419544452
"Cascade County, Montana",84601,66203,10839,39865,1195,10618,243300,30,013,12.811905296627698,97.08962493911349,2.9103750608865075,12.550679069987353
"Chouteau County, Montana",5888,56927,724,2594,83,673,185100,30,015,12.296195652173914,96.89951438177063,3.100485618229361,11.430027173913043
"Custer County, Montana",11938,63585,1344,6432,174,1900,204200,30,017,11.258167197185458,97.36603088101727,2.633969118982743,15.915563746021109
"Daniels County, Montana",1524,58000,177,838,12,239,177800,30,019,11.614173228346457,98.58823529411764,1.411764705882353,15.68241469816273
"Dawson County, Montana",8874,70953,746,4480,155,994,187400,30,021,8.406581023213883,96.65587918015103,3.344120819848975,11.201262114041018
"Deer Lodge County, Montana",9512,49533,1649,4682,230,1177,209700,30,023,17.335996635828426,95.31758957654723,4.682410423452769,12.373843566021867
"Fallon County, Montana",2817,72284,332,1315,0,265,237000,30,025,11.785587504437345,100.0,0.0,9.407170749023784
"Fergus County, Montana",11581,59731,1677,5851,204,1588,202700,30,027,14.480614800103616,96.63088356729975,3.3691164327002476,13.712114670581125
"Flathead County, Montana",108445,71327,10268,54981,1668,18815,467700,30,029,9.468394116833418,97.05555261346184,2.944447386538156,17.349808658767117
"Gallatin County, Montana",122194,87454,12025,72044,1689,26317,604900,30,031,9.84090871892237,97.70930248328428,2.2906975167157175,21.537064012962993
"Garfield County, Montana",938,61750,113,448,0,106,178300,30,033,12.046908315565032,100.0,0.0,11.300639658848615
"Glacier County, Montana",13713,45129,4103,5473,510,876,153400,30,035,29.920513381462843,91.47584823667057,8.524151763329433,6.3880988842704
"Golden Valley County, Montana",840,57353,151,397,6,96,203900,30,037,17.976190476190474,98.51116625310173,1.488833746898263,11.428571428571429
"Granite County, Montana",3419,54646,349,1473,95,679,339500,30,039,10.207663059374086,93.94132653061224,6.058673469387755,19.859608072535828
"Hill County, Montana",16260,55313,3122,7570,319,1852,187600,30,041,19.20049200492005,95.95639498035239,4.043605019647611,11.38991389913899
"Jefferson County, Montana",12501,76576,771,6008,171,1946,408000,30,043,6.167506599472042,97.23256190322059,2.767438096779414,15.56675465962723
"Judith Basin County, Montana",2053,55417,324,1028,15,340,214200,30,045,15.781782756941062,98.56184084372003,1.4381591562799616,16.561130053580126
"Lake County, Montana",32073,61965,5614,14337,916,4543,369200,30,047,17.50381941196645,93.9946240083918,6.005375991608208,14.16456209272597
"Lewis and Clark County, Montana",72580,74543,6209,37025,1301,14352,358200,30,049,8.554698263984568,96.60543756196837,3.394562438031624,19.774042435932763
"Liberty County, Montana",1968,53264,494,803,2,298,116800,30,051,25.101626016260166,99.75155279503105,0.2484472049689441,15.142276422764228
"Lincoln County, Montana",20656,47018,3303,8058,435,2005,258700,30,053,15.990511231603408,94.87813493465207,5.121865065347934,9.706622773044153
"McCone County, Montana",1818,71842,75,939,25,219,197400,30,055,4.125412541254125,97.40663900414937,2.5933609958506225,12.046204620462046
"Madison County, Montana",8975,67420,603,4143,62,1785,440500,30,057,6.71866295264624,98.525564803805,1.474435196195006,19.88857938718663
"Meagher County, Montana",1979,56215,206,1022,1,342,244400,30,059,10.409297625063163,99.90224828934507,0.09775171065493646,17.281455280444668
"Mineral County, Montana",4796,61117,835,2074,82,716,313600,30,061,17.410341951626354,96.19666048237477,3.803339517625232,14.929107589658047
"Missoula County, Montana",119639,71246,12792,69685,3105,23468,423100,30,063,10.692165598174508,95.73430416265971,4.265695837340294,19.615677162129405
"Musselshell County, Montana",5068,59010,765,2220,132,628,221200,30,065,15.094711917916337,94.38775510204081,5.612244897959184,12.39147592738753
"Park County, Montana",17484,66607,2266,9329,269,3592,429700,30,067,12.960420956302906,97.19733277766201,2.8026672223379867,20.54449782658431
"Petroleum County, Montana",401,59318,26,223,2,58,173700,30,069,6.483790523690773,99.11111111111111,0.8888888888888888,14.463840399002494
"Phillips County, Montana",4224,58156,389,1968,67,480,175000,30,071,9.209280303030303,96.70761670761671,3.2923832923832927,11.363636363636363
"Pondera County, Montana",6012,53500,1348,2743,177,669,179200,30,073,22.421823020625418,93.93835616438356,6.061643835616438,11.127744510978044
"Powder River County, Montana",1762,68009,167,854,10,207,149400,30,075,9.477866061293984,98.8425925925926,1.1574074074074074,11.748013620885358
"Powell County, Montana",7029,63432,333,2595,107,765,255700,30,077,4.737516005121639,96.039970392302,3.9600296076980013,10.88348271446863
"Prairie County, Montana",1251,45192,291,521,6,113,167100,30,079,23.26139088729017,98.86148007590133,1.1385199240986716,9.03277378097522
"Ravalli County, Montana",45807,71323,3771,21197,703,6506,435000,30,081,8.232366232235249,96.78995433789954,3.2100456621004567,14.203069399873383
"Richland County, Montana",11329,69578,808,5995,226,1172,259000,30,083,7.132138758937241,96.3671435460537,3.6328564539463106,10.345131962220849
"Roosevelt County, Montana",10665,53125,3132,3973,335,860,119400,30,085,29.367088607594937,92.22376973073352,7.77623026926648,8.063759962494139
"Rosebud County, Montana",8236,56430,1763,3627,325,634,188900,30,087,21.406022340942204,91.77631578947368,8.223684210526317,7.6979116075764935
"Sanders County, Montana",12936,54035,1920,4613,195,1532,323800,30,089,14.842300556586272,95.94425956738769,4.055740432612312,11.842918985776128
"Sheridan County, Montana",3677,63654,360,1787,44,466,111600,30,091,9.790590155017677,97.59694156198798,2.4030584380120152,12.673375033995104
"Silver Bow County, Montana",35589,57504,5584,16729,725,4438,223500,30,093,15.690241366714433,95.84622436117796,4.153775638822046,12.470145269605776
"Stillwater County, Montana",9052,81503,740,4576,153,1396,355600,30,095,8.17498895271763,96.76464368788328,3.2353563121167266,15.422006186478127
"Sweet Grass County, Montana",3713,69426,288,1870,41,442,295500,30,097,7.756531106921627,97.854526425955,2.1454735740450026,11.904120657150552
"Teton County, Montana",6291,67766,643,2924,44,783,235500,30,099,10.220950564298203,98.51752021563343,1.482479784366577,12.446351931330472
"Toole County, Montana",5028,53693,541,2250,90,457,187400,30,101,10.759745425616547,96.15384615384616,3.8461538461538463,9.089101034208433
"Treasure County, Montana",761,73036,82,446,5,174,215300,30,103,10.775295663600525,98.89135254988913,1.1086474501108647,22.864651773981603
"Valley County, Montana",7540,64515,946,3647,120,959,198600,30,105,12.546419098143236,96.81444119989382,3.1855588001061856,12.718832891246684
"Wheatland County, Montana",2049,47054,478,852,8,212,172700,30,107,23.32845290385554,99.06976744186046,0.9302325581395349,10.346510492923377
"Wibaux County, Montana",1148,64792,180,491,0,164,92300,30,109,15.6794425087108,100.0,0.0,14.285714285714285
"Yellowstone County, Montana",167340,74400,16737,87829,3005,26806,317600,30,111,10.001792757260667,96.69176739987229,3.3082326001277056,16.01888370981236
"Adams County, Nebraska",31034,65680,3776,16139,368,3626,185800,31,001,12.167300380228136,97.77064275761798,2.22935724238202,11.68395952825933
"Antelope County, Nebraska",6302,63750,623,3232,55,547,116900,31,003,9.885750555379245,98.32674170976574,1.673258290234256,8.679784195493493
"Arthur County, Nebraska",540,67500,52,236,0,84,188800,31,005,9.62962962962963,100.0,0.0,15.555555555555555
"Banner County, Nebraska",657,71250,62,338,12,123,166300,31,007,9.43683409436834,96.57142857142857,3.428571428571429,18.72146118721461
"Blaine County, Nebraska",385,61250,41,207,2,66,102100,31,009,10.649350649350648,99.04306220095694,0.9569377990430622,17.142857142857142
"Boone County, Nebraska",5366,71367,484,2752,38,501,164700,31,011,9.019754006708908,98.63799283154123,1.3620071684587813,9.336563548266867
"Box Butte County, Nebraska",10754,68778,1055,5497,88,1119,161100,31,013,9.810303143016553,98.4243509400179,1.5756490599820947,10.405430537474428
"Boyd County, Nebraska",1704,58984,171,855,21,141,104000,31,015,10.035211267605634,97.6027397260274,2.3972602739726026,8.274647887323944
"Brown County, Nebraska",2739,51538,328,1364,11,267,100200,31,017,11.975173420956553,99.2,0.8,9.748083242059145
"Buffalo County, Nebraska",50323,74570,5297,28358,790,7132,236800,31,019,10.526002026906186,97.28969397557293,2.710306024427062,14.172445998847447
"Burt County, Nebraska",6730,57303,909,3180,84,897,125400,31,021,13.50668647845468,97.42647058823529,2.5735294117647056,13.328380386329867
"Butler County, Nebraska",8413,82603,625,4532,54,1134,165700,31,023,7.428978961131582,98.82250327082424,1.1774967291757523,13.479139427077142
"Cass County, Nebraska",26963,88255,1291,14352,286,3828,247200,31,025,4.788042873567481,98.04618117229128,1.9538188277087036,14.19723324555873
"Cedar County, Nebraska",8344,73977,506,4415,65,1019,175500,31,027,6.064237775647172,98.54910714285714,1.4508928571428572,12.212368168744007
"Chase County, Nebraska",3639,62782,277,1702,29,467,178700,31,029,7.611981313547678,98.32466782206816,1.6753321779318313,12.833195932948612
"Cherry County, Nebraska",5468,63750,389,2937,13,646,136000,31,031,7.114118507681054,99.5593220338983,0.4406779661016949,11.814191660570593
"Cheyenne County, Nebraska",9478,57594,1031,4871,141,993,129100,31,033,10.877822325385102,97.18675179569034,2.813248204309657,10.476893859464022
"Clay County, Nebraska",6084,75938,486,3207,47,649,146300,31,035,7.988165680473373,98.55562384757222,1.4443761524277812,10.66732412886259
"Colfax County, Nebraska",10541,79720,898,5433,81,667,128800,31,037,8.519115833412389,98.5310119695321,1.4689880304679,6.3276728963096485
"Cuming County, Nebraska",8976,70708,686,4855,103,1050,174900,31,039,7.642602495543673,97.92254941508672,2.0774505849132714,11.697860962566844
"Custer County, Nebraska",10544,66310,900,5406,155,1365,160500,31,041,8.535660091047042,97.21273152310735,2.787268476892645,12.945751138088013
"Dakota County, Nebraska",21331,71655,2355,11012,471,1518,168100,31,043,11.04027002953448,95.89828442044762,4.101715579552382,7.1164033566171305
"Dawes County, Nebraska",8212,54381,932,4331,66,931,146500,31,045,11.349245007306381,98.49897657493746,1.5010234250625425,11.337067705796395
"Dawson County, Nebraska",24020,65383,2935,12463,237,2072,157800,31,047,12.218984179850125,98.13385826771653,1.8661417322834644,8.626144879267278
"Deuel County, Nebraska",1865,61438,169,860,28,209,97200,31,049,9.06166219839142,96.84684684684684,3.153153153153153,11.206434316353887
"Dixon County, Nebraska",5561,69156,387,2896,66,673,141400,31,051,6.959180003596475,97.77177582714383,2.2282241728561782,12.102139902895162
"Dodge County, Nebraska",37146,71294,3365,19068,587,3459,188100,31,053,9.058848866634362,97.01348257440856,2.986517425591453,9.31190437732192
"Douglas County, Nebraska",585461,79081,64580,317982,12069,101823,245800,31,055,11.030623730701105,96.34329240026541,3.6567075997345864,17.391935585803324
"Dundy County, Nebraska",1811,56563,214,999,3,177,118200,31,057,11.816675869685257,99.7005988023952,0.29940119760479045,9.7736057426836
"Fillmore County, Nebraska",5551,76354,423,3161,19,565,131200,31,059,7.620248603855161,99.40251572327044,0.5974842767295598,10.178346243920014
"Franklin County, Nebraska",2868,57692,396,1348,44,256,99100,31,061,13.807531380753138,96.83908045977012,3.1609195402298855,8.92608089260809
"Frontier County, Nebraska",2562,68207,294,1252,48,324,138800,31,063,11.475409836065573,96.3076923076923,3.6923076923076925,12.646370023419204
"Furnas County, Nebraska",4605,60625,557,2132,25,511,91800,31,065,12.095548317046688,98.84098284654613,1.1590171534538711,11.096634093376764
"Gage County, Nebraska",21646,64426,2806,10906,162,2525,167100,31,067,12.963134066340201,98.53632092518974,1.463679074810264,11.664972743232006
"Garden County, Nebraska",1620,44777,224,700,18,173,95500,31,069,13.82716049382716,97.49303621169916,2.5069637883008355,10.679012345679013
"Garfield County, Nebraska",1797,68611,201,990,18,303,144900,31,071,11.185308848080133,98.21428571428571,1.7857142857142856,16.86143572621035
"Gosper County, Nebraska",1929,79145,133,958,18,289,202700,31,073,6.894764126490409,98.15573770491804,1.8442622950819672,14.981855883877657
"Grant County, Nebraska",695,69063,74,372,8,113,113900,31,075,10.647482014388489,97.89473684210527,2.1052631578947367,16.258992805755394
"Greeley County, Nebraska",2211,58894,244,1039,24,197,87800,31,077,11.035730438715513,97.74223894637818,2.257761053621825,8.909995477159656
"Hall County, Nebraska",62431,67549,7213,32318,1067,5333,207900,31,079,11.553555124857844,96.80395387149917,3.1960461285008233,8.542230622607358
"Hamilton County, Nebraska",9438,79884,624,4824,162,1382,238700,31,081,6.6115702479338845,96.75090252707581,3.2490974729241873,14.642932824751007
"Harlan County, Nebraska",3006,70536,213,1458,24,364,147200,31,083,7.0858283433133735,98.38056680161942,1.6194331983805668,12.10911510312708
"Hayes County, Nebraska",854,60313,105,392,1,88,112800,31,085,12.295081967213115,99.74554707379136,0.2544529262086514,10.304449648711945
"Hitchcock County, Nebraska",2601,52016,298,1196,25,268,88800,31,087,11.457131872356786,97.95249795249795,2.0475020475020473,10.303729334871203
"Holt County, Nebraska",10093,67225,1078,5128,70,1327,152000,31,089,10.680669771128505,98.65332820315506,1.3466717968449404,13.14772614683444
"Hooker County, Nebraska",613,45854,45,330,13,88,85400,31,091,7.3409461663947795,96.20991253644316,3.7900874635568513,14.355628058727568
"Howard County, Nebraska",6492,74508,348,3325,113,849,205200,31,093,5.360443622920517,96.7132053519488,3.2867946480511923,13.077634011090572
"Jefferson County, Nebraska",7155,60568,690,3321,36,743,117600,31,095,9.643605870020965,98.92761394101876,1.0723860589812333,10.384346610761705
"Johnson County, Nebraska",5263,59457,293,2111,43,494,131500,31,097,5.56716701501045,98.00371402042711,1.9962859795728878,9.386281588447654
"Kearney County, Nebraska",6697,79167,442,3652,52,1261,218300,31,099,6.599970135881739,98.59611231101512,1.4038876889848813,18.829326564133194
"Keith County, Nebraska",8239,58132,871,4015,82,901,157000,31,101,10.57167131933487,97.99853551379057,2.0014644862094215,10.935793178783833
"Keya Paha County, Nebraska",939,60313,98,437,6,124,108800,31,103,10.436634717784878,98.64559819413093,1.3544018058690745,13.205537806176784
"Kimball County, Nebraska",3348,59438,362,1627,3,262,109900,31,105,10.81242532855436,99.8159509202454,0.18404907975460122,7.825567502986858
"Knox County, Nebraska",8362,64821,1079,4101,158,786,116900,31,107,12.903611576177948,96.2902089692416,3.709791030758394,9.39966515187754
"Lancaster County, Nebraska",323673,72625,36271,180305,5682,53603,258900,31,109,11.206062909170674,96.94494776516638,3.0550522348336173,16.560849993666444
"Lincoln County, Nebraska",34122,64342,4278,17249,531,3232,183100,31,111,12.537365922278882,97.01349831271091,2.986501687289089,9.47189496512514
"Logan County, Nebraska",812,71650,66,423,3,126,160000,31,113,8.12807881773399,99.29577464788733,0.7042253521126761,15.517241379310345
"Loup County, Nebraska",564,60156,46,316,0,75,120700,31,115,8.156028368794328,100.0,0.0,13.297872340425531
"McPherson County, Nebraska",463,61316,33,267,0,69,124200,31,117,7.127429805615551,100.0,0.0,14.902807775377969
"Madison County, Nebraska",35535,64637,4078,18756,476,3595,196000,31,119,11.476009568031518,97.52495840266224,2.4750415973377704,10.116786267060645
"Merrick County, Nebraska",7696,62849,661,4075,25,598,168000,31,121,8.588877338877339,99.39024390243902,0.6097560975609756,7.77027027027027
"Morrill County, Nebraska",4544,59773,550,2254,92,472,112000,31,123,12.10387323943662,96.07843137254902,3.9215686274509802,10.387323943661972
"Nance County, Nebraska",3342,65438,525,1711,52,290,122800,31,125,15.70915619389587,97.0504821327283,2.949517867271696,8.677438659485338
"Nemaha County, Nebraska",7035,60132,851,3489,221,883,125100,31,127,12.096659559346126,94.0431266846361,5.9568733153638815,12.551528073916133
"Nuckolls County, Nebraska",4089,70201,300,2187,21,573,90900,31,129,7.336757153338224,99.04891304347827,0.9510869565217392,14.01320616287601
"Otoe County, Nebraska",16075,81430,1514,8446,239,2063,185000,31,131,9.418351477449455,97.24812895797352,2.7518710420264823,12.833592534992224
"Pawnee County, Nebraska",2539,54926,349,1151,19,237,74800,31,133,13.745569121701456,98.37606837606837,1.6239316239316242,9.334383615596693
"Perkins County, Nebraska",2835,67500,214,1472,23,419,149200,31,135,7.548500881834215,98.46153846153847,1.5384615384615385,14.779541446208114
"Phelps County, Nebraska",8983,65988,1186,4550,53,1210,173300,31,137,13.202716241790046,98.84857701499023,1.1514229850097761,13.469887565401315
"Pierce County, Nebraska",7312,75938,573,3732,83,848,182700,31,139,7.836433260393873,97.82437745740498,2.1756225425950197,11.597374179431071
"Platte County, Nebraska",34358,72335,2959,18453,475,3905,207800,31,141,8.612259153617789,97.49049027895181,2.5095097210481825,11.365620816112695
"Polk County, Nebraska",5209,71771,318,2860,43,462,177800,31,143,6.1048185832213475,98.51877368239752,1.4812263176024802,8.869264734114033
"Red Willow County, Nebraska",10611,60000,1449,5418,79,1345,143500,31,145,13.655640373197626,98.56285246498089,1.4371475350191014,12.675525398171708
"Richardson County, Nebraska",7797,55578,811,3854,175,895,96500,31,147,10.401436449916634,95.65649044427897,4.343509555721023,11.478773887392586
"Rock County, Nebraska",1335,57500,132,666,8,208,124400,31,149,9.887640449438202,98.81305637982196,1.1869436201780417,15.580524344569287
"Saline County, Nebraska",14642,77027,1329,7644,208,1388,180700,31,151,9.076628875836635,97.35099337748345,2.6490066225165565,9.479579292446386
"Sarpy County, Nebraska",194051,101402,9958,105057,2557,33262,287600,31,153,5.131640651169023,97.62391510398275,2.3760848960172467,17.140854723758185
"Saunders County, Nebraska",22761,89395,1442,12216,252,3003,241100,31,155,6.33539826896885,97.97882579403272,2.021174205967276,13.193620666930276
"Scotts Bluff County, Nebraska",35937,60960,4881,17710,607,4221,161400,31,157,13.582102011854078,96.68613855980783,3.3138614401921713,11.745554720761332
"Seward County, Nebraska",17636,81122,1125,9507,180,2468,232400,31,159,6.378997505103198,98.14183957881697,1.8581604211830287,13.994102971195282
"Sheridan County, Nebraska",5058,56900,525,2465,32,623,102900,31,161,10.379596678529063,98.71846215458551,1.2815378454144974,12.317121391854489
"Sherman County, Nebraska",2974,61935,277,1525,70,284,135000,31,163,9.314055144586415,95.61128526645768,4.38871473354232,9.549428379287155
"Sioux County, Nebraska",1197,54076,137,604,25,155,141700,31,165,11.445279866332497,96.02543720190779,3.97456279809221,12.949039264828738
"Stanton County, Nebraska",5835,78275,408,3099,13,659,184300,31,167,6.99228791773779,99.58226221079691,0.4177377892030848,11.293916023993145
"Thayer County, Nebraska",4938,63095,433,2514,76,575,106200,31,169,8.768732280275415,97.06563706563706,2.9343629343629343,11.64439044147428
"Thomas County, Nebraska",626,72708,30,362,4,110,113000,31,171,4.792332268370607,98.90710382513662,1.092896174863388,17.57188498402556
"Thurston County, Nebraska",6666,64838,1178,3031,311,520,105100,31,173,17.67176717671767,90.69419509275882,9.305804907241173,7.800780078007801
"Valley County, Nebraska",4094,58902,373,2099,8,599,122200,31,175,9.110893991206643,99.6203132415757,0.37968675842429994,14.631167562286274
"Washington County, Nebraska",20989,90188,1434,11247,210,3694,278300,31,177,6.832150173900614,98.1670594396439,1.8329405603561142,17.599695078374385
"Wayne County, Nebraska",9786,67687,1091,5513,190,1015,203700,31,179,11.148579603515225,96.66842012975627,3.331579870243731,10.371959942775394
"Webster County, Nebraska",3385,65197,328,1783,13,356,102000,31,181,9.689807976366321,99.2761692650334,0.7238307349665924,10.51698670605613
"Wheeler County, Nebraska",785,55893,41,407,7,134,135900,31,183,5.222929936305733,98.30917874396135,1.6908212560386473,17.070063694267514
"York County, Nebraska",14231,74058,1211,7306,156,1498,175900,31,185,8.50959173635022,97.90940766550523,2.0905923344947737,10.526315789473683
"Churchill County, Nevada",25614,73268,2276,11588,753,2378,298000,32,001,8.885765596939175,93.89838748885828,6.101612511141723,9.283985320527837
"Clark County, Nevada",2293764,73845,299896,1158776,86020,286282,400800,32,003,13.074405213439569,93.08963075074149,6.910369249258514,12.480882950469185
"Douglas County, Nevada",49624,88018,4092,22399,709,8128,587400,32,005,8.24600999516363,96.93179851133806,3.068201488661935,16.379171368692568
"Elko County, Nevada",53852,83427,5829,27757,1182,3865,282400,32,007,10.824110525142984,95.9155464943502,4.084453505649815,7.177077917254699
"Esmeralda County, Nevada",962,-666666666,185,390,11,145,102500,32,009,19.230769230769234,97.2568578553616,2.7431421446384037,15.072765072765074
"Eureka County, Nevada",1660,73095,365,564,0,130,-666666666,32,011,21.987951807228914,100.0,0.0,7.83132530120482
"Humboldt County, Nevada",17299,79946,2083,8425,456,1628,256800,32,013,12.041158448465229,94.86544308073415,5.134556919265849,9.410948609746228
"Lander County, Nevada",5745,84474,652,2683,247,267,210500,32,015,11.348999129677981,91.56996587030717,8.430034129692833,4.647519582245431
"Lincoln County, Nevada",4452,69496,265,1793,31,371,208900,32,017,5.952380952380952,98.30043859649122,1.699561403508772,8.333333333333332
"Lyon County, Nevada",60630,73460,6650,28897,1820,5459,342600,32,019,10.968167573808346,94.07494221440896,5.925057785591041,9.003793501566882
"Mineral County, Nevada",4557,50584,795,1663,87,330,175000,32,021,17.445687952600395,95.02857142857142,4.9714285714285715,7.241606319947334
"Nye County, Nevada",53207,55975,8081,18684,1782,3582,266000,32,023,15.187851222583495,91.2928759894459,8.70712401055409,6.732196891386471
"Pershing County, Nevada",6505,72007,380,2239,135,215,166200,32,027,5.841660261337433,94.3133951137321,5.686604886267902,3.3051498847040737
"Storey County, Nevada",4139,96000,292,1729,118,514,393100,32,029,7.054844165257308,93.61126150514347,6.388738494856525,12.418458564870742
"Washoe County, Nevada",491770,85600,51773,262286,13024,69410,496600,32,031,10.527889053825975,95.26933275217027,4.73066724782972,14.114321735770789
"White Pine County, Nevada",8856,72294,617,3757,185,742,196700,32,033,6.967028003613369,95.30695078640285,4.693049213597159,8.378500451671183
"Carson City, Nevada",58364,71809,6183,28396,1176,6595,426700,32,510,10.593859228291413,96.02326525091303,3.976734749086974,11.29977383318484
"Belknap County, New Hampshire",64300,87983,5546,33861,854,9486,340000,33,001,8.625194401244169,97.53996831340919,2.460031686590811,14.752721617418352
"Carroll County, New Hampshire",51259,82961,3775,26135,1397,9062,348900,33,003,7.364560369886264,94.92590440215022,5.074095597849775,17.678846641565386
"Cheshire County, New Hampshire",76945,81001,6529,40682,1325,11867,257200,33,005,8.485281694717006,96.84576380127122,3.1542361987287832,15.422704529209174
"Coos County, New Hampshire",31386,58439,3782,14809,612,3160,169600,33,007,12.049958580258714,96.0313857726477,3.9686142273523113,10.06818326642452
"Grafton County, New Hampshire",91759,84021,8640,47453,1388,14290,298500,33,009,9.415970095576457,97.15812534550889,2.8418746544911038,15.573404243725411
"Hillsborough County, New Hampshire",424732,100436,27126,247287,8238,77518,385500,33,011,6.386615559929555,96.77604931024362,3.223950689756384,18.251038301799724
"Merrimack County, New Hampshire",155018,93944,10586,83671,2592,24877,330600,33,013,6.828884387619502,96.99523550073611,3.004764499263879,16.047813802268124
"Rockingham County, New Hampshire",317163,113927,15031,180895,6292,65335,461400,33,015,4.739203501038898,96.63865546218487,3.361344537815126,20.599817759322494
"Strafford County, New Hampshire",131743,86564,10821,74857,2729,21645,332400,33,017,8.213719134982504,96.48261284252314,3.5173871574768647,16.42971543080088
"Sullivan County, New Hampshire",43529,75929,4621,21364,487,6261,236300,33,019,10.615911231592731,97.77126904947141,2.22873095052858,14.383514438650094
"Atlantic County, New Jersey",274704,76819,35247,141626,11528,39817,272700,34,001,12.830901625021843,92.47293573788474,7.527064262115256,14.494510454889625
"Bergen County, New Jersey",954717,123715,63408,523454,28533,212294,593200,34,003,6.6415492758587105,94.83085652379495,5.169143476205056,22.23632762378799
"Burlington County, New Jersey",464226,105271,30725,247803,12695,88885,326700,34,005,6.618543554217126,95.12664204715583,4.8733579528441675,19.146924127472396
"Camden County, New Jersey",524042,86384,62934,279103,19309,78065,262200,34,007,12.009342762602998,93.52941570714314,6.470584292856856,14.896706752512204
"Cape May County, New Jersey",95236,88046,8169,45696,2756,16922,395000,34,009,8.577638708051577,94.31189630974986,5.688103690250144,17.76849090679995
"Cumberland County, New Jersey",152915,64499,23410,68485,5152,12331,205600,34,011,15.309158682928425,93.0035172535546,6.996482746445401,8.063957100349867
"Essex County, New Jersey",854130,76712,125419,446633,37217,126748,494400,34,013,14.683830330277592,92.30815335331198,7.691846646688023,14.839427253462587
"Gloucester County, New Jersey",304504,102807,22676,165215,8511,49440,283500,34,015,7.446864409006121,95.10090602442928,4.899093975570726,16.236239918030634
"Hudson County, New Jersey",710478,90032,103860,408443,24040,144763,508600,34,017,14.618327379595145,94.44140000878647,5.558599991213527,20.3754373815938
"Hunterdon County, New Jersey",129448,139453,4894,70824,3244,31349,498800,34,019,3.780668685495334,95.62024085975051,4.379759140249501,24.217446387738704
"Mercer County, New Jersey",383286,96333,40446,198250,12165,62940,351000,34,021,10.552433430910598,94.21856806786589,5.781431932134116,16.421158090825127
"Middlesex County, New Jersey",861535,109028,71078,466150,29850,155383,439300,34,023,8.250158147956844,93.98185483870968,6.018145161290322,18.035599250175558
"Monmouth County, New Jersey",643615,122727,40958,349355,18337,140944,566500,34,025,6.363742299355982,95.0129456175277,4.987054382472286,21.89880596319228
"Morris County, New Jersey",510375,134929,25572,285821,14884,121697,557000,34,027,5.0104335047759,95.05029846527327,4.949701534726725,23.844624050942933
"Ocean County, New Jersey",646434,86411,66599,295499,16271,95210,366600,34,029,10.302521216396416,94.78108862302338,5.218911376976617,14.728495097720726
"Passaic County, New Jersey",518289,87137,69781,272247,21116,70096,439400,34,031,13.463723906932232,92.80209160664434,7.197908393355672,13.524500809393986
"Salem County, New Jersey",64973,78412,8131,31860,2384,7032,223000,34,033,12.514429070536991,93.03819647237472,6.961803527625278,10.822957228387175
"Somerset County, New Jersey",346203,135960,18851,196608,9385,75953,523900,34,035,5.44507124432775,95.44401994242523,4.5559800575747715,21.938862459308556
"Sussex County, New Jersey",145117,114316,7794,82543,4353,27233,342800,34,037,5.370838702564138,94.99056343214878,5.009436567851224,18.766236898502587
"Union County, New Jersey",572549,100117,50508,312930,19747,89607,488800,34,039,8.82160304183572,94.0642124342831,5.935787565716896,15.650538207210213
"Warren County, New Jersey",110238,99596,8827,61106,3404,19925,323100,34,041,8.007220740579474,94.72329871337777,5.276701286622229,18.074529654021298
"Bernalillo County, New Mexico",674357,66514,105164,342494,17996,95475,268500,35,001,15.594707254466107,95.00790590585036,4.992094094149629,14.157931184817537
"Catron County, New Mexico",3685,46439,772,1172,83,354,171800,35,003,20.94979647218453,93.38645418326693,6.613545816733067,9.60651289009498
"Chaves County, New Mexico",64446,52029,13763,28153,1576,4671,141900,35,005,21.355863823976662,94.69877897002927,5.301221029970735,7.247928498277628
"Cibola County, New Mexico",27059,51765,7041,9154,780,1963,120000,35,006,26.020917254887465,92.14817797463257,7.851822025367425,7.254517905318009
"Colfax County, New Mexico",12336,52690,1985,5144,181,1224,161000,35,007,16.09111543450065,96.60093896713616,3.3990610328638495,9.922178988326849
"Curry County, New Mexico",47932,56259,9743,19360,1489,3743,160800,35,009,20.326712843194525,92.85817065566694,7.141829344333061,7.808979387465577
"De Baca County, New Mexico",1580,40804,322,741,87,52,158000,35,011,20.37974683544304,89.4927536231884,10.507246376811594,3.2911392405063293
"Doña Ana County, New Mexico",221665,55663,47947,100603,6941,24324,205400,35,013,21.63038819840751,93.54589749311909,6.454102506880904,10.973315588839014
"Eddy County, New Mexico",61114,79605,7519,28919,1252,4972,199400,35,015,12.303236574271034,95.85031984355838,4.149680156441616,8.135615407271658
"Grant County, New Mexico",27856,45921,5273,10544,886,3368,164400,35,017,18.929494543365884,92.24846894138233,7.751531058617672,12.090752441125789
"Guadalupe County, New Mexico",4379,40149,904,1781,84,363,107200,35,019,20.643982644439372,95.49597855227881,4.504021447721179,8.289563827357844
"Harding County, New Mexico",748,41250,140,303,39,89,86500,35,021,18.71657754010695,88.59649122807018,11.403508771929824,11.898395721925134
"Hidalgo County, New Mexico",4097,49076,823,1680,69,363,114000,35,023,20.08786917256529,96.0548885077187,3.9451114922813035,8.860141567000245
"Lea County, New Mexico",73154,68750,13178,33134,2333,3669,176000,35,025,18.01405254668234,93.4220543040009,6.577945695999097,5.015446865516581
"Lincoln County, New Mexico",20227,51643,3205,9314,529,2769,212200,35,027,15.845157462797252,94.62562226963325,5.374377730366758,13.68962278143076
"Los Alamos County, New Mexico",19374,143188,564,10574,228,3523,452500,35,028,2.9111179931867452,97.88927976300685,2.1107202369931493,18.184164343966142
"Luna County, New Mexico",25420,37917,6517,9104,497,1672,112500,35,029,25.637293469708887,94.82345589001146,5.1765441099885425,6.577498033044847
"McKinley County, New Mexico",71172,44496,25117,25806,2431,3323,72100,35,031,35.29056370482774,91.3907284768212,8.609271523178808,4.668970943629517
"Mora County, New Mexico",4176,50178,782,1735,95,310,119900,35,033,18.726053639846743,94.80874316939891,5.191256830601093,7.423371647509579
"Otero County, New Mexico",68235,52717,12903,26433,2397,6453,149500,35,035,18.90965047263135,91.68574401664932,8.314255983350677,9.45702352165311
"Quay County, New Mexico",8616,43698,2138,3667,166,771,82200,35,037,24.814298978644384,95.66918862509783,4.330811374902165,8.948467966573816
"Rio Arriba County, New Mexico",40165,53901,8033,16687,853,3019,230900,35,039,20.0,95.13683010262257,4.863169897377423,7.516494460351051
"Roosevelt County, New Mexico",19002,52445,3856,8908,520,1395,136000,35,041,20.29260077886538,94.4845142129826,5.515485787017395,7.341332491316703
"Sandoval County, New Mexico",151538,84053,15123,72049,3873,20972,282300,35,043,9.9796750650002,94.8987118358315,5.101288164168489,13.839433013501564
"San Juan County, New Mexico",121178,53020,27779,50099,3887,7897,185100,35,045,22.924128142071993,92.79998518134332,7.200014818656689,6.5168594959481085
"San Miguel County, New Mexico",27036,47400,5689,11707,619,2905,177600,35,047,21.042313951768012,94.97809508356319,5.0219049164368,10.74493268234946
"Santa Fe County, New Mexico",155175,74689,19103,76167,4114,26025,416900,35,049,12.310617045271467,94.87549980692816,5.124500193071835,16.77138714354761
"Sierra County, New Mexico",11511,37840,2810,3588,128,892,144800,35,051,24.41143254278516,96.55543595263725,3.4445640473627552,7.749109547389453
"Socorro County, New Mexico",16308,47556,4502,5764,139,1153,143200,35,053,27.606082904096148,97.6452651194308,2.354734880569202,7.070149619818494
"Taos County, New Mexico",34516,58908,4943,15535,780,5289,354000,35,055,14.32089465755012,95.2191235059761,4.780876494023905,15.323328311507705
"Torrance County, New Mexico",15290,46250,3100,6189,721,1021,145100,35,057,20.27468933943754,89.56584659913169,10.434153400868308,6.677567037279268
"Union County, New Mexico",4039,45319,702,1543,102,311,135900,35,059,17.380539737558802,93.79939209726443,6.2006079027355625,7.699925724189156
"Valencia County, New Mexico",77382,58333,13941,32402,2246,6404,206800,35,061,18.015817632007444,93.51766335719233,6.482336642807665,8.275826419580781
"Albany County, New York",315374,83149,38700,169724,8838,49653,277400,36,001,12.271144736091118,95.05045866421747,4.949541335782529,15.744164071863882
"Allegany County, New York",47027,61233,7095,20960,1513,3787,97900,36,003,15.087077636251514,93.26747652738842,6.732523472611579,8.052820720011908
"Bronx County, New York",1419250,49036,374138,646993,71936,130281,517000,36,005,26.36166989607187,89.99400497128367,10.005995028716326,9.179566672538312
"Broome County, New York",197738,61059,35448,92733,6175,21526,145100,36,007,17.92675156014524,93.75682452379989,6.243175476200105,10.886122040275517
"Cattaraugus County, New York",76479,58248,13039,34512,1797,6055,109400,36,009,17.04912459629441,95.05081384780632,4.949186152193671,7.917206030413578
"Cayuga County, New York",75464,66583,9914,36691,1428,7436,164200,36,011,13.137390013781406,96.25383666937748,3.746163330622524,9.853705077917947
"Chautauqua County, New York",126329,56507,20703,57439,3155,12215,119300,36,013,16.38816107148794,94.79321384955605,5.206786150443938,9.669197096470327
"Chemung County, New York",82805,63469,12500,39010,2475,8778,132100,36,015,15.095706780991486,94.03398818850187,5.966011811498132,10.60080912988346
"Chenango County, New York",46685,62093,5597,22613,1556,3554,128100,36,017,11.988861518689086,93.56200091025694,6.437999089743059,7.612723572882082
"Clinton County, New York",78961,69208,10097,37745,1507,8387,175100,36,019,12.787325388482923,96.16070518699684,3.8392948130031592,10.621699319917427
"Columbia County, New York",61245,83619,6818,30961,1629,8836,309800,36,021,11.13233733365989,95.00153421294875,4.998465787051243,14.427300187770431
"Cortland County, New York",46401,67527,5494,24657,1415,4328,158100,36,023,11.840262063317601,94.5727216937711,5.427278306228905,9.327385185664102
"Delaware County, New York",44551,60226,6317,20473,1303,4835,176200,36,025,14.179255235572713,94.01634827332843,5.983651726671565,10.852730578438194
"Dutchess County, New York",297144,97273,23328,157372,7549,44414,368100,36,027,7.850739035619093,95.4226569084592,4.577343091540798,14.946961742454837
"Erie County, New York",950044,71175,130009,488637,23643,137582,217400,36,029,13.684524085200264,95.38475052705552,4.615249472944483,14.481645060649823
"Essex County, New York",37077,70215,4143,17679,887,4885,200000,36,031,11.174043207379238,95.22244963912529,4.777550360874717,13.175283868705668
"Franklin County, New York",47066,63747,7179,20256,954,4372,128600,36,033,15.253048910041219,95.50212164073551,4.497878359264497,9.289083414779247
"Fulton County, New York",52787,62615,7532,25451,956,5111,156100,36,035,14.268664633337755,96.37974779414549,3.620252205854508,9.682308144050618
"Genesee County, New York",57943,72055,6018,29931,1248,5712,157800,36,037,10.386069067877052,95.997305878957,4.00269412104301,9.857963861035845
"Greene County, New York",47554,74011,4945,22519,735,6195,248300,36,039,10.398704630525298,96.83925346177001,3.160746538229982,13.027295285359802
"Hamilton County, New York",5102,68950,506,2357,127,586,242000,36,041,9.917679341434733,94.88727858293076,5.112721417069243,11.485691885535084
"Herkimer County, New York",59932,68858,7826,29211,1291,5616,135000,36,043,13.058132550223586,95.7674906563504,4.232509343649596,9.370620036040846
"Jefferson County, New York",116130,64978,14832,47485,3031,11359,181000,36,045,12.771893567553604,93.99992081716684,6.000079182833161,9.781279600447775
"Kings County, New York",2646306,78548,494754,1352910,100919,454186,889700,36,047,18.69602381583989,93.05839957794211,6.94160042205789,17.163018940364417
"Lewis County, New York",26618,68329,3230,12512,681,2060,158000,36,049,12.13464572845443,94.83817175775032,5.161828242249678,7.739123901119544
"Livingston County, New York",61588,72464,6606,30429,1369,6986,169600,36,051,10.726115477040981,95.69469777973457,4.305302220265426,11.343118789374554
"Madison County, New York",67572,73141,6033,32457,1336,6840,176800,36,053,8.928254306517493,96.04651850975054,3.95348149024946,10.122535961640915
"Monroe County, New York",754068,74409,95297,392838,20055,120022,197100,36,055,12.63771967514866,95.14280939613894,4.857190603861048,15.916601685789612
"Montgomery County, New York",49461,62923,7163,23929,1131,3888,141600,36,057,14.482117223671176,95.48683160415004,4.51316839584996,7.8607387638745685
"Nassau County, New York",1388138,143408,72719,733543,35100,257500,658700,36,059,5.2386001968104035,95.43351074556068,4.5664892544393165,18.5500288876178
"New York County, New York",1627788,104553,250056,950067,66581,415812,1108900,36,061,15.3617055783677,93.45092893508864,6.549071064911356,25.544604088493095
"Niagara County, New York",211341,67809,27014,106316,6334,24531,177400,36,063,12.782186135203297,94.37727474478473,5.6227252552152684,11.60730762133235
"Oneida County, New York",229645,68819,32026,107136,5059,25310,171100,36,065,13.945872977857126,95.4908864031374,4.509113596862605,11.021359054192342
"Onondaga County, New York",471611,74740,62884,240601,12265,68569,185300,36,067,13.333870499203792,95.14960492909287,4.850395070907121,14.539313120347067
"Ontario County, New York",112405,79814,9961,56879,2291,16154,202900,36,069,8.86170544014946,96.12810545884739,3.871894541152611,14.371246830657
"Orange County, New York",403840,96497,51238,194723,10556,46977,361100,36,071,12.687698098256735,94.85773021107859,5.1422697889214195,11.632577258320127
"Orleans County, New York",39686,63838,4948,18988,1099,3157,126200,36,073,12.46787280149171,94.52879972121272,5.4712002787872756,7.954946328680139
"Oswego County, New York",117945,68461,18598,57777,3971,10743,139600,36,075,15.768366611556234,93.56902247846084,6.430977521539159,9.10848276739158
"Otsego County, New York",59738,67086,7741,28113,1491,7281,175900,36,077,12.958251029495463,94.96351844345358,5.036481556546413,12.18822190230674
"Putnam County, New York",97988,127405,6331,52411,2163,17222,448000,36,079,6.460995223904968,96.03657419283908,3.963425807160919,17.57562150467404
"Queens County, New York",2330124,84961,282195,1218380,85295,365531,699200,36,081,12.11072887108154,93.45734174545036,6.542658254549638,15.68719089627848
"Rensselaer County, New York",160341,86663,18177,85325,4799,24375,244300,36,083,11.336464160757385,94.67511428698238,5.32488571301762,15.201975789099482
"Richmond County, New York",492734,98290,53177,240078,13201,74016,658500,36,085,10.792232725973852,94.78796110218376,5.212038897816242,15.02149232648853
"Rockland County, New York",338936,110631,51969,158008,9277,48405,564200,36,087,15.332983218070668,94.4543742714529,5.5456257285470905,14.281457266268557
"St. Lawrence County, New York",107796,61900,16924,47263,2708,9016,119800,36,089,15.700025974989796,94.58085689700026,5.4191431029997394,8.36394671416379
"Saratoga County, New York",237075,99653,15723,128191,3990,42092,324800,36,091,6.632078456184752,96.9814118519303,3.0185881480696923,17.754718970789835
"Schenectady County, New York",159603,76989,19384,80936,4685,21281,223100,36,093,12.145135116507836,94.52821153688932,5.471788463110686,13.333709266116553
"Schoharie County, New York",29979,71188,3106,14528,784,2903,182000,36,095,10.360585743353681,94.8798328108673,5.120167189132706,9.683445078221421
"Schuyler County, New York",17749,65625,2663,8588,541,1570,163300,36,097,15.003662178150881,94.07383064957827,5.926169350421733,8.845568764437434
"Seneca County, New York",33125,66007,4167,15406,727,3583,142700,36,099,12.579622641509433,95.49370854769727,4.506291452302733,10.816603773584905
"Steuben County, New York",93034,64740,12537,44679,2595,8704,128600,36,101,13.475718554506955,94.51072471125778,5.489275288742227,9.355719414407636
"Suffolk County, New York",1525680,128329,95543,821529,37812,229744,539500,36,103,6.2623223742855645,95.59988409723265,4.400115902767353,15.05846573331236
"Sullivan County, New York",79147,69826,11547,37774,2297,9476,234800,36,105,14.589308501901524,94.26767487709316,5.732325122906841,11.972658470946467
"Tioga County, New York",48106,71791,5810,23428,1234,5274,153200,36,107,12.07749553070303,94.99635066093586,5.003649339064147,10.963289402569327
"Tompkins County, New York",102879,73012,13547,52166,2778,15474,271500,36,109,13.167896266487816,94.94394292370414,5.056057076295865,15.040970460443823
"Ulster County, New York",182109,81804,25084,90622,4619,27094,315100,36,111,13.774168217935411,95.15019791896347,4.849802081036528,14.87790279448023
"Warren County, New York",65560,78239,5910,33412,1257,9264,247600,36,113,9.01464307504576,96.37428250021634,3.6257174997836685,14.130567419158025
"Washington County, New York",60883,72342,6304,29998,1617,5649,185000,36,115,10.354286089713057,94.88533923770362,5.114660762296378,9.27845211306933
"Wayne County, New York",91128,73914,10174,45474,1569,10351,163400,36,117,11.164515845843209,96.66475352337224,3.335246476627766,11.358748134492142
"Westchester County, New York",996888,118411,86670,528070,31760,181482,638400,36,119,8.694055901966921,94.32684922208527,5.673150777914724,18.204853504104772
"Wyoming County, New York",39980,68913,3968,18831,716,3317,154700,36,121,9.924962481240621,96.33703381593082,3.662966184069166,8.296648324162081
"Yates County, New York",24637,67521,3318,10814,317,2427,178000,36,123,13.46754880870236,97.15209774503639,2.847902254963615,9.85103705808337
"Alamance County, North Carolina",174286,64445,23943,88133,4305,22130,221200,37,001,13.737764364320714,95.34282437958416,4.657175620415846,12.697520167999723
"Alexander County, North Carolina",36440,65268,4204,16997,877,2747,190000,37,003,11.536772777167947,95.09343180038044,4.906568199619559,7.538419319429199
"Alleghany County, North Carolina",11075,44272,1907,4505,242,1276,199000,37,005,17.218961625282166,94.90204339582895,5.097956604171055,11.521444695259593
"Anson County, North Carolina",21903,44245,4235,9082,630,1281,119300,37,007,19.33525087887504,93.51317957166391,6.486820428336079,5.848513902205178
"Ashe County, North Carolina",26831,50827,3724,11838,642,2977,221900,37,009,13.879467779806939,94.85576923076923,5.144230769230769,11.09537475308412
"Avery County, North Carolina",17643,57657,1641,7119,343,1846,233200,37,011,9.301139262030267,95.4033771106942,4.596622889305816,10.46307317349657
"Beaufort County, North Carolina",44597,57997,7931,20455,1112,4290,181200,37,013,17.783707424266208,94.84397459081003,5.156025409189966,9.619481131017782
"Bertie County, North Carolina",17482,45931,3152,6502,543,1469,95800,37,015,18.029973687221144,92.29240596167494,7.707594038325054,8.40292872669031
"Bladen County, North Carolina",29591,44528,6207,11835,503,3079,125800,37,017,20.975972424047853,95.92316420813745,4.076835791862538,10.405190767463079
"Brunswick County, North Carolina",145889,74034,13570,62090,3206,24735,314700,37,019,9.301592306479584,95.09005145797599,4.909948542024014,16.954671017006078
"Buncombe County, North Carolina",271790,70578,31202,136260,4770,53513,360000,37,021,11.480186909010632,96.61774090619018,3.382259093809828,19.689098200816808
"Burke County, North Carolina",87863,55684,15326,41920,2024,8291,170500,37,023,17.44306477129167,95.3941379938103,4.605862006189696,9.436281483673445
"Cabarrus County, North Carolina",231262,86084,20450,122148,5521,36733,318600,37,025,8.842784374432462,95.6755359562619,4.324464043738105,15.883716304451228
"Caldwell County, North Carolina",80618,55401,10087,38704,1844,7571,174000,37,027,12.512094073283883,95.45230344283318,4.547696557166814,9.39120295715597
"Camden County, North Carolina",10743,87781,537,5312,259,1367,289800,37,029,4.998603741971516,95.35092443008436,4.6490755699156345,12.724564832914457
"Carteret County, North Carolina",68652,70235,6781,31839,1369,10634,304200,37,031,9.877352444211384,95.87749939773549,4.122500602264514,15.48971625007283
"Caswell County, North Carolina",22689,59407,3325,9858,562,1744,151200,37,033,14.654678478557893,94.60652591170825,5.393474088291747,7.6865441403323205
"Catawba County, North Carolina",162051,64544,20376,80348,3370,19976,218100,37,035,12.573819353166597,95.97458133256886,4.025418667431138,12.326983480509222
"Chatham County, North Carolina",78319,88534,8111,37464,1129,14528,397800,37,037,10.356363079201726,97.07459902054777,2.9254009794522324,18.549777193273663
"Cherokee County, North Carolina",29197,51496,4218,12511,670,3666,208700,37,039,14.446689728396752,94.91692587815795,5.083074121842046,12.556084529232455
"Chowan County, North Carolina",13814,56982,2790,6479,385,1492,204400,37,041,20.196901693933693,94.39102564102564,5.6089743589743595,10.800637034892139
"Clay County, North Carolina",11391,53645,1516,4331,184,1880,263300,37,043,13.308752523922395,95.92469545957918,4.075304540420819,16.504257747344393
"Cleveland County, North Carolina",100170,55769,16925,47093,2692,9312,180200,37,045,16.896276330238592,94.59274881992567,5.4072511800743195,9.296196466007785
"Columbus County, North Carolina",50453,48184,9006,20541,965,3623,128300,37,047,17.850276494955704,95.51288012647633,4.4871198735236675,7.180940677462193
"Craven County, North Carolina",101074,64635,13368,42413,1915,10735,206200,37,049,13.225953261966481,95.67993142032124,4.320068579678758,10.62093119892356
"Cumberland County, North Carolina",336749,58780,54794,135674,10457,36517,183700,37,051,16.27146628497783,92.84409194489875,7.155908055101244,10.843981719322105
"Currituck County, North Carolina",29612,91548,2248,15294,448,4357,351200,37,053,7.591516952586789,97.15411002413926,2.8458899758607545,14.713629609617723
"Dare County, North Carolina",37534,81214,2817,20167,1185,8376,425400,37,055,7.505195289604092,94.45016860247284,5.549831397527163,22.31576703788565
"Davidson County, North Carolina",171063,62426,23367,81546,3302,17574,200100,37,057,13.659879693446275,96.10833490477089,3.8916650952291154,10.273408042650953
"Davie County, North Carolina",43526,73234,4310,21028,954,5602,235300,37,059,9.90212746404448,95.66008552452007,4.339914475479938,12.870468225887974
"Duplin County, North Carolina",49053,51880,8708,23069,1086,4167,123200,37,061,17.752227182843047,95.50403643138067,4.4959635686193336,8.494893278698552
"Durham County, North Carolina",329405,79501,38013,181367,7545,63124,351700,37,063,11.539897694327651,96.0060769035318,3.9939230964681967,19.16303638378288
"Edgecombe County, North Carolina",48777,48480,10516,22412,1783,3969,116800,37,065,21.559341492916744,92.63070882413722,7.369291175862782,8.13703179777354
"Forsyth County, North Carolina",386740,65541,55308,191086,10179,58655,227800,37,067,14.301080829497852,94.94248875860184,5.057511241398157,15.166520142731551
"Franklin County, North Carolina",71962,71386,7118,35900,1991,8492,240900,37,069,9.89133153608849,94.74545406560925,5.254545934390753,11.800672577193518
"Gaston County, North Carolina",231485,65472,29054,115842,5552,29339,235000,37,071,12.551137222714214,95.42646259287937,4.573537407120615,12.674255351318662
"Gates County, North Carolina",10437,61612,1212,4818,432,427,163900,37,073,11.612532336878413,91.77142857142857,8.228571428571428,4.09121395036888
"Graham County, North Carolina",8041,49038,686,3597,232,652,155800,37,075,8.53127720432782,93.94097675633326,6.059023243666753,8.108444223355304
"Granville County, North Carolina",61439,70975,8020,28012,1244,7406,235700,37,077,13.053597877569622,95.74788077659284,4.252119223407164,12.054232653526261
"Greene County, North Carolina",20421,50904,3968,8533,478,1272,114000,37,079,19.430977914891535,94.69537232271668,5.30462767728332,6.228882033201116
"Guilford County, North Carolina",542987,66027,79108,279203,13221,85148,234900,37,081,14.56904124776468,95.47882526741991,4.521174732580089,15.68140673717787
"Halifax County, North Carolina",48219,45071,11826,19827,1719,3533,102500,37,083,24.52560194114353,92.02172096908939,7.97827903091061,7.326987287168958
"Harnett County, North Carolina",136503,69012,19368,58088,2907,14276,220700,37,085,14.188699149469242,95.23403557668661,4.765964423313386,10.458378204142035
"Haywood County, North Carolina",62432,61001,6960,29260,981,8476,254900,37,087,11.14812916453101,96.75605965411197,3.2439403458880327,13.576371091747822
"Henderson County, North Carolina",117387,67623,13536,55971,1872,19515,317800,37,089,11.531089473280687,96.7636533374825,3.2363466625175046,16.624498453832196
"Hertford County, North Carolina",20492,47472,3986,8797,461,1479,111100,37,091,19.45149326566465,95.0205227910996,4.97947720890041,7.21745071247316
"Hoke County, North Carolina",53102,60095,9011,20702,1528,5065,196000,37,093,16.969229030921625,93.12640575798471,6.873594242015295,9.538247147000114
"Hyde County, North Carolina",4625,47338,898,1683,50,370,119600,37,095,19.416216216216217,97.11482977495672,2.8851702250432774,8.0
"Iredell County, North Carolina",191800,78678,17271,100500,4400,30269,292300,37,097,9.004692387904067,95.80552907530982,4.194470924690181,15.781543274244003
"Jackson County, North Carolina",43089,53479,7575,20814,1331,4855,253900,37,099,17.579892780059875,93.98961390833145,6.010386091668548,11.267376824711643
"Johnston County, North Carolina",226623,79838,25065,115890,4560,30223,267600,37,101,11.06021895394554,96.21419676214197,3.785803237858033,13.336245659090206
"Jones County, North Carolina",9245,55659,1942,4030,167,980,122600,37,103,21.00594916170903,96.02096735763641,3.979032642363593,10.600324499729584
"Lee County, North Carolina",64565,63060,9787,30611,1237,6488,213800,37,105,15.158367536591033,96.1159256468224,3.8840743531775934,10.048788043057383
"Lenoir County, North Carolina",54917,44795,12100,24409,1768,3919,111400,37,107,22.03325017754065,93.24597929480079,6.7540207051992205,7.136223755849737
"Lincoln County, North Carolina",90359,78490,8097,45457,1614,12649,279500,37,109,8.960922542303479,96.57113721824479,3.428862781755221,13.998605562257218
"McDowell County, North Carolina",44679,55527,6057,19593,914,3985,168300,37,111,13.556704492043242,95.54298532208514,4.4570146779148585,8.919179032655162
"Macon County, North Carolina",37533,53298,5337,16807,492,4436,229000,37,113,14.219486851570618,97.15590496560495,2.8440950343950515,11.818932672581461
"Madison County, North Carolina",21640,58628,2378,10210,261,3327,263500,37,115,10.98890942698706,97.50740139432719,2.4925986056728107,15.37430683918669
"Martin County, North Carolina",21773,46793,4186,9962,699,1745,109900,37,117,19.225646442842052,93.44339180189476,6.556608198105243,8.014513388141275
"Mecklenburg County, North Carolina",1130906,83765,115896,643609,27284,239842,371200,37,119,10.248066594394228,95.93318159527674,4.066818404723257,21.207951854530794
"Mitchell County, North Carolina",14973,58089,1889,7097,464,1510,202100,37,121,12.616042209310091,93.86324560243354,6.13675439756646,10.084819341481332
"Montgomery County, North Carolina",25874,55849,4027,11233,326,2385,150300,37,123,15.563886527015535,97.17968682411974,2.8203131758802664,9.217747545798872
"Moore County, North Carolina",102840,82837,10077,43508,2023,18084,315300,37,125,9.798716452742124,95.55687333904372,4.443126660956271,17.584597432905486
"Nash County, North Carolina",95451,60704,13116,45548,2826,9763,171100,37,127,13.741081811610146,94.15801877041386,5.841981229586142,10.228284669621063
"New Hanover County, North Carolina",231214,72892,27891,125036,5904,46824,353700,37,129,12.062850865432024,95.49106460974492,4.508935390255079,20.251368861747128
"Northampton County, North Carolina",17212,47935,3311,7323,474,1507,102200,37,131,19.236579130838948,93.92073874567141,6.079261254328587,8.755519405066233
"Onslow County, North Carolina",208537,64568,21794,73831,4258,20233,219500,37,133,10.45090319703458,94.54724737158882,5.452752628411172,9.702354977773728
"Orange County, North Carolina",147292,88553,16892,76010,2738,25681,428500,37,135,11.468375743421232,96.52308630060446,3.4769136993955403,17.435434375254598
"Pamlico County, North Carolina",12315,61624,1414,4730,211,1365,209800,37,137,11.481932602517256,95.72960939081158,4.270390609188423,11.084043848964678
"Pasquotank County, North Carolina",40830,63912,3827,18812,1239,4978,223300,37,139,9.373010041636052,93.82075706947285,6.179242930527156,12.192015674748959
"Pender County, North Carolina",63475,76838,6641,30606,1838,8814,267100,37,141,10.462386766443482,94.33485390210825,5.665146097891752,13.885781803859787
"Perquimans County, North Carolina",13146,61224,1494,5337,269,1178,211600,37,143,11.364673664993154,95.20156974669996,4.798430253300036,8.96090065419139
"Person County, North Carolina",39275,64927,7182,19832,764,3946,192800,37,145,18.286441756842777,96.29054185278694,3.709458147213051,10.047103755569701
"Pitt County, North Carolina",172279,58851,32225,87594,6614,20921,194300,37,147,18.705123665681832,92.97936480978261,7.020635190217392,12.143673924273997
"Polk County, North Carolina",19689,61005,2643,9095,394,3163,281100,37,149,13.42373914368429,95.84782379597428,4.152176204025714,16.06480776067855
"Randolph County, North Carolina",145322,59047,21205,70312,2590,12722,171600,37,151,14.591734217805977,96.4472853968341,3.552714603165894,8.754352403627806
"Richmond County, North Carolina",42818,43626,10478,19487,1863,2988,120800,37,153,24.471016862067355,91.27400468384074,8.725995316159251,6.978373581204167
"Robeson County, North Carolina",116858,40318,32642,45612,2861,7205,88600,37,155,27.933046945865925,94.09774513646772,5.902254863532275,6.165602697290729
"Rockingham County, North Carolina",91585,55796,15086,43178,2723,7207,156000,37,157,16.472129715564776,94.06766737108124,5.93233262891876,7.869192553365726
"Rowan County, North Carolina",148487,63196,22881,71737,4221,15294,216100,37,159,15.409429781731735,94.44298164775272,5.557018352247295,10.299891572999655
"Rutherford County, North Carolina",64850,49771,11196,28652,1575,6265,180800,37,161,17.264456437933692,94.78942667151884,5.210573328481159,9.660755589822667
"Sampson County, North Carolina",59245,53159,11727,26234,1375,4524,128400,37,163,19.794075449405014,95.01973993987468,4.980260060125322,7.636087433538695
"Scotland County, North Carolina",34353,43500,8544,14609,1476,2174,109900,37,165,24.871190289057722,90.82374883431768,9.176251165682313,6.328413821209209
"Stanly County, North Carolina",63557,61631,8765,29630,1212,6618,214300,37,167,13.790770489481883,96.07029375526879,3.9297062447312103,10.412700410655003
"Stokes County, North Carolina",44889,60039,5280,21035,959,4097,186800,37,169,11.762347122903162,95.63971992361553,4.360280076384469,9.126957606540579
"Surry County, North Carolina",71407,56095,11724,33626,1666,6590,166400,37,171,16.4185584046382,95.27938342967245,4.720616570327553,9.228787093702298
"Swain County, North Carolina",14065,55429,2890,6319,524,1196,209800,37,173,20.547458229648065,92.34253982171562,7.657460178284378,8.503377177390686
"Transylvania County, North Carolina",33243,64523,4576,14852,535,6111,336100,37,175,13.765303973768914,96.523038928966,3.4769610710339895,18.382817435249528
"Tyrrell County, North Carolina",3376,43952,585,1231,63,238,138400,37,177,17.3281990521327,95.13137557959814,4.868624420401855,7.049763033175356
"Union County, North Carolina",244975,99243,18530,128614,5352,40533,374400,37,179,7.5640371466476175,96.00495648149531,3.995043518504695,16.54576997652822
"Vance County, North Carolina",42361,46943,7936,19542,1338,3682,146300,37,181,18.734213073345764,93.59195402298852,6.4080459770114935,8.691957224805835
"Wake County, North Carolina",1151009,101763,89566,637987,26495,263970,422800,37,183,7.781520387764126,96.01268356403936,3.987316435960643,22.93379113456107
"Warren County, North Carolina",18751,45279,4004,7923,636,1804,124700,37,185,21.353527811850036,92.56922537679635,7.430774623203646,9.620820222921445
"Washington County, North Carolina",10905,41750,2631,4433,498,674,107000,37,187,24.126547455295736,89.900628675725,10.099371324274994,6.180651077487391
"Watauga County, North Carolina",54607,51367,12005,29244,2621,8049,321500,37,189,21.984360979361618,91.77467440765732,8.225325592342696,14.739868515025545
"Wayne County, North Carolina",117606,58082,19436,52760,2856,11536,162700,37,191,16.526367702328113,94.86478711162255,5.1352128883774455,9.809023349148854
"Wilkes County, North Carolina",65983,50438,10623,30199,1484,5515,161400,37,193,16.099601412485036,95.31610011678187,4.68389988321813,8.358213479229498
"Wilson County, North Carolina",78648,51381,16226,35628,2138,6660,171800,37,195,20.63116671752619,94.33882328019912,5.661176719800879,8.46811107720476
"Yadkin County, North Carolina",37419,60321,5050,17918,969,3176,176400,37,197,13.495817632753415,94.86948694869487,5.1305130513051305,8.487666693391057
"Yancey County, North Carolina",18676,54961,2763,8067,488,2125,222300,37,199,14.7943885200257,94.29573348918761,5.70426651081239,11.378239451702719
"Adams County, North Dakota",2179,55417,307,996,21,215,108300,38,001,14.089031665901791,97.93510324483776,2.0648967551622417,9.866911427260211
"Barnes County, North Dakota",10794,70230,1149,5592,173,1748,168100,38,003,10.644802668148971,96.99913269731137,3.0008673026886385,16.194181952936816
"Benson County, North Dakota",5861,68049,1295,2139,41,514,83100,38,005,22.09520559631462,98.11926605504587,1.8807339449541285,8.769834499232212
"Billings County, North Dakota",948,81250,122,492,8,136,322500,38,007,12.869198312236287,98.4,1.6,14.345991561181433
"Bottineau County, North Dakota",6390,83460,460,3016,48,937,190900,38,009,7.198748043818466,98.43342036553526,1.5665796344647518,14.663536776212831
"Bowman County, North Dakota",2935,83773,272,1498,53,406,176400,38,011,9.267461669505963,96.58284977433914,3.4171502256608637,13.833049403747872
"Burke County, North Dakota",2163,96339,111,1065,47,292,141900,38,013,5.131761442441054,95.77338129496404,4.226618705035971,13.499768839574664
"Burleigh County, North Dakota",98986,84948,7801,51803,1580,17998,314700,38,015,7.880912452265977,97.04025626135662,2.9597437386433882,18.182369223930657
"Cass County, North Dakota",189286,75023,18980,114188,3467,34792,284700,38,017,10.027154675992941,97.05324890569887,2.946751094301135,18.380651500903394
"Cavalier County, North Dakota",3663,67064,273,1741,19,497,122300,38,019,7.4529074529074535,98.92045454545455,1.0795454545454546,13.568113568113569
"Dickey County, North Dakota",4959,63125,503,2606,76,663,167100,38,021,10.143174027021578,97.16629381058911,2.8337061894108873,13.369630973986691
"Divide County, North Dakota",2174,89297,153,1032,31,248,173100,38,023,7.0377184912603505,97.08372530573848,2.916274694261524,11.40754369825207
"Dunn County, North Dakota",4043,94688,288,1952,50,458,244000,38,025,7.123423200593619,97.5024975024975,2.4975024975024978,11.328221617610685
"Eddy County, North Dakota",2319,55389,283,1170,24,383,115500,38,027,12.203536006899526,97.98994974874373,2.0100502512562812,16.515739542906424
"Emmons County, North Dakota",3269,67368,268,1564,30,364,112400,38,029,8.198225757112267,98.11794228356337,1.8820577164366372,11.134903640256958
"Foster County, North Dakota",3372,83412,299,1850,2,565,162800,38,031,8.867141162514828,99.89200863930886,0.10799136069114472,16.755634638196916
"Golden Valley County, North Dakota",1679,76528,298,811,37,173,119200,38,033,17.748659916617036,95.63679245283019,4.363207547169811,10.303752233472304
"Grand Forks County, North Dakota",72764,68450,9496,40435,1096,10123,244200,38,035,13.050409543180693,97.36100744022538,2.638992559774626,13.912099389808146
"Grant County, North Dakota",2276,56750,389,1062,39,308,85800,38,037,17.091388400702986,96.45776566757493,3.5422343324250685,13.53251318101933
"Griggs County, North Dakota",2340,64737,228,1146,17,341,128200,38,039,9.743589743589745,98.53826311263973,1.4617368873602752,14.572649572649574
"Hettinger County, North Dakota",2453,70827,215,1254,76,254,110900,38,041,8.764777823073787,94.28571428571428,5.714285714285714,10.354667753770892
"Kidder County, North Dakota",2374,61850,243,1020,15,307,138500,38,043,10.235888795282225,98.55072463768117,1.4492753623188406,12.931760741364783
"LaMoure County, North Dakota",4107,70263,430,2085,34,579,118000,38,045,10.469929388848307,98.39546956111374,1.6045304388862671,14.097881665449233
"Logan County, North Dakota",1848,61339,204,900,10,299,101800,38,047,11.03896103896104,98.9010989010989,1.098901098901099,16.17965367965368
"McHenry County, North Dakota",5264,80614,511,2652,124,642,143200,38,049,9.707446808510637,95.53314121037464,4.46685878962536,12.196048632218845
"McIntosh County, North Dakota",2512,64236,372,1260,12,246,80300,38,051,14.808917197452228,99.05660377358491,0.9433962264150944,9.79299363057325
"McKenzie County, North Dakota",14280,88289,1801,7162,111,1616,357300,38,053,12.61204481792717,98.4738072322288,1.5261927677712086,11.316526610644258
"McLean County, North Dakota",9807,81847,806,4669,73,1362,233100,38,055,8.218619353522993,98.46056516237874,1.5394348376212568,13.888039155705108
"Mercer County, North Dakota",8341,79405,869,3714,70,1064,196200,38,057,10.418415058146504,98.15010570824523,1.849894291754757,12.756264236902052
"Morton County, North Dakota",33479,79483,2297,18907,268,5291,249600,38,059,6.8610173541623105,98.60234680573664,1.3976531942633639,15.803936796200604
"Mountrail County, North Dakota",9567,81292,1244,4517,133,864,222200,38,061,13.003031253266437,97.13978494623656,2.860215053763441,9.0310442144873
"Nelson County, North Dakota",3015,68051,288,1376,16,475,114500,38,063,9.55223880597015,98.85057471264368,1.1494252873563218,15.754560530679933
"Oliver County, North Dakota",1821,76953,86,848,8,182,217000,38,065,4.72267984623833,99.06542056074767,0.9345794392523363,9.9945085118067
"Pembina County, North Dakota",6787,66884,576,3226,130,854,116600,38,067,8.486813024900545,96.12634088200238,3.873659117997616,12.582879033446295
"Pierce County, North Dakota",3961,63214,463,1921,26,593,143400,38,069,11.68896743246655,98.66461222393426,1.335387776065742,14.97096692754355
"Ramsey County, North Dakota",11563,61319,1800,6149,115,1709,197400,38,071,15.56689440456629,98.16411238825033,1.8358876117496807,14.779901409668772
"Ransom County, North Dakota",5662,74521,593,2823,59,612,174800,38,073,10.473330978452843,97.95281054823039,2.0471894517696043,10.8089014482515
"Renville County, North Dakota",2277,76311,158,1146,10,262,163400,38,075,6.938954765041721,99.13494809688581,0.8650519031141869,11.506368028107158
"Richland County, North Dakota",16550,72524,1582,8680,154,2155,177600,38,077,9.558912386706949,98.25673534072901,1.7432646592709984,13.021148036253777
"Rolette County, North Dakota",12065,57355,2920,4581,262,769,93000,38,079,24.202237878159966,94.59013008465827,5.409869915341731,6.373808537090758
"Sargent County, North Dakota",3822,77697,297,2087,24,400,149600,38,081,7.770800627943484,98.86309805779251,1.1369019422074846,10.465724751439037
"Sheridan County, North Dakota",1327,67361,113,648,7,193,107700,38,083,8.51544837980407,98.93129770992365,1.0687022900763359,14.544084400904294
"Sioux County, North Dakota",3789,41676,1590,1351,291,166,87400,38,085,41.96357878068092,82.27771010962242,17.72228989037759,4.381103193454738
"Slope County, North Dakota",795,62500,51,423,23,113,121300,38,087,6.415094339622642,94.84304932735425,5.15695067264574,14.213836477987421
"Stark County, North Dakota",33116,80744,3538,17014,528,4405,260400,38,089,10.683657446551516,96.99008094858056,3.0099190514194505,13.301727261746588
"Steele County, North Dakota",1731,80313,230,821,29,343,120400,38,091,13.287117273252456,96.58823529411765,3.4117647058823533,19.81513575967649
"Stutsman County, North Dakota",21525,60172,2469,11034,402,2617,200300,38,093,11.470383275261325,96.48478488982161,3.5152151101783837,12.157955865272939
"Towner County, North Dakota",2113,63017,237,1027,14,232,122800,38,095,11.216280170373876,98.65513928914505,1.344860710854947,10.979649787032656
"Traill County, North Dakota",7980,88289,523,4245,94,1212,193200,38,097,6.553884711779448,97.83360221249136,2.1663977875086426,15.18796992481203
"Walsh County, North Dakota",10488,69976,1081,5276,113,1006,125700,38,099,10.307017543859649,97.90313601781406,2.0968639821859343,9.591914569031273
"Ward County, North Dakota",69232,79273,5255,34939,1201,9088,259100,38,101,7.590420614744627,96.67681239623685,3.3231876037631434,13.126877744395655
"Wells County, North Dakota",3942,61346,405,1862,30,511,106400,38,103,10.273972602739725,98.41437632135307,1.5856236786469344,12.962962962962962
"Williams County, North Dakota",39368,90224,3406,20647,526,3766,267800,38,105,8.651696809591547,97.51570396259388,2.4842960374061303,9.566145092460882
"Adams County, Ohio",27510,49521,5508,11141,724,1383,157500,39,001,20.021810250817886,93.89801938474504,6.101980615254952,5.027262813522356
"Allen County, Ohio",101685,62001,12815,48961,2865,8513,158400,39,003,12.602645424595565,94.47188669779646,5.528113302203527,8.371932930127354
"Ashland County, Ohio",52296,64991,6988,25545,942,5259,175900,39,005,13.362398653816735,96.4435383395628,3.5564616604371957,10.056218448829739
"Ashtabula County, Ohio",97343,55507,17208,45345,3127,7253,149600,39,007,17.677696393166432,93.5488529460307,6.451147053969302,7.450972334939338
"Athens County, Ohio",61573,53837,11914,30426,1750,6041,173800,39,009,19.34939015477563,94.56116360019891,5.438836399801094,9.81111850973641
"Auglaize County, Ohio",46209,76454,3408,24388,603,4029,182000,39,011,7.375186651950918,97.58713136729223,2.4128686327077746,8.719080698565215
"Belmont County, Ohio",65982,58411,8872,30219,1715,5619,143000,39,013,13.446091358249221,94.62954844366506,5.370451556334941,8.51595889788124
"Brown County, Ohio",43710,69990,7498,20173,870,3110,181100,39,015,17.15396934339968,95.86560851589601,4.134391484103977,7.1150766415008
"Butler County, Ohio",389910,81194,44346,195813,9385,52329,243000,39,017,11.373393860121567,95.42636867805729,4.573631321942709,13.420789412941447
"Carroll County, Ohio",26731,64675,3274,12363,485,1749,174500,39,019,12.247951816243313,96.22509339975093,3.7749066002490657,6.542965096704201
"Champaign County, Ohio",38772,74239,3131,20067,1041,3491,186300,39,021,8.075415248117197,95.06822057987493,4.931779420125071,9.003920354895286
"Clark County, Ohio",135445,60846,20582,64014,4173,10774,155900,39,023,15.195835948170844,93.88006511505125,6.119934884948744,7.9545202849865255
"Clermont County, Ohio",209862,83178,18343,109590,4476,28996,245600,39,025,8.74050566562789,96.07595602545894,3.9240439745410556,13.816698592408343
"Clinton County, Ohio",42014,68125,6018,20888,987,3536,192800,39,027,14.323796829628218,95.488,4.5120000000000005,8.416242204979293
"Columbiana County, Ohio",101203,58474,13547,48354,2323,7922,139100,39,029,13.38596681916544,95.41606646012984,4.583933539870158,7.827831190774977
"Coshocton County, Ohio",36679,54687,6776,16393,866,2827,142300,39,031,18.473786090133316,94.98232806072194,5.017671939278058,7.707407508383543
"Crawford County, Ohio",41767,55477,5416,20303,1144,2800,123600,39,033,12.967175042497667,94.66592064158156,5.3340793584184265,6.703857112074125
"Cuyahoga County, Ohio",1249418,62823,198469,651035,45151,181794,183200,39,035,15.884916016897469,93.51452054479694,6.4854794552030635,14.550294617173757
"Darke County, Ohio",51655,64654,5721,24734,669,3919,169100,39,037,11.07540412351176,97.36645278116758,2.633547218832421,7.5868744555222145
"Defiance County, Ohio",38258,73615,3731,19546,791,3442,150900,39,039,9.7522086883789,96.11053744406746,3.8894625559325364,8.9968111244707
"Delaware County, Ohio",221160,130088,11029,120799,3587,50725,419500,39,041,4.986887321396274,97.11623494605503,2.8837650539449777,22.935883523241092
"Erie County, Ohio",74938,68431,9228,37990,2327,10160,183900,39,043,12.31417972190344,94.2282411885805,5.771758811419501,13.557874509594598
"Fairfield County, Ohio",161289,87069,12903,81958,2956,22781,272200,39,045,7.999925599389915,96.51883081706197,3.4811691829380313,14.124335819553721
"Fayette County, Ohio",28880,60047,4541,13529,585,1843,162200,39,047,15.723684210526315,95.85517925464079,4.144820745359218,6.381578947368421
"Franklin County, Ohio",1321635,73795,187832,729064,33148,227712,265700,39,049,14.21209335406523,95.65107870251322,4.348921297486789,17.229567921551713
"Fulton County, Ohio",42434,72866,3640,21585,780,3483,176000,39,051,8.578027053777632,96.5124077800134,3.4875922199865865,8.208040722062497
"Gallia County, Ohio",29162,56455,4219,12423,452,2024,135000,39,053,14.467457650366915,96.48932038834953,3.5106796116504855,6.9405390576778
"Geauga County, Ohio",95479,100783,5490,49415,1480,16062,305100,39,055,5.74995548759413,97.09205226446606,2.9079477355339423,16.8225473664366
"Greene County, Ohio",168531,85218,15757,84542,3392,24710,238000,39,057,9.349615204324428,96.14256146655447,3.857438533445539,14.661990969020536
"Guernsey County, Ohio",38283,55756,5965,17397,875,2732,154100,39,059,15.581328527022439,95.21125218914186,4.788747810858143,7.136326829140873
"Hamilton County, Ohio",827878,70816,120229,436983,22048,138192,225700,39,061,14.522550424096304,95.19683855774447,4.803161442255534,16.692314568088534
"Hancock County, Ohio",74885,69699,7497,38755,1262,9485,196500,39,063,10.011350737797956,96.84634030537022,3.1536596946297824,12.666088001602457
"Hardin County, Ohio",30527,58001,5153,14694,598,2315,134800,39,065,16.880138893438595,96.08945854041329,3.9105414595867116,7.583450715759819
"Harrison County, Ohio",14408,53851,2060,5885,267,889,118000,39,067,14.297612437534704,95.65994798439532,4.340052015604681,6.170183231538035
"Henry County, Ohio",27581,79267,2292,14117,506,2368,166000,39,069,8.310068525434176,96.53969773644259,3.4603022635574097,8.585620535876147
"Highland County, Ohio",43403,62008,6169,20228,809,3008,157000,39,071,14.213303227887472,96.15439463801873,3.845605361981271,6.930396516369836
"Hocking County, Ohio",27938,61366,4723,13220,647,1933,172300,39,073,16.90529028563247,95.33424677291411,4.6657532270858875,6.918891831913523
"Holmes County, Ohio",44312,74774,3831,21014,428,1953,251800,39,075,8.645513630619245,98.00391754500512,1.99608245499487,4.407384004332912
"Huron County, Ohio",58412,65972,6904,28593,1178,4369,158900,39,077,11.819489146065877,96.04312921971045,3.956870780289543,7.479627473806752
"Jackson County, Ohio",32588,58409,5659,14504,588,2425,140400,39,079,17.36528783601326,96.1038961038961,3.896103896103896,7.441389468516019
"Jefferson County, Ohio",64855,56983,10603,29901,1491,6170,120600,39,081,16.34877804332742,95.25038226299695,4.749617737003058,9.513530182715288
"Knox County, Ohio",62888,73988,6530,30264,746,6539,218300,39,083,10.383538989950388,97.59432441148017,2.4056755885198324,10.39785014629182
"Lake County, Ohio",232101,77952,18731,126317,5424,33713,199900,39,085,8.07019357951926,95.88283070570286,4.117169294297144,14.52514207177048
"Lawrence County, Ohio",57385,54842,9902,24630,751,4751,135600,39,087,17.25538032586913,97.04109373153146,2.9589062684685397,8.279167029711596
"Licking County, Ohio",180311,81033,17873,90809,2881,24318,250700,39,089,9.912318161398916,96.92496531113247,3.0750346888675417,13.486697982929494
"Logan County, Ohio",46140,69183,5158,22647,811,3994,186200,39,091,11.179020372778501,96.54275726830932,3.457242731690681,8.656263545730386
"Lorain County, Ohio",314588,70693,39114,154344,6859,38245,207200,39,093,12.433404961409844,95.74511640602222,4.254883593977779,12.157170648594352
"Lucas County, Ohio",428748,60095,74739,215837,14726,51594,155200,39,095,17.4319180497635,93.6130255071282,6.386974492871797,12.033642139438552
"Madison County, Ohio",44126,83229,3809,20886,836,4889,231400,39,097,8.632098989258035,96.15136727741461,3.8486327225853976,11.07963558899515
"Mahoning County, Ohio",227063,55576,40423,109523,7017,27356,141100,39,099,17.80254819147109,93.97889136777073,6.021108632229277,12.047757670778594
"Marion County, Ohio",65145,57306,9145,28334,1686,4320,146200,39,101,14.037915419448922,94.38374417055296,5.616255829447035,6.631360810499655
"Medina County, Ohio",183049,92660,11133,98949,3008,30988,268000,39,103,6.081978049593278,97.04973665368733,2.9502633463126613,16.928800485116007
"Meigs County, Ohio",22072,46701,4775,8881,544,1284,113400,39,105,21.63374411018485,94.22811671087533,5.771883289124668,5.817325117796303
"Mercer County, Ohio",42438,78036,2555,22027,396,3960,208600,39,107,6.020547622413874,98.23395620568166,1.7660437943183338,9.331259720062208
"Miami County, Ohio",109549,74175,9345,55955,2027,11317,209200,39,109,8.530429305607537,96.5040874754234,3.495912524576593,10.33053701996367
"Monroe County, Ohio",13308,58962,1995,5779,347,695,132000,39,111,14.990982867448151,94.33561867450211,5.664381325497878,5.2224226029455965
"Montgomery County, Ohio",535528,64403,77204,267578,15645,67126,167400,39,113,14.416426405342017,94.47608421632424,5.52391578367576,12.534545345901616
"Morgan County, Ohio",13758,55971,1936,5796,172,952,134200,39,115,14.071812763483063,97.11796246648794,2.8820375335120643,6.919610408489605
"Morrow County, Ohio",35214,71047,3781,17301,522,3204,200800,39,117,10.737206792752882,97.07120013465746,2.9287998653425347,9.098653944453911
"Muskingum County, Ohio",86382,59203,13148,40897,1883,7460,170100,39,119,15.220763585006136,95.59841047218326,4.401589527816737,8.63605843810053
"Noble County, Ohio",14252,55360,1401,4552,133,1030,149300,39,121,9.830199270277856,97.16115261472785,2.838847385272145,7.227055851810273
"Ottawa County, Ohio",40161,75728,3303,19582,572,5371,200700,39,123,8.224396802868455,97.16185372630744,2.8381462736925673,13.373670974328327
"Paulding County, Ohio",18800,68167,1783,9238,363,1370,126800,39,125,9.48404255319149,96.21914383918342,3.7808561608165814,7.287234042553191
"Perry County, Ohio",35474,64737,5141,15902,635,2631,178300,39,127,14.492304222811073,96.16012577855717,3.8398742214428254,7.416699554603372
"Pickaway County, Ohio",59407,72927,6668,27846,1163,6099,235700,39,129,11.22426650058074,95.99089937605571,4.009100623944293,10.266466914673355
"Pike County, Ohio",27080,49552,5309,10932,585,1827,148500,39,131,19.60487444608567,94.92055222714248,5.079447772857515,6.746676514032496
"Portage County, Ohio",161421,72822,17567,87404,4629,20184,210500,39,133,10.882722817972878,94.97028239870481,5.029717601295188,12.503949300276915
"Preble County, Ohio",40802,71237,4553,20671,728,3088,171100,39,135,11.15876672712122,96.5979718678443,3.4020281321557078,7.568256458016764
"Putnam County, Ohio",34352,82785,2427,17355,373,4155,191600,39,137,7.065090824406147,97.89598375451264,2.1040162454873648,12.09536562645552
"Richland County, Ohio",125138,57649,16434,57113,2727,9853,154000,39,139,13.132701497546709,95.4428475935829,4.557152406417112,7.873707427000591
"Ross County, Ohio",76748,59819,12012,33645,1527,6020,158500,39,141,15.651222181685517,95.65847833503923,4.341521664960765,7.843852608537031
"Sandusky County, Ohio",58770,62500,7654,28839,1124,5627,152500,39,143,13.023651522885826,96.24870673831059,3.751293261689417,9.574612897736941
"Scioto County, Ohio",73118,49571,15618,29429,1935,5843,132300,39,145,21.35999343526902,93.83050631297029,6.169493687029715,7.9911923192647505
"Seneca County, Ohio",54861,65020,6194,27858,1100,4897,136200,39,147,11.290351980459707,96.20139512397266,3.79860487602735,8.926195293560088
"Shelby County, Ohio",48007,72822,5268,24857,1142,4387,190300,39,149,10.973399712541921,95.60752336628332,4.392476633716681,9.138250671777033
"Stark County, Ohio",373764,65740,46553,186653,7230,42362,177700,39,151,12.45518562515384,96.27094691128154,3.7290530887184534,11.333889834226946
"Summit County, Ohio",538087,71016,66926,284800,14866,85408,195700,39,153,12.437765640128827,95.03914357985224,4.960856420147765,15.87252619000273
"Trumbull County, Ohio",201367,55088,33135,91046,4071,19491,128100,39,155,16.455029870832856,95.72000799015949,4.279992009840512,9.679341699484027
"Tuscarawas County, Ohio",92585,64494,11848,44781,2367,8645,176800,39,157,12.796889344926285,94.97963858488166,5.020361415118351,9.337365663984446
"Union County, Ohio",65293,109506,3169,35099,843,11245,306600,39,159,4.853506501462638,97.65455456012464,2.3454454398753546,17.22236686934281
"Van Wert County, Ohio",28824,65344,2710,14521,532,2118,137300,39,161,9.401887316125451,96.46582076662459,3.534179233375407,7.348043297252289
"Vinton County, Ohio",12686,53813,2083,5375,194,948,131700,39,163,16.419675232539806,96.51643023882205,3.4835697611779493,7.472804666561564
"Warren County, Ohio",246364,107843,13008,128648,4026,46140,319700,39,165,5.279992206653569,96.96549436965796,3.0345056303420415,18.7283856407592
"Washington County, Ohio",59318,61355,7429,28054,1304,5646,174100,39,167,12.524023062139655,95.5582805368213,4.441719463178691,9.518190094069254
"Wayne County, Ohio",116618,71769,9807,56873,1865,11591,204600,39,169,8.409507966180179,96.82488338043515,3.1751166195648475,9.939288960537825
"Williams County, Ohio",36862,61834,4262,18213,635,2421,140000,39,171,11.562042211491509,96.63094227504244,3.3690577249575555,6.567739135152732
"Wood County, Ohio",131795,73124,15163,71718,3292,18512,214400,39,173,11.504988808376645,95.61125183308891,4.388748166911078,14.046056375431542
"Wyandot County, Ohio",21699,71878,1600,11091,278,1939,159500,39,175,7.373611687174524,97.55475415603834,2.44524584396165,8.935895663394627
"Adair County, Oklahoma",19595,48028,4145,7947,553,892,111500,40,001,21.15335544781832,93.49411764705883,6.5058823529411764,4.5521816789997445
"Alfalfa County, Oklahoma",5685,67870,629,2145,93,587,103000,40,003,11.064204045734389,95.84450402144772,4.1554959785522785,10.325417766051011
"Atoka County, Oklahoma",14255,52034,2257,5425,242,1048,138000,40,005,15.8330410382322,95.72966296100229,4.270337038997706,7.351806383725008
"Beaver County, Oklahoma",5041,64266,483,2352,45,543,117900,40,007,9.58143225550486,98.1226533166458,1.877346683354193,10.771672287244595
"Beckham County, Oklahoma",22202,52323,4339,8734,507,1299,153400,40,009,19.5432843887938,94.51358078130072,5.486419218699274,5.850824250067562
"Blaine County, Oklahoma",8603,59304,1157,3322,248,847,126200,40,011,13.448796931303034,93.0532212885154,6.946778711484594,9.845402766476811
"Bryan County, Oklahoma",47237,54280,7991,21648,1041,5226,163700,40,013,16.9168236763554,95.41187359513421,4.588126404865793,11.063361348095773
"Caddo County, Oklahoma",26626,52817,4782,11227,603,2107,109900,40,015,17.95988883046646,94.90278951817413,5.097210481825867,7.913317809659731
"Canadian County, Oklahoma",162621,85427,13659,84907,3406,24011,230300,40,017,8.399284225284557,96.14326316623827,3.856736833761734,14.765005749564938
"Carter County, Oklahoma",48255,58856,7150,22152,869,4148,153500,40,019,14.817117397160917,96.22518570001303,3.7748142999869687,8.596000414464822
"Cherokee County, Oklahoma",47621,53668,8887,21960,1127,5798,160300,40,021,18.661934860670712,95.11846493697752,4.88153506302248,12.17530081266668
"Choctaw County, Oklahoma",14299,45456,3096,5879,249,1026,119700,40,023,21.651863766696973,95.93668407310705,4.06331592689295,7.175326945940276
"Cimarron County, Oklahoma",2247,57204,234,1055,3,440,94500,40,025,10.413885180240321,99.7164461247637,0.28355387523629494,19.581664441477525
"Cleveland County, Oklahoma",297545,74446,36484,155633,7529,40142,222800,40,027,12.261674704666522,95.38556771797356,4.614432282026453,13.491068577862173
"Coal County, Oklahoma",5275,48162,1111,2130,131,358,92500,40,029,21.061611374407583,94.2061034940292,5.793896505970809,6.786729857819905
"Comanche County, Oklahoma",121699,59000,19857,48592,3355,12247,154300,40,031,16.31648575584023,93.54149421525786,6.458505784742141,10.063353026729882
"Cotton County, Oklahoma",5475,60313,1230,2391,53,530,113200,40,033,22.465753424657535,97.83142389525368,2.1685761047463172,9.680365296803654
"Craig County, Oklahoma",14215,50182,2599,5758,273,1040,132900,40,035,18.283503341540627,95.47338749792738,4.5266125020726244,7.316215265564545
"Creek County, Oklahoma",72353,61849,9901,32656,1160,6445,170900,40,037,13.684297817644051,96.56967116158032,3.430328838419683,8.907716335189972
"Custer County, Oklahoma",28332,57562,4408,14665,519,3672,177000,40,039,15.558379217845545,96.58192834562698,3.418071654373024,12.960609911054638
"Delaware County, Oklahoma",41017,55114,7513,17350,840,3916,164900,40,041,18.31679547504693,95.38207806487081,4.617921935129192,9.54726089182534
"Dewey County, Oklahoma",4433,60550,627,1930,86,360,118200,40,043,14.1439205955335,95.73412698412699,4.265873015873016,8.120911346717799
"Ellis County, Oklahoma",3717,56992,504,1754,114,367,122500,40,045,13.559322033898304,93.89721627408993,6.102783725910064,9.873553941350552
"Garfield County, Oklahoma",62322,67302,7645,29590,1250,6251,149800,40,047,12.266936234395558,95.94682230869002,4.053177691309987,10.030165912518854
"Garvin County, Oklahoma",25779,57127,3885,11209,311,2032,132600,40,049,15.07040614453625,97.30034722222223,2.6996527777777777,7.8823848869234645
"Grady County, Oklahoma",55868,75730,6732,26688,1383,5890,187900,40,051,12.04983174625904,95.07320722453778,4.9267927754622205,10.542707811269421
"Grant County, Oklahoma",4137,61824,543,1804,73,478,79500,40,053,13.12545322697607,96.11081513052744,3.8891848694725626,11.554266376601403
"Greer County, Oklahoma",5498,60183,658,2097,98,520,103600,40,055,11.967988359403419,95.53530751708428,4.4646924829157175,9.457984721716988
"Harmon County, Oklahoma",2452,54286,402,1150,111,175,75700,40,057,16.39477977161501,91.19746233148295,8.80253766851705,7.137030995106036
"Harper County, Oklahoma",3231,59191,502,1487,32,442,99300,40,059,15.536985453419994,97.89335088874259,2.106649111257406,13.67997523986382
"Haskell County, Oklahoma",11667,49930,2306,5015,297,864,122300,40,061,19.765149567155223,94.40888554216868,5.591114457831326,7.4055026999228595
"Hughes County, Oklahoma",13411,47923,2463,4634,257,812,94900,40,063,18.365520841100587,94.74545082805153,5.254549171948477,6.054731190813511
"Jackson County, Oklahoma",24730,61497,3813,11229,588,2498,145000,40,065,15.418520016174686,95.02411779639502,4.975882203604976,10.101091791346542
"Jefferson County, Oklahoma",5377,48750,1191,2251,93,458,77500,40,067,22.149897712479078,96.03242320819113,3.967576791808874,8.517760833178352
"Johnston County, Oklahoma",10334,50911,2167,4158,212,1014,110700,40,069,20.96961486355719,95.1487414187643,4.851258581235697,9.81227017611767
"Kay County, Oklahoma",43731,56673,6616,20091,1202,3746,116800,40,071,15.12885596030276,94.35495233175222,5.645047668247781,8.566005808236719
"Kingfisher County, Oklahoma",15288,70617,1757,7557,144,1611,206400,40,073,11.492673992673993,98.13011297234125,1.8698870276587458,10.53767660910518
"Kiowa County, Oklahoma",8458,42063,2069,3398,146,707,90300,40,075,24.46204776542918,95.8803611738149,4.119638826185101,8.358950106408134
"Latimer County, Oklahoma",9495,41048,1748,3650,267,480,103300,40,077,18.409689310163245,93.18355884605566,6.8164411539443455,5.055292259083728
"Le Flore County, Oklahoma",48728,50027,9405,19568,1020,3410,121600,40,079,19.301017895255296,95.04565766465902,4.954342335340976,6.9980298801510425
"Lincoln County, Oklahoma",33917,59425,5515,14828,528,2552,152000,40,081,16.260282454226495,96.56160458452722,3.4383954154727796,7.524250375917682
"Logan County, Oklahoma",50905,82735,6747,23756,790,7255,234300,40,083,13.25410077595521,96.78155300252587,3.21844699747413,14.252038110205284
"Love County, Oklahoma",10196,62940,1491,4658,217,856,167500,40,085,14.62338171832091,95.54871794871795,4.451282051282051,8.395449195763044
"McClain County, Oklahoma",43779,84778,3396,21695,1011,5799,233900,40,087,7.7571438360857945,95.54743239672334,4.452567603276667,13.246076886178304
"McCurtain County, Oklahoma",30825,50175,6423,12748,533,2300,126100,40,089,20.83698296836983,95.98674798584443,4.013252014155561,7.461476074614761
"McIntosh County, Oklahoma",19237,46203,3944,6596,277,1322,135800,40,091,20.502157301034465,95.96973665066201,4.030263349337989,6.872173415813276
"Major County, Oklahoma",7656,69229,855,3474,65,694,134700,40,093,11.16771159874608,98.16332297259113,1.8366770274088724,9.06478578892372
"Marshall County, Oklahoma",15628,56495,2548,6488,348,1407,139700,40,095,16.30406961863322,94.9093036863663,5.090696313633704,9.003071410289225
"Mayes County, Oklahoma",39406,57279,6829,17982,1180,3315,171900,40,097,17.32984824645993,93.84197891660578,6.1580210833942175,8.412424503882658
"Murray County, Oklahoma",13807,61904,1704,6172,128,1217,154900,40,099,12.341565872383574,97.96825396825398,2.0317460317460316,8.814369522705874
"Muskogee County, Oklahoma",66471,51999,12691,27530,1627,5849,138800,40,101,19.092536594906047,94.4198648694996,5.580135130500395,8.7993260218742
"Noble County, Oklahoma",10909,70071,1220,4924,113,1066,142600,40,103,11.183426528554405,97.75660115147905,2.243398848520945,9.771748097900817
"Nowata County, Oklahoma",9392,52679,1516,4025,206,801,121900,40,105,16.141396933560475,95.13117466320018,4.868825336799811,8.528534923339013
"Okfuskee County, Oklahoma",11304,45441,2802,3870,120,696,110800,40,107,24.787685774946922,96.99248120300751,3.007518796992481,6.1571125265392785
"Oklahoma County, Oklahoma",800487,65374,123302,401554,19447,115747,207800,40,109,15.403373196566589,95.3807710670521,4.619228932947903,14.45957273509751
"Okmulgee County, Oklahoma",36922,53123,6254,15767,1137,2975,114600,40,111,16.938410703645523,93.27378135352579,6.726218646474208,8.057526677861437
"Osage County, Oklahoma",45963,60482,5591,20286,1091,4776,172300,40,113,12.164132019232861,94.89638396407354,5.103616035926463,10.3909666470857
"Ottawa County, Oklahoma",30360,48656,6047,12700,441,1973,114300,40,115,19.917654808959156,96.64409101286051,3.3559089871394874,6.498682476943346
"Pawnee County, Oklahoma",15689,57551,2625,6783,241,1331,125700,40,117,16.73146790745108,96.56890660592255,3.4310933940774486,8.483650965644719
"Payne County, Oklahoma",82290,48937,17305,38926,1737,9757,217700,40,119,21.029286669097097,95.72830337161548,4.271696628384526,11.856847733624985
"Pittsburg County, Oklahoma",43629,54787,7553,18300,1057,3913,146300,40,121,17.31187971303491,94.53944309552101,5.460556904479,8.968805152536156
"Pontotoc County, Oklahoma",38158,62564,4641,18192,640,4605,170500,40,123,12.162587137690654,96.60152931180968,3.3984706881903146,12.068242570365323
"Pottawatomie County, Oklahoma",73011,60828,10879,31626,1704,6953,155700,40,125,14.900494446042378,94.88748874887489,5.112511251125112,9.523222528112202
"Pushmataha County, Oklahoma",10787,44634,2508,4057,252,592,116800,40,127,23.250208584407154,94.15177535391041,5.84822464608958,5.488087512746825
"Roger Mills County, Oklahoma",3378,62721,517,1523,51,365,152600,40,129,15.304914150384844,96.75984752223634,3.2401524777636594,10.805210183540556
"Rogers County, Oklahoma",97235,77688,9128,49163,2291,11550,222200,40,131,9.38756620558441,95.54747930190072,4.452520698099273,11.878438833753279
"Seminole County, Oklahoma",23550,46191,5106,9237,660,1655,91200,40,133,21.681528662420384,93.33131251894513,6.668687481054865,7.0276008492569
"Sequoyah County, Oklahoma",39676,49795,7967,16080,769,2945,127500,40,135,20.080149208589575,95.43593091578136,4.564069084218648,7.4226232483113215
"Stephens County, Oklahoma",43314,60236,7464,18849,996,3893,135100,40,137,17.232303643163874,94.98110355253212,5.018896447467876,8.987856120422958
"Texas County, Oklahoma",20880,59275,3787,10153,252,2052,155600,40,139,18.13697318007663,97.5780874579529,2.421912542047093,9.827586206896552
"Tillman County, Oklahoma",6967,47445,1160,2973,175,599,71900,40,141,16.649921056408783,94.44091486658196,5.559085133418043,8.597674752404192
"Tulsa County, Oklahoma",673708,67317,97074,343876,18551,97061,213500,40,143,14.40891306025756,94.88145198895226,5.118548011047742,14.406983440897244
"Wagoner County, Oklahoma",84339,78520,7797,42127,2024,10466,216000,40,145,9.244833351118698,95.41573237299268,4.584267627007316,12.409442843761486
"Washington County, Oklahoma",52895,61205,7541,23912,924,7284,160900,40,147,14.256545987333396,96.27959413754228,3.720405862457723,13.7706777578221
"Washita County, Oklahoma",10857,61980,1336,4989,303,951,113300,40,149,12.305425071382519,94.27437641723357,5.72562358276644,8.759325780602376
"Woods County, Oklahoma",8619,50512,1463,4355,296,1216,141900,40,151,16.97412692887806,93.63577725220382,6.364222747796173,14.10836523958696
"Woodward County, Oklahoma",20260,65060,2149,10237,487,2011,178000,40,153,10.6071076011846,95.45878403580753,4.541215964192466,9.925962487660414
"Baker County, Oregon",16796,57844,2252,6743,310,2377,247700,41,001,13.407954274827341,95.60470721678719,4.395292783212818,14.152179090259587
"Benton County, Oregon",96359,76011,17389,50556,3400,17133,481700,41,003,18.046056932927907,93.69856920453702,6.30143079546297,17.78038377318154
"Clackamas County, Oregon",422308,100360,31386,218776,9999,77182,577900,41,005,7.432016442975269,95.62933012785489,4.370669872145121,18.276234407115187
"Clatsop County, Oregon",41343,68705,5038,19247,853,5247,437800,41,007,12.185859758604844,95.75621890547264,4.243781094527363,12.691386691822073
"Columbia County, Oregon",53178,86359,4578,25304,1123,4996,390600,41,009,8.608823197562902,95.75055814129489,4.249441858705112,9.394862537139419
"Coos County, Oregon",64832,60313,9935,27357,1507,6445,302800,41,011,15.324222606120436,94.77896341463415,5.221036585365853,9.94107847976308
"Crook County, Oregon",25651,81675,2475,12107,644,2789,423300,41,013,9.64874663755799,94.94941573209944,5.050584267900557,10.87287045339363
"Curry County, Oregon",23463,64769,3094,9039,482,2802,366700,41,015,13.18671951583344,94.93750656443652,5.062493435563491,11.94220687891574
"Deschutes County, Oregon",203026,87640,18793,106235,4971,41151,596000,41,017,9.256449912819049,95.52991745049727,4.470082549502725,20.268832563317012
"Douglas County, Oregon",111807,58983,17284,46234,2724,10059,283200,41,019,15.458781650522777,94.43604722415131,5.563952775848686,8.996753333869972
"Gilliam County, Oregon",2002,64219,248,863,15,254,158400,41,021,12.387612387612387,98.29157175398633,1.7084282460136675,12.687312687312687
"Grant County, Oregon",7238,59800,1071,3052,190,793,225100,41,023,14.796905222437138,94.13942011104257,5.860579888957433,10.956065211384361
"Harney County, Oregon",7515,48338,942,3267,145,462,190600,41,025,12.53493013972056,95.75029308323563,4.249706916764361,6.147704590818363
"Hood River County, Oregon",23958,82095,1306,13194,465,3834,571200,41,027,5.451206277652559,96.5956512189765,3.4043487810235007,16.003005259203608
"Jackson County, Oregon",222563,71443,27295,104517,5673,30128,400200,41,029,12.263943243036802,94.85161992921319,5.148380070786822,13.536841253937087
"Jefferson County, Oregon",24973,73051,2811,11283,866,2460,339200,41,031,11.256156649181115,92.87184130381101,7.1281586961889865,9.850638689784967
"Josephine County, Oregon",88069,59097,13713,36330,2821,8115,383100,41,033,15.570745665330593,92.79456463436439,7.2054353656356165,9.21436600847063
"Klamath County, Oregon",69812,59353,12598,28756,2276,6623,255700,41,035,18.045608204893142,92.66563547306006,7.334364526939933,9.486907694952157
"Lake County, Oregon",8254,61222,1379,3406,151,871,219400,41,037,16.707051126726434,95.75484959235311,4.245150407646894,10.55245941361764
"Lane County, Oregon",382628,69311,57161,195167,13241,52544,395800,41,039,14.939053075049397,93.64659705961384,6.353402940386166,13.732398047189436
"Lincoln County, Oregon",50632,61314,7888,21400,1693,6725,387700,41,041,15.579080423447621,92.66877408738578,7.331225912614212,13.282114078053405
"Linn County, Oregon",129794,73396,16414,62472,3705,12644,344600,41,043,12.646193198452933,94.40137812230836,5.598621877691645,9.741590520363037
"Malheur County, Oregon",31701,49902,5025,12463,628,2163,221300,41,045,15.851234976814613,95.20281109158965,4.797188908410358,6.823128607930349
"Marion County, Oregon",346532,74624,44208,168250,8709,39674,383300,41,047,12.757263398474022,95.07852101334208,4.9214789866579265,11.448870522780002
"Morrow County, Oregon",12249,70217,1730,5503,167,495,229800,41,049,14.123601926687893,97.0546737213404,2.945326278659612,4.041146216017634
"Multnomah County, Oregon",803863,86247,98908,470877,25568,175476,528000,41,051,12.304086641629233,94.84978194966209,5.1502180503379025,21.829092768295094
"Polk County, Oregon",88553,81318,10581,42735,2212,10913,419500,41,053,11.948776438968753,95.07864818564087,4.9213518143591335,12.323693155511389
"Sherman County, Oregon",1908,59500,341,831,7,150,206700,41,055,17.872117400419288,99.16467780429595,0.8353221957040573,7.861635220125786
"Tillamook County, Oregon",27471,66551,3197,11502,570,3513,408600,41,057,11.637727057624405,95.27833001988071,4.721669980119284,12.788031014524407
"Umatilla County, Oregon",80087,68958,9606,36389,1947,6127,256100,41,059,11.994456029068388,94.92122287145241,5.078777128547579,7.650430157204041
"Union County, Oregon",26192,64212,4065,12345,688,3003,260500,41,061,15.520006108735492,94.72109261106422,5.278907388935778,11.4653329260843
"Wallowa County, Oregon",7532,65559,581,3462,179,1293,371900,41,063,7.713754646840148,95.08376819555068,4.916231804449327,17.166755177907593
"Wasco County, Oregon",26603,63602,3160,12908,1004,2498,332500,41,065,11.87835958350562,92.78320874065555,7.2167912593444505,9.389918430252226
"Washington County, Oregon",600266,104434,47458,332460,15109,119682,558500,41,067,7.906161601689917,95.65294948628905,4.347050513710947,19.938160748734727
"Wheeler County, Oregon",1434,51250,142,515,17,146,259000,41,069,9.902370990237099,96.80451127819549,3.195488721804511,10.181311018131103
"Yamhill County, Oregon",108122,87084,10684,52201,2352,14134,442700,41,071,9.881430236214646,95.68859641082985,4.3114035891701645,13.072270213277593
"Adams County, Pennsylvania",105183,81071,8439,54712,1685,10664,256100,42,001,8.02315963606286,97.01225242477437,2.9877475752256326,10.138520483348069
"Allegheny County, Pennsylvania",1240476,76393,135306,670748,33128,234058,216700,42,003,10.907587087537364,95.29348919411942,4.706510805880582,18.868402129505125
"Armstrong County, Pennsylvania",65069,64295,7258,31249,1448,6077,146300,42,005,11.154313113771535,95.57145915527418,4.428540844725816,9.33931672532235
"Beaver County, Pennsylvania",166993,70156,16575,85269,4351,23804,185500,42,007,9.925565742276623,95.14505690694041,4.8549430930595845,14.254489709149484
"Bedford County, Pennsylvania",47503,60302,5151,23196,968,3416,172900,42,009,10.843525672062817,95.9940407217348,4.005959278265188,7.1911247710670905
"Berks County, Pennsylvania",429989,77684,48747,223263,11745,51020,239700,42,011,11.336801639111698,95.00229779411765,4.997702205882353,11.865419813064985
"Blair County, Pennsylvania",121854,60594,15388,59161,2628,14289,156700,42,013,12.62822722274197,95.74681577627085,4.253184223729143,11.726328228864052
"Bradford County, Pennsylvania",59971,62482,7968,27035,1487,5356,182300,42,015,13.28642177052242,94.78648061145782,5.213519388542178,8.930983308599156
"Bucks County, Pennsylvania",645993,111951,38691,352858,16077,121430,421700,42,017,5.989383785892417,95.64232181820645,4.357678181793541,18.797417309475488
"Butler County, Pennsylvania",195870,86775,15175,101436,4346,34211,275600,42,019,7.747485577168531,95.8915505473521,4.108449452647898,17.466176545668045
"Cambria County, Pennsylvania",132355,56292,17864,59838,2828,14657,115900,42,021,13.497034490574592,95.48718603389398,4.512813966106022,11.074005515469759
"Cameron County, Pennsylvania",4475,47681,712,1927,180,297,88200,42,023,15.910614525139666,91.45704793545325,8.54295206454675,6.636871508379888
"Carbon County, Pennsylvania",65191,67877,7697,33037,2342,6014,193700,42,025,11.806844503075578,93.38025382288929,6.619746177110715,9.225199797518062
"Centre County, Pennsylvania",158041,72748,23282,76801,3068,21816,308100,42,027,14.731620275751228,96.15870988744068,3.841290112559316,13.80401288273296
"Chester County, Pennsylvania",540896,123041,31305,296687,11414,122249,461800,42,029,5.787619061705023,96.2953706739024,3.704629326097611,22.601202449269362
"Clarion County, Pennsylvania",37297,60668,4996,18320,930,3684,152100,42,031,13.395179236935947,95.16883116883118,4.8311688311688314,9.877470037804649
"Clearfield County, Pennsylvania",78902,60181,10219,36811,2143,7882,125000,42,033,12.951509467440623,94.49863942085537,5.501360579144632,9.989607361030139
"Clinton County, Pennsylvania",37707,58842,5114,18144,1035,3398,179100,42,035,13.562468507173733,94.60347254809949,5.396527451900516,9.01158936006577
"Columbia County, Pennsylvania",65055,61992,9592,31935,1766,6599,199200,42,037,14.744447006379218,94.75979941248033,5.2402005875196584,10.143724540773192
"Crawford County, Pennsylvania",83189,60254,10152,37529,1836,7699,143400,42,039,12.203536525261754,95.33595833862569,4.664041661374317,9.254829364459244
"Cumberland County, Pennsylvania",264422,85634,19473,137604,4708,44066,261900,42,041,7.364364538502848,96.69177581651583,3.3082241834841755,16.665027872113516
"Dauphin County, Pennsylvania",287484,74159,34738,149108,6475,43600,222300,42,043,12.083455079239194,95.83823425438513,4.161765745614881,15.166061415591825
"Delaware County, Pennsylvania",576195,88576,56407,304628,20904,92346,302400,42,045,9.789567767856369,93.5785114827421,6.421488517257903,16.02686590477182
"Elk County, Pennsylvania",30703,64103,2756,15841,986,3039,128600,42,047,8.97632153209784,94.14036964402447,5.859630355975516,9.898055564602808
"Erie County, Pennsylvania",269544,61476,39543,129705,7185,34597,169500,42,049,14.670332116463362,94.75126013587553,5.24873986412448,12.835381236458613
"Fayette County, Pennsylvania",126967,56093,21411,56970,3825,11552,126900,42,051,16.86343695605945,93.70836417468541,6.291635825314581,9.098427150361905
"Forest County, Pennsylvania",6785,50061,646,1910,60,521,111900,42,053,9.521002210759027,96.95431472081218,3.0456852791878175,7.678703021370671
"Franklin County, Pennsylvania",156626,74946,11995,77876,2782,15824,236300,42,055,7.658370896275203,96.55086910163901,3.449130898360981,10.10304802523208
"Fulton County, Pennsylvania",14545,64798,1694,7097,214,1128,206000,42,057,11.646613956686148,97.07290384352346,2.9270961564765425,7.755242351323479
"Greene County, Pennsylvania",35265,66870,4017,14787,896,3239,146200,42,059,11.390897490429605,94.2868073710387,5.713192628961296,9.184744080533108
"Huntingdon County, Pennsylvania",43844,65429,4293,18944,976,3807,180300,42,061,9.791533619195329,95.1004016064257,4.899598393574297,8.68305811513548
"Indiana County, Pennsylvania",83213,58739,9985,39292,2603,8416,145400,42,063,11.999327028228763,93.78684807256235,6.213151927437642,10.113804333457512
"Jefferson County, Pennsylvania",44099,56898,6594,20284,960,3704,126700,42,065,14.9527200163269,95.48107700997929,4.5189229900207115,8.399283430463274
"Juniata County, Pennsylvania",23419,63923,2310,11271,284,1685,206300,42,067,9.863785814936591,97.5421895283427,2.4578104716572913,7.19501259660959
"Lackawanna County, Pennsylvania",215834,64691,29224,106221,5015,27959,189900,42,069,13.540035397574062,95.49156747815456,4.508432521845446,12.953936821816766
"Lancaster County, Pennsylvania",555151,83703,47050,289633,9560,74352,279400,42,071,8.475171619973665,96.80473807876521,3.1952619212347884,13.39311286478814
"Lawrence County, Pennsylvania",85423,60779,9628,40921,2533,9825,136700,42,073,11.270969176919564,94.17084733281172,5.829152667188291,11.501586223850719
"Lebanon County, Pennsylvania",143592,76350,14793,71680,2969,15036,227300,42,075,10.302105966906234,96.02271966134845,3.9772803386515556,10.471335450442922
"Lehigh County, Pennsylvania",375408,77493,43403,194346,10726,53447,276100,42,077,11.561554362187273,94.76964188187563,5.230358118124366,14.237043430081405
"Luzerne County, Pennsylvania",325978,62321,48562,162694,9330,35628,163800,42,079,14.897324359312591,94.57633818536948,5.423661814630517,10.929571934302315
"Lycoming County, Pennsylvania",113570,64412,13456,55609,2979,12615,195600,42,081,11.848199348419477,94.91534102546596,5.084658974534034,11.10768688914326
"McKean County, Pennsylvania",40149,61705,5137,18445,885,3621,98700,42,083,12.794839223891005,95.4216244180031,4.578375581996896,9.018904580437868
"Mercer County, Pennsylvania",109852,60614,13135,50445,2658,12771,153600,42,085,11.956996686450863,94.99463307157787,5.005366928422124,11.625641772566727
"Mifflin County, Pennsylvania",46074,61415,7255,21960,718,2726,142900,42,087,15.74640795242436,96.83393597318988,3.1660640268101248,5.916568997699353
"Monroe County, Pennsylvania",167784,82374,18566,83763,5359,20846,241200,42,089,11.06541744147237,93.98689436951595,6.0131056304840556,12.42430744290278
"Montgomery County, Pennsylvania",861225,111521,54662,473974,20680,177678,409900,42,091,6.347005718598508,95.81929995512014,4.180700044879855,20.630845597840285
"Montour County, Pennsylvania",18079,72926,1509,8666,224,2257,240300,42,093,8.346700591846894,97.48031496062993,2.5196850393700787,12.48409757176835
"Northampton County, Pennsylvania",315927,86687,26577,164706,7849,45687,285000,42,095,8.412386405720309,95.45130538089305,4.548694619106952,14.461252124699694
"Northumberland County, Pennsylvania",90925,57948,10671,42767,1676,8964,151600,42,097,11.736046191916415,96.22887743851675,3.7711225614832484,9.858674731921914
"Perry County, Pennsylvania",45988,78824,3651,23127,737,4298,222800,42,099,7.939027572410194,96.91166610794502,3.0883338920549783,9.345916325998086
"Philadelphia County, Pennsylvania",1582432,60698,338466,809321,68006,210729,232400,42,101,21.388975955996845,92.24850027412812,7.751499725871882,13.316780752664254
"Pike County, Pennsylvania",59691,79318,5482,28726,2111,7591,250900,42,103,9.183964081687357,93.15432759347537,6.8456724065246295,12.717160040877184
"Potter County, Pennsylvania",16276,59840,1881,7326,328,1267,146200,42,105,11.556893585647579,95.7146590018291,4.285340998170891,7.784467928237897
"Schuylkill County, Pennsylvania",143259,66901,17055,68201,3565,13058,140400,42,107,11.905011203484598,95.03246662765098,4.967533372349023,9.114959618592898
"Snyder County, Pennsylvania",39711,68435,3143,19697,462,3413,205500,42,109,7.914683588930019,97.70821965375266,2.2917803462473336,8.594595955780514
"Somerset County, Pennsylvania",73255,59378,7702,34323,1824,6080,130600,42,111,10.513958091597843,94.95393808614823,5.046061913851772,8.299774759402089
"Sullivan County, Pennsylvania",5849,64758,620,2786,178,607,186400,42,113,10.600102581637886,93.99460188933874,6.005398110661268,10.377842366216447
"Susquehanna County, Pennsylvania",38349,66930,4146,17596,978,3625,206700,42,115,10.811233669717593,94.73457521266286,5.265424787337138,9.452658478708702
"Tioga County, Pennsylvania",41078,62932,4766,19287,903,3708,176000,42,117,11.60231754223672,95.52748885586925,4.472511144130758,9.02672963630167
"Union County, Pennsylvania",42570,72894,3290,17771,411,4218,222900,42,119,7.728447263330985,97.73952260477395,2.2604773952260477,9.908386187455955
"Venango County, Pennsylvania",50096,61626,6290,22951,1455,4710,114500,42,121,12.555892686042796,94.03835122510858,5.961648774891421,9.401948259342063
"Warren County, Pennsylvania",38174,59013,4271,17526,742,3561,121800,42,123,11.188243306962855,95.93825268228596,4.061747317714035,9.32833865982082
"Washington County, Pennsylvania",209778,77487,19123,107252,5275,31109,220600,42,125,9.115827207810161,95.31223617442924,4.687763825570752,14.829486409442364
"Wayne County, Pennsylvania",51189,62182,5845,22168,1336,4990,228200,42,127,11.418468811658755,94.31586113002042,5.684138869979578,9.748188087284378
"Westmoreland County, Pennsylvania",353345,72468,34698,180298,8712,52941,193100,42,129,9.819864438438355,95.39072006772128,4.6092799322787155,14.982807171461321
"Wyoming County, Pennsylvania",26075,70268,2871,12623,595,2613,205600,42,131,11.010546500479386,95.4985625661976,4.501437433802391,10.021093000958773
"York County, Pennsylvania",459312,82238,38560,243489,10777,55071,235000,42,133,8.395164942348556,95.76152533173921,4.238474668260798,11.989889225624411
"Bristol County, Rhode Island",50568,110926,3189,26800,828,9827,468000,44,001,6.306359753203607,97.00304039380339,2.996959606196612,19.43323841164373
"Kent County, Rhode Island",170658,91278,12500,95337,4449,27118,333900,44,003,7.324590701871579,95.54145872166437,4.458541278335638,15.890260052268278
"Newport County, Rhode Island",85095,100859,7027,44400,2779,19654,559700,44,005,8.257829484693579,94.10966743678331,5.890332563216686,23.096539162112933
"Providence County, Rhode Island",658977,78204,82273,353274,22264,90198,339100,44,007,12.484957745110982,94.07143884240743,5.928561157592574,13.68757938440947
"Washington County, Rhode Island",130073,102478,9901,69738,3314,25962,469800,44,009,7.6118794830595125,95.4635054481739,4.536494551826096,19.959561169497128
"Abbeville County, South Carolina",24352,52112,3318,10354,351,2314,147200,45,001,13.625164257555847,96.7211583372256,3.2788416627744046,9.502299605781866
"Aiken County, South Carolina",171949,67940,23440,80470,4530,23850,199500,45,003,13.631949008136132,94.67058823529412,5.329411764705883,13.870391802220425
"Allendale County, South Carolina",7738,31603,1824,2855,307,329,61600,45,005,23.571982424399067,90.29095509171411,9.709044908285895,4.251744636857069
"Anderson County, South Carolina",207218,64683,29358,99323,5017,23852,212500,45,007,14.16768813520061,95.19168104274488,4.8083189572551275,11.5105830574564
"Bamberg County, South Carolina",13164,43206,2676,5811,690,961,96000,45,009,20.3281677301732,89.386248269497,10.613751730503001,7.300212701306593
"Barnwell County, South Carolina",20565,41800,5750,9137,658,1154,97200,45,011,27.960126428397764,93.28228688106176,6.717713118938234,5.611475808412351
"Beaufort County, South Carolina",192123,84819,19494,83717,2482,35837,407600,45,013,10.146624818475663,97.12061624844836,2.879383751551642,18.653154489571786
"Berkeley County, South Carolina",238723,82327,24152,116977,4270,30937,280300,45,015,10.117165082543366,96.47826337971249,3.5217366202875118,12.95937132157354
"Calhoun County, South Carolina",14150,56690,2267,6741,490,1528,148800,45,017,16.021201413427562,93.22362052274927,6.7763794772507255,10.798586572438163
"Charleston County, South Carolina",414711,84320,47041,222237,7992,89757,450800,45,019,11.343079879723469,96.52867362495601,3.471326375043978,21.64326482779574
"Cherokee County, South Carolina",56299,49047,10191,25456,1598,4261,135200,45,021,18.10156485905611,94.0932948916981,5.906705108301915,7.568518090907476
"Chester County, South Carolina",32177,51216,6177,14597,947,1891,143800,45,023,19.196941915032475,93.9076170869789,6.092382913021101,5.876868570718215
"Chesterfield County, South Carolina",43575,47620,8685,19836,1599,2446,101400,45,025,19.931153184165233,92.54023792862142,7.459762071378587,5.613310384394722
"Clarendon County, South Carolina",31037,48887,5501,12424,1073,2587,147300,45,027,17.724006830557077,92.05008520411944,7.9499147958805665,8.33521281051648
"Colleton County, South Carolina",38623,48779,7055,16871,1573,2941,145900,45,029,18.26631799704839,91.47148124051182,8.52851875948818,7.6146337674442695
"Darlington County, South Carolina",62754,47419,12500,28299,1941,5309,141400,45,031,19.919048984925265,93.5813492063492,6.418650793650793,8.460018484877457
"Dillon County, South Carolina",28031,44038,8057,12324,838,1287,84400,45,033,28.743177196675106,93.6331864458289,6.366813554171098,4.591345296279119
"Dorchester County, South Carolina",164322,76896,18643,82116,3823,21584,294400,45,035,11.34540718832536,95.55149582843644,4.448504171563552,13.135185793746423
"Edgefield County, South Carolina",26508,67092,4003,12128,707,2447,194300,45,037,15.101101554247776,94.49162446435528,5.5083755356447215,9.231175494190433
"Fairfield County, South Carolina",20741,46972,3460,10096,558,1369,129100,45,039,16.681934332963692,94.76253050497466,5.237469495025342,6.600453208620606
"Florence County, South Carolina",136921,56650,24483,62585,2926,13604,165500,45,041,17.881113927009004,95.53357451420372,4.466425485796279,9.935656327371257
"Georgetown County, South Carolina",64200,66734,9157,27466,1414,9951,262300,45,043,14.263239875389408,95.10387811634348,4.89612188365651,15.5
"Greenville County, South Carolina",537575,74624,57760,279077,11874,92650,273900,45,045,10.744547272473607,95.91890043340632,4.0810995665936876,17.23480444589127
"Greenwood County, South Carolina",69329,50635,11306,30698,1445,7548,166400,45,047,16.307750003605996,95.50446442460256,4.495535575397443,10.887218912720506
"Hampton County, South Carolina",18555,43059,3597,8308,833,954,102400,45,049,19.3856103476152,90.8872114648288,9.112788535171207,5.141471301535974
"Horry County, South Carolina",368937,64623,46454,169255,8826,47837,260500,45,051,12.591309627388958,95.04382837023601,4.9561716297639835,12.96617037597205
"Jasper County, South Carolina",30658,63503,5338,13441,686,4219,269400,45,053,17.41144236414639,95.14405039994337,4.855949600056629,13.761497814599776
"Kershaw County, South Carolina",66924,64343,9358,31211,1533,6426,191900,45,055,13.983025521487061,95.31822623992183,4.681773760078182,9.601936525013448
"Lancaster County, South Carolina",100905,74751,12160,47332,2609,14475,298100,45,057,12.050939002031615,94.77583548587333,5.224164514126669,14.3451761557901
"Laurens County, South Carolina",67904,55517,11621,30931,1407,5591,153500,45,059,17.113866635249764,95.64908157585504,4.350918424144969,8.233682846371346
"Lee County, South Carolina",16330,44145,3525,6484,368,1003,101900,45,061,21.586037966932025,94.62930531231757,5.370694687682429,6.1420698101653395
"Lexington County, South Carolina",300370,75014,34010,152392,6399,43013,217700,45,063,11.322702000865599,95.97017463206353,4.02982536793647,14.320005326763658
"McCormick County, South Carolina",9701,55344,1572,3223,178,1307,159000,45,065,16.204514998453767,94.76624522199353,5.233754778006468,13.472837851767858
"Marion County, South Carolina",28900,34501,7807,11553,678,1702,86800,45,067,27.013840830449826,94.45670836399313,5.543291636006868,5.889273356401384
"Marlboro County, South Carolina",26285,36293,6241,10047,841,1134,74500,45,069,23.743579988586646,92.27590007347538,7.724099926524615,4.314247669773636
"Newberry County, South Carolina",38121,59670,5893,17779,644,3652,158200,45,071,15.45867107368642,96.50436953807741,3.495630461922597,9.580021510453555
"Oconee County, South Carolina",79566,60193,12905,34652,2104,10080,217200,45,073,16.21923937360179,94.27576450103385,5.724235498966155,12.66872784857854
"Orangeburg County, South Carolina",83531,43214,19137,35586,3326,5842,109700,45,075,22.91005734398008,91.45250822368422,8.54749177631579,6.993810681064515
"Pickens County, South Carolina",132604,59411,21473,63798,2240,12812,216000,45,077,16.19332750143284,96.60801356794573,3.3919864320542716,9.661850321257278
"Richland County, South Carolina",418725,61699,65996,211342,13892,62729,224200,45,079,15.761179771926681,93.83219229778807,6.167807702211922,14.980954086811153
"Saluda County, South Carolina",18958,52957,3630,8555,202,1521,123200,45,081,19.14758940816542,97.69327395226675,2.306726047733242,8.022998206561875
"Spartanburg County, South Carolina",338096,64195,47882,165886,7168,36052,216000,45,083,14.162249775211775,95.85794029609255,4.142059703907451,10.663243575789124
"Sumter County, South Carolina",104853,55990,16710,44116,3231,9755,159500,45,085,15.936596950015735,93.17591399666294,6.824086003337064,9.303501092004996
"Union County, South Carolina",26990,41200,6037,11773,901,1995,100000,45,087,22.367543534642458,92.89095786649835,7.109042133501657,7.391626528343831
"Williamsburg County, South Carolina",30517,43471,6833,12489,617,1956,95100,45,089,22.390798571288133,95.2922325652373,4.707767434762704,6.40954222236786
"York County, South Carolina",288559,83060,25243,151550,6735,47386,322700,45,091,8.74795102561348,95.74501689989576,4.254983100104242,16.421598355968797
"Aurora County, South Dakota",2573,74130,209,1394,10,255,129000,46,003,8.122813835989117,99.28774928774928,0.7122507122507122,9.910610182666149
"Beadle County, South Dakota",19279,63082,2609,9404,237,2303,178400,46,005,13.532859588152913,97.54174878124677,2.4582512187532415,11.945640334042222
"Bennett County, South Dakota",3354,44569,1058,1186,117,320,138600,46,007,31.54442456768038,91.02072141212587,8.979278587874138,9.540846750149075
"Bon Homme County, South Dakota",7024,61275,645,2784,61,692,120300,46,009,9.182801822323462,97.85588752196837,2.1441124780316345,9.851936218678816
"Brookings County, South Dakota",34968,67341,4078,19779,714,5558,246300,46,011,11.662091054678564,96.5158834724052,3.4841165275947885,15.894532143674217
"Brown County, South Dakota",38079,70239,3914,21088,732,6160,212900,46,013,10.27863126657738,96.64527956003667,3.3547204399633364,16.176895401664957
"Brule County, South Dakota",5261,74043,537,2728,43,809,205500,46,015,10.20718494582779,98.44821364128474,1.5517863587152654,15.37730469492492
"Buffalo County, South Dakota",1757,47000,568,649,63,41,108000,46,017,32.32783153101878,91.15168539325843,8.848314606741573,2.333523050654525
"Butte County, South Dakota",10538,67692,749,5664,230,963,207700,46,019,7.107610552286961,96.09772650152698,3.902273498473023,9.13835642436895
"Campbell County, South Dakota",1481,65000,125,787,27,283,87900,46,021,8.440243079000675,96.68304668304668,3.3169533169533167,19.10871033085753
"Charles Mix County, South Dakota",9281,64850,2045,4170,244,1035,169200,46,023,22.034263549186512,94.47213411871319,5.527865881286815,11.151815537118845
"Clark County, South Dakota",3876,62885,416,1647,66,355,141900,46,025,10.732714138286893,96.14711033274956,3.852889667250438,9.158926728586172
"Clay County, South Dakota",15133,58794,2515,8492,711,1828,221800,46,027,16.619308795347916,92.27425839400195,7.725741605998045,12.079561223815501
"Codington County, South Dakota",28556,65080,2867,15570,310,2900,218000,46,029,10.039921557641126,98.04785894206549,1.9521410579345089,10.155483961339124
"Corson County, South Dakota",3859,43750,1731,1544,359,329,73800,46,031,44.856180357605595,81.1350499211771,18.86495007882291,8.525524747343871
"Custer County, South Dakota",8686,81958,564,4108,84,1451,327200,46,033,6.493207460280911,97.99618320610686,2.0038167938931295,16.705042597282986
"Davison County, South Dakota",19936,61401,2376,10525,90,2516,190000,46,035,11.918138041733547,99.15214319359397,0.8478568064060292,12.620385232744782
"Day County, South Dakota",5460,62270,747,2536,55,631,155100,46,037,13.681318681318682,97.8772674642995,2.122732535700502,11.556776556776557
"Deuel County, South Dakota",4318,79556,288,2146,25,546,180100,46,039,6.66975451597962,98.84845693228927,1.1515430677107323,12.644742936544699
"Dewey County, South Dakota",5230,57928,1661,2274,333,326,75400,46,041,31.759082217973233,87.22669735327963,12.773302646720369,6.233269598470363
"Douglas County, South Dakota",2823,78125,371,1462,11,347,125000,46,043,13.14204746723344,99.25322471147318,0.7467752885268161,12.291888062345024
"Edmunds County, South Dakota",4033,77266,332,1958,14,649,163600,46,045,8.232085296305481,99.29006085192698,0.7099391480730223,16.092239028018845
"Fall River County, South Dakota",7179,61056,1365,3219,113,829,176300,46,047,19.013790221479315,96.60864345738295,3.3913565426170464,11.547569299345312
"Faulk County, South Dakota",2137,58000,529,994,42,172,124100,46,049,24.754328497894242,95.94594594594594,4.054054054054054,8.048666354702855
"Grant County, South Dakota",7544,73818,822,4200,153,948,179400,46,051,10.896076352067869,96.48518263266712,3.5148173673328738,12.56627783669141
"Gregory County, South Dakota",3993,52432,434,2048,62,376,129000,46,053,10.869020786376158,97.06161137440759,2.938388625592417,9.41647883796644
"Haakon County, South Dakota",1708,59231,136,840,0,199,153200,46,055,7.962529274004685,100.0,0.0,11.651053864168619
"Hamlin County, South Dakota",6288,83194,402,3062,56,671,207700,46,057,6.393129770992366,98.20397690827454,1.7960230917254651,10.671119592875318
"Hand County, South Dakota",3045,72054,198,1649,19,445,152100,46,059,6.502463054187192,98.86091127098321,1.1390887290167866,14.614121510673234
"Hanson County, South Dakota",3473,86375,215,1856,29,356,192400,46,061,6.190613302620213,98.46153846153847,1.5384615384615385,10.250503887129284
"Harding County, South Dakota",1092,74766,60,682,7,212,156400,46,063,5.4945054945054945,98.98403483309144,1.0159651669085632,19.413919413919416
"Hughes County, South Dakota",17732,78981,1543,9051,53,3099,221100,46,065,8.701782088878863,99.41783831282952,0.5821616871704745,17.47687796074893
"Hutchinson County, South Dakota",7393,74459,708,3704,74,984,160500,46,067,9.57662653861761,98.0412916887242,1.9587083112758072,13.309887731638037
"Hyde County, South Dakota",1305,74279,103,700,18,180,134500,46,069,7.892720306513409,97.49303621169916,2.5069637883008355,13.793103448275861
"Jackson County, South Dakota",2826,26686,1031,903,76,164,111500,46,071,36.482661004954,92.23697650663942,7.763023493360572,5.803255484784147
"Jerauld County, South Dakota",1845,75417,188,962,11,228,127000,46,073,10.18970189701897,98.86947584789311,1.1305241521068858,12.357723577235772
"Jones County, South Dakota",1030,64688,162,462,0,119,117100,46,075,15.728155339805824,100.0,0.0,11.553398058252426
"Kingsbury County, South Dakota",5210,70221,496,2579,33,588,159600,46,077,9.520153550863723,98.73660030627872,1.2633996937212864,11.285988483685221
"Lake County, South Dakota",11052,73792,985,6093,147,1986,231000,46,079,8.912414042707201,97.64423076923077,2.355769230769231,17.96959826275787
"Lawrence County, South Dakota",26574,66766,3028,14760,334,4381,310800,46,081,11.394596221871002,97.78720021200476,2.21279978799523,16.486038985474526
"Lincoln County, South Dakota",68286,96552,3902,39103,611,12480,323500,46,083,5.714202032627479,98.46149972301959,1.53850027698041,18.276074158685528
"Lyman County, South Dakota",3717,61169,904,1585,59,491,156500,46,085,24.32068872746839,96.41119221411192,3.588807785888078,13.209577616357276
"McCook County, South Dakota",5732,80847,413,3012,52,736,217300,46,087,7.20516399162596,98.30287206266318,1.6971279373368149,12.840195394277739
"McPherson County, South Dakota",2278,62024,269,1113,7,299,78400,46,089,11.808604038630378,99.375,0.625,13.125548726953468
"Marshall County, South Dakota",4355,72500,333,2215,24,542,147200,46,091,7.64638346727899,98.92809289861545,1.0719071013845467,12.445464982778416
"Meade County, South Dakota",30297,74161,2241,15640,549,4301,274800,46,093,7.396771957619566,96.60880845018222,3.3911915498177776,14.196125028880747
"Mellette County, South Dakota",2043,51364,898,777,114,163,63000,46,095,43.954968184043075,87.20538720538721,12.794612794612794,7.97846304454234
"Miner County, South Dakota",2299,72589,229,1182,10,220,114100,46,097,9.960852544584602,99.16107382550335,0.8389261744966443,9.569377990430622
"Minnehaha County, South Dakota",200689,76074,17316,114861,2600,32296,266600,46,099,8.628275590590416,97.78649934872,2.213500651279999,16.09256112691777
"Moody County, South Dakota",6371,77500,623,3183,98,850,206300,46,101,9.778684664887773,97.01310576043889,2.9868942395611096,13.341704598964055
"Oglala Lakota County, South Dakota",13587,34769,7039,3561,461,452,45600,46,102,51.806874218002505,88.53804077573346,11.461959224266534,3.3267093545300654
"Pennington County, South Dakota",112081,70768,13073,56715,1895,16951,270400,46,103,11.663885939632944,96.766763350964,3.2332366490360003,15.12388361988205
"Perkins County, South Dakota",3058,65455,354,1624,57,347,105900,46,105,11.576193590582081,96.60916121356335,3.390838786436645,11.347285807717462
"Potter County, South Dakota",2430,71726,180,1212,35,384,121300,46,107,7.4074074074074066,97.19326383319968,2.8067361668003206,15.802469135802468
"Roberts County, South Dakota",10219,63691,1728,4636,288,868,139100,46,109,16.90967805068989,94.1510966693745,5.848903330625508,8.493981798610431
"Sanborn County, South Dakota",2370,69870,263,1226,14,212,138500,46,111,11.09704641350211,98.87096774193549,1.129032258064516,8.945147679324894
"Spink County, South Dakota",6283,73011,571,3058,49,1004,117400,46,115,9.088015279325164,98.42291599613775,1.5770840038622465,15.979627566449148
"Stanley County, South Dakota",3012,77000,62,1767,6,353,169900,46,117,2.058432934926959,99.66159052453469,0.338409475465313,11.719787516600267
"Sully County, South Dakota",1481,70250,117,892,0,197,198700,46,119,7.9000675219446315,100.0,0.0,13.301823092505064
"Todd County, South Dakota",9293,39148,4478,2817,489,555,45200,46,121,48.18680727429248,85.2087114337568,14.791288566243194,5.97223716776068
"Tripp County, South Dakota",5607,58854,1013,2647,43,637,137100,46,123,18.06670233636526,98.40148698884758,1.5985130111524164,11.36079900124844
"Turner County, South Dakota",8772,75283,728,4623,61,1193,199000,46,125,8.299133606931145,98.69769427839454,1.3023057216054654,13.600091199270405
"Union County, South Dakota",16916,84137,1218,8972,318,2659,269500,46,127,7.200283755024829,96.57696447793326,3.4230355220667383,15.718846062899031
"Walworth County, South Dakota",5298,62722,791,2533,93,820,130000,46,129,14.930162325405814,96.45849200304646,3.5415079969535412,15.477538693846734
"Yankton County, South Dakota",23379,73855,2037,11859,191,2864,208200,46,135,8.712947517002439,98.4149377593361,1.5850622406639006,12.250310107361308
"Ziebach County, South Dakota",2410,47333,921,1141,276,164,101700,46,137,38.21576763485477,80.52223006351447,19.477769936485533,6.804979253112033
"Anderson County, Tennessee",78175,63171,11370,35846,1789,8511,215800,47,001,14.544291653341862,95.24644612727514,4.753553872724857,10.887112248161177
"Bedford County, Tennessee",51291,62197,6862,25116,1008,4027,255300,47,003,13.37856544033066,96.14147909967846,3.858520900321544,7.851279951648438
"Benton County, Tennessee",15948,50435,2920,6495,348,864,123400,47,005,18.309505894156004,94.91451117930733,5.085488820692679,5.417607223476298
"Bledsoe County, Tennessee",14905,49655,3427,5915,310,585,165400,47,007,22.99228446829923,95.02008032128514,4.979919678714859,3.924857430392486
"Blount County, Tennessee",137747,74607,12046,68992,2572,17143,275700,47,009,8.745018040320298,96.40601419708233,3.593985802917668,12.44528011499343
"Bradley County, Tennessee",109743,63789,13994,54623,3204,11344,230800,47,011,12.751610581084899,94.45933560447541,5.540664395524582,10.336877978549884
"Campbell County, Tennessee",39568,50260,7447,16758,876,2230,169500,47,013,18.820764253942578,95.03232391970057,4.967676080299421,5.6358673675697535
"Cannon County, Tennessee",14661,58092,2397,6583,156,1216,227600,47,015,16.349498669940658,97.68511648612554,2.314883513874462,8.294113634813451
"Carroll County, Tennessee",28461,50391,4508,12518,523,2144,122100,47,017,15.839218579810968,95.98957135189019,4.010428648109808,7.5331154913741605
"Carter County, Tennessee",56462,48435,9851,24764,1695,5799,157200,47,019,17.447132584747262,93.59386220189727,6.4061377981027245,10.270624490807977
"Cheatham County, Tennessee",41500,82015,3330,21930,842,4920,291400,47,021,8.024096385542169,96.30247672580361,3.6975232741963815,11.855421686746988
"Chester County, Tennessee",17452,60543,2517,7452,401,1344,155200,47,023,14.422415768966307,94.89367120845536,5.106328791544633,7.701123080449232
"Claiborne County, Tennessee",32221,46587,5599,13967,645,2233,148000,47,025,17.376866019055896,95.58581987407611,4.414180125923898,6.930262872039974
"Clay County, Tennessee",7621,44712,1639,2900,152,350,136900,47,027,21.50636399422648,95.01965923984272,4.980340760157274,4.592573153129511
"Cocke County, Tennessee",36503,48416,7275,15798,694,1996,141800,47,029,19.929868777908666,95.7918991025952,4.208100897404803,5.468043722433773
"Coffee County, Tennessee",58940,60656,9391,27094,1090,5200,227300,47,031,15.933152358330505,96.13255747942094,3.8674425205790524,8.822531387852054
"Crockett County, Tennessee",13937,59049,2028,6694,225,1016,134100,47,033,14.551194661691898,96.7480849833791,3.2519150166208988,7.289947621439334
"Cumberland County, Tennessee",62529,58475,8307,24317,1185,5251,228000,47,035,13.285035743415055,95.35330562308837,4.646694376911615,8.397703465591967
"Davidson County, Tennessee",709846,75664,95838,414914,18969,144376,386600,47,037,13.501238296757325,95.62808406874665,4.371915931253357,20.33905945796694
"Decatur County, Tennessee",11499,46190,2442,4628,385,1045,133900,47,039,21.23662927211062,92.31996808298423,7.680031917015759,9.087746760587876
"DeKalb County, Tennessee",20551,48484,4323,9045,540,1869,206600,47,041,21.03547272638801,94.36619718309859,5.633802816901409,9.0944479587368
"Dickson County, Tennessee",55197,73223,5375,27592,820,5388,272700,47,043,9.73784807145316,97.11389553709701,2.8861044629029986,9.761400076091093
"Dyer County, Tennessee",36681,54973,6454,16535,636,3337,159500,47,045,17.59494015975573,96.29608060101333,3.7039193989866637,9.097352852975655
"Fayette County, Tennessee",42653,84764,4564,20857,1005,5812,316000,47,047,10.700302440625514,95.40298234379289,4.597017656207117,13.626239654889458
"Fentress County, Tennessee",18948,50865,3873,7461,330,1342,151800,47,049,20.440151994933505,95.76434347323836,4.235656526761648,7.082541693054675
"Franklin County, Tennessee",43478,61553,5230,20558,588,4298,215700,47,051,12.029072174433047,97.2193322614206,2.7806677385794,9.885459312755875
"Gibson County, Tennessee",50610,59009,6644,22889,1195,4195,149700,47,053,13.127840347757362,95.03819963461218,4.961800365387809,8.288875716261607
"Giles County, Tennessee",30442,61476,4232,14188,722,2706,204100,47,055,13.901846133631167,95.15761234071093,4.842387659289068,8.889034886012745
"Grainger County, Tennessee",23929,51351,3884,10484,541,1500,172000,47,057,16.23135108027916,95.09297052154196,4.90702947845805,6.268544443980108
"Greene County, Tennessee",70919,54071,10458,30788,1674,5717,186400,47,059,14.746400823474668,94.84320128149837,5.156798718501633,8.061309381124945
"Grundy County, Tennessee",13665,45573,2569,5532,396,581,133400,47,061,18.79985364068789,93.31983805668015,6.680161943319838,4.251738016831321
"Hamblen County, Tennessee",64930,52794,10970,29612,1819,5231,188800,47,063,16.8951178191899,94.21271992618753,5.787280073812478,8.056368396734944
"Hamilton County, Tennessee",370913,72568,45380,192890,8045,60648,282100,47,065,12.234674977690187,95.99621768233509,4.003782317664917,16.351004143828877
"Hancock County, Tennessee",6790,31995,2078,2474,180,213,118000,47,067,30.603829160530193,93.21778447626224,6.782215523737754,3.1369661266568483
"Hardeman County, Tennessee",25477,46173,3789,10135,1139,1334,116800,47,069,14.872237704596303,89.89710839098811,10.102891609011886,5.236095301644621
"Hardin County, Tennessee",26939,49149,5508,11112,482,1815,154000,47,071,20.446193251419874,95.84267724685182,4.15732275314818,6.737443854634545
"Hawkins County, Tennessee",57446,55278,9725,24129,2030,4686,166900,47,073,16.928941962886885,92.23976451699224,7.76023548300776,8.157225916512898
"Haywood County, Tennessee",17672,43513,3968,7806,515,1018,119600,47,075,22.453598913535536,93.81084004326404,6.18915995673597,5.760525124490719
"Henderson County, Tennessee",27906,53471,4616,12103,860,1898,156000,47,077,16.541245610263026,93.36573324076217,6.634266759237831,6.801404715831722
"Henry County, Tennessee",32345,48540,5824,13435,451,2813,145200,47,079,18.005874169114236,96.75212444188391,3.247875558116088,8.696861957025815
"Hickman County, Tennessee",25229,57223,3330,11050,351,1702,192000,47,081,13.19909627809267,96.92132269099201,3.0786773090079818,6.746204764358477
"Houston County, Tennessee",8293,54475,1106,3557,238,516,150100,47,083,13.336548896659833,93.72859025032938,6.271409749670618,6.222115036778005
"Humphreys County, Tennessee",19074,59333,2548,8584,837,1383,186900,47,085,13.358498479605746,91.11559282454091,8.88440717545908,7.250707769738912
"Jackson County, Tennessee",11882,41475,2412,5082,393,884,135200,47,087,20.299612859787914,92.82191780821918,7.178082191780821,7.439824945295405
"Jefferson County, Tennessee",55835,63084,6229,27560,1497,5156,210000,47,089,11.156084892988268,94.84805726675157,5.151942733248442,9.234351213396614
"Johnson County, Tennessee",18073,52152,3583,6860,253,1537,175500,47,091,19.825153543960607,96.44313229298469,3.5568677070153236,8.504398826979472
"Knox County, Tennessee",487401,71662,58146,255767,9180,79863,279700,47,093,11.929807283940738,96.53515608782133,3.464843912178662,16.385481359291425
"Lake County, Tennessee",6691,30500,1453,1615,69,265,107000,47,095,21.715737557913613,95.90261282660333,4.097387173396674,3.960544014347631
"Lauderdale County, Tennessee",24933,49205,4252,9576,489,1163,122100,47,097,17.05370392652308,95.14157973174366,4.858420268256334,4.664500862310994
"Lawrence County, Tennessee",44901,53233,6748,20275,1144,2862,176700,47,099,15.028618516291397,94.65894766328961,5.341052336710398,6.374022850270595
"Lewis County, Tennessee",12784,49477,1986,5764,199,690,157800,47,101,15.535043804755944,96.66275364749288,3.3372463525071274,5.397371714643304
"Lincoln County, Tennessee",35617,63115,4359,16706,643,2850,209100,47,103,12.238537776904288,96.29373450919361,3.706265490806387,8.001796894741275
"Loudon County, Tennessee",56996,80296,7159,25656,690,7546,292600,47,105,12.560530563548319,97.38100660441813,2.6189933955818723,13.239525580742509
"McMinn County, Tennessee",54135,59674,7011,24425,1291,4381,190400,47,107,12.950955943474646,94.97977912583605,5.020220874163945,8.09273113512515
"McNairy County, Tennessee",25933,50714,4114,10877,625,1430,151100,47,109,15.863957120271468,94.56616240653798,5.433837593462006,5.514209694212008
"Macon County, Tennessee",25793,56269,3871,12680,462,1349,211200,47,111,15.007947892839143,96.48455334043524,3.515446659564754,5.230101190245415
"Madison County, Tennessee",98845,58189,17648,48611,3546,10569,189700,47,113,17.85421619707623,93.2012960868148,6.79870391318519,10.692498356011939
"Marion County, Tennessee",29010,58103,4854,12721,985,2100,173600,47,115,16.73216132368149,92.81336640887203,7.186633591127974,7.238883143743537
"Marshall County, Tennessee",35276,70829,4943,17660,790,3576,246100,47,117,14.012359677968023,95.71815718157181,4.281842818428185,10.13720376459916
"Maury County, Tennessee",104855,74162,10294,53735,1320,13590,307500,47,119,9.817366839921798,97.6023976023976,2.3976023976023977,12.960755328787373
"Meigs County, Tennessee",13076,58395,1853,5305,359,762,185500,47,121,14.171000305903947,93.6617231638418,6.338276836158192,5.827470174365249
"Monroe County, Tennessee",47054,56648,7366,19731,1040,3605,199700,47,123,15.654354571343562,94.99301911318665,5.006980886813346,7.661410294555192
"Montgomery County, Tennessee",227957,72365,25939,102855,5624,27593,248300,47,125,11.37890040665564,94.81558642686603,5.184413573133971,12.104475844128498
"Moore County, Tennessee",6611,66687,732,3176,161,775,259300,47,127,11.072454999243684,95.17530716212167,4.824692837878334,11.722886098926033
"Morgan County, Tennessee",21193,57408,3544,8200,494,1301,144000,47,129,16.722502713160008,94.31792040487693,5.682079595123073,6.138819421507102
"Obion County, Tennessee",30570,53102,5121,13420,506,2351,122700,47,131,16.75171736997056,96.36650868878357,3.6334913112164293,7.690546287209683
"Overton County, Tennessee",22807,46159,4048,10531,306,1435,171700,47,133,17.748936729951332,97.17634031558549,2.8236596844145057,6.291927916867629
"Perry County, Tennessee",8561,50489,1483,3571,318,569,113800,47,135,17.322742670248804,91.82309076883519,8.176909231164824,6.64641981076977
"Pickett County, Tennessee",5062,44591,1292,1853,65,404,162200,47,137,25.523508494666142,96.61105318039624,3.388946819603754,7.981035163966811
"Polk County, Tennessee",17702,60227,2314,8056,342,1199,136400,47,139,13.07196926900915,95.92760180995475,4.072398190045249,6.773245960908373
"Putnam County, Tennessee",81366,56537,13172,40491,1525,9605,246800,47,141,16.188579996558758,96.370430312262,3.6295696877380044,11.804685003564144
"Rhea County, Tennessee",33299,58133,4998,14519,918,2740,178500,47,143,15.00945974353584,94.05324868821661,5.946751311783378,8.228475329589477
"Roane County, Tennessee",54403,66218,6854,24293,1169,5175,212300,47,145,12.598569931805232,95.40884455266672,4.591155447333281,9.51234306931603
"Robertson County, Tennessee",74291,78439,7503,38097,1347,7867,296700,47,147,10.099473691295042,96.5850319440219,3.414968055978095,10.589438828391057
"Rutherford County, Tennessee",351591,82588,31796,195258,6480,52342,346400,47,149,9.043462432201052,96.7879130357196,3.2120869642804037,14.887184256707368
"Scott County, Tennessee",21969,42679,5338,9113,670,869,116800,47,151,24.297874277390868,93.15138505570889,6.848614944291118,3.955573763029724
"Sequatchie County, Tennessee",16409,52260,3812,6559,320,1446,217800,47,153,23.231153635200194,95.34816106992295,4.651838930077046,8.812237186909623
"Sevier County, Tennessee",98802,63829,13285,49318,1687,10314,259500,47,155,13.446084087366653,96.69248112930104,3.3075188706989516,10.439059938057934
"Shelby County, Tennessee",922195,62337,158883,461072,33045,121963,229700,47,157,17.228785668974567,93.31231267088565,6.68768732911436,13.225293999642156
"Smith County, Tennessee",20196,62799,2656,9723,303,1783,224500,47,159,13.151119033471975,96.97785757031717,3.0221424296828245,8.828480887304417
"Stewart County, Tennessee",13859,62052,1648,5841,178,1148,182700,47,161,11.891189840536835,97.04269812261172,2.95730187738827,8.28342593260697
"Sullivan County, Tennessee",159693,56802,23495,75032,4538,20755,190800,47,163,14.712604810480109,94.29684554480332,5.703154455196683,12.996812634241953
"Sumner County, Tennessee",200553,86005,17768,106518,3430,30532,364000,47,165,8.859503472897439,96.8803434350784,3.1196565649215993,15.223905900185986
"Tipton County, Tennessee",61339,71736,7004,29334,1619,4902,220100,47,167,11.418510246335936,94.7694892256001,5.230510774399896,7.991652945108332
"Trousdale County, Tennessee",11805,63190,953,5287,31,544,284100,47,169,8.072850487081745,99.417074088003,0.5829259119969913,4.608216857263871
"Unicoi County, Tennessee",17779,50381,2461,8019,413,1635,168200,47,171,13.842173350582149,95.10199240986718,4.898007590132828,9.196242758310365
"Union County, Tennessee",20141,61858,2773,8935,364,1284,186300,47,173,13.767936050841566,96.0856006022153,3.9143993977847082,6.375055856213693
"Van Buren County, Tennessee",6293,60281,843,2760,102,394,149200,47,175,13.395836643890036,96.43605870020964,3.563941299790356,6.26092483712061
"Warren County, Tennessee",41587,54088,6286,18925,720,2939,173900,47,177,15.115300454468944,96.33494527869686,3.6650547213031306,7.067112318753456
"Washington County, Tennessee",134693,61051,20590,67546,3352,17600,231700,47,179,15.286614746126375,95.27208101780022,4.72791898219978,13.066751798534446
"Wayne County, Tennessee",16251,52824,2669,6737,254,1037,126600,47,181,16.423604701249154,96.36675725933343,3.6332427406665717,6.381145775644575
"Weakley County, Tennessee",32959,49502,5945,14727,435,2779,136300,47,183,18.037561819229953,97.13098535813216,2.8690146418678277,8.43168785460724
"White County, Tennessee",27764,52206,4038,12140,560,1898,190200,47,185,14.544013830860106,95.59055118110236,4.409448818897638,6.836190750612303
"Williamson County, Tennessee",254609,131202,11423,132028,2644,64211,673700,47,187,4.4864871233931245,98.0367114173696,1.963288582630391,25.219454143412058
"Wilson County, Tennessee",153587,94048,11509,80655,2805,26396,397000,47,189,7.493472754855554,96.6391085549964,3.3608914450035945,17.18635040726103
"Anderson County, Texas",57825,58846,7975,21670,1157,4344,173400,48,001,13.79161262429745,94.93144083760458,5.06855916239541,7.512321660181582
"Andrews County, Texas",18518,76902,2613,9148,214,1749,188200,48,003,14.110595096662706,97.7141636402478,2.2858363597521896,9.444864456204774
"Angelina County, Texas",86791,58847,13707,40055,2174,6400,149800,48,005,15.793112189051861,94.85187904046983,5.148120959530181,7.374036478436705
"Aransas County, Texas",24449,61754,4513,9763,602,3812,236800,48,007,18.458832672092928,94.19199228171732,5.808007718282682,15.591639739866661
"Archer County, Texas",8734,71958,1015,4202,141,1084,175300,48,009,11.621250286237691,96.75339626985955,3.2466037301404556,12.411266315548431
"Armstrong County, Texas",1883,68462,106,861,8,164,185700,48,011,5.629314922995221,99.07940161104717,0.9205983889528193,8.709506107275624
"Atascosa County, Texas",50058,69413,7924,22107,1003,3816,157400,48,013,15.829637620360382,95.65988749459109,4.340112505408914,7.623157137720245
"Austin County, Texas",30712,75994,4408,14665,615,3663,270900,48,015,14.352696014587133,95.97513089005236,4.024869109947644,11.926934097421203
"Bailey County, Texas",7044,70625,927,2622,12,501,104400,48,017,13.160136286201022,99.54441913439635,0.45558086560364464,7.112436115843271
"Bandera County, Texas",21589,69703,3423,9529,704,2681,249800,48,019,15.855296678864237,93.12029707808071,6.879702921919281,12.418361202464217
"Bastrop County, Texas",102370,82730,12335,48662,2262,9929,269500,48,021,12.049428543518609,95.55808656036446,4.441913439635535,9.699130604669337
"Baylor County, Texas",3464,42313,705,1452,55,556,93300,48,023,20.352193995381064,96.35036496350365,3.64963503649635,16.05080831408776
"Bee County, Texas",31000,56075,4039,11654,688,1679,102800,48,025,13.029032258064516,94.42553881056554,5.574461189434452,5.416129032258064
"Bell County, Texas",379811,66051,53935,167095,12188,42123,221100,48,027,14.20048392489949,93.2018094297842,6.798190570215803,11.090516072467622
"Bexar County, Texas",2037344,70571,294002,1024492,56081,257932,244100,48,029,14.430650886644573,94.81006836187838,5.189931638121626,12.660208585295365
"Blanco County, Texas",12008,87564,1031,5821,204,2459,396200,48,031,8.585942704863424,96.61410788381743,3.3858921161825726,20.4780146568954
"Borden County, Texas",723,64250,35,320,1,113,105400,48,033,4.840940525587829,99.68847352024922,0.3115264797507788,15.629322268326417
"Bosque County, Texas",18546,69339,1657,8048,328,1851,184500,48,035,8.934541140946834,96.08404966571156,3.9159503342884436,9.980588806211582
"Bowie County, Texas",92321,59295,14112,39799,1454,8478,161300,48,037,15.285796297700415,96.47540784912613,3.524592150873876,9.183176092113388
"Brazoria County, Texas",381650,95155,27057,186549,8453,50517,276800,48,039,7.089479889951527,95.66517266489575,4.334827335104255,13.236473208437049
"Brazos County, Texas",237980,58388,52536,122784,5688,29828,279700,48,041,22.075804689469702,95.57257612553708,4.427423874462918,12.533826371964029
"Brewster County, Texas",9464,52612,767,4918,109,1916,216000,48,043,8.104395604395604,97.8317087726278,2.16829122737219,20.245139475908708
"Briscoe County, Texas",1223,41188,187,562,0,137,82900,48,045,15.290269828291086,100.0,0.0,11.201962387571546
"Brooks County, Texas",6987,31310,2011,3507,123,630,82700,48,047,28.78202375840847,96.61157024793388,3.3884297520661155,9.0167453842851
"Brown County, Texas",38294,55305,5294,17753,854,3809,149900,48,049,13.824620044915653,95.41032944590745,4.589670554092546,9.946727946936857
"Burleson County, Texas",18327,72888,2290,8297,242,2127,174000,48,051,12.495225623397173,97.16594448998713,2.8340555100128824,11.60582746767065
"Burnet County, Texas",51064,77158,3988,24510,569,7161,310500,48,053,7.809807300642331,97.73116950436619,2.2688304956337975,14.02357825473915
"Caldwell County, Texas",47184,68503,6238,21849,691,3772,215600,48,055,13.220583248558833,96.9343389529725,3.0656610470275067,7.994235334011529
"Calhoun County, Texas",19921,71870,1717,10267,458,1490,150000,48,057,8.61904522865318,95.72960372960372,4.270396270396271,7.479544199588374
"Callahan County, Texas",14017,68455,1394,6538,337,1711,144800,48,059,9.945066704715702,95.09818181818181,4.901818181818181,12.206606263822502
"Cameron County, Texas",423192,51334,102583,182627,10484,35367,120000,48,061,24.24029754815781,94.57099802704144,5.429001972958558,8.357199568989962
"Camp County, Texas",12652,55061,2826,5473,319,1213,159900,48,063,22.33638950363579,94.49240331491713,5.5075966850828735,9.587417009168512
"Carson County, Texas",5802,84583,415,2934,38,674,140600,48,065,7.152705963460876,98.72139973082099,1.278600269179004,11.616683902102723
"Cass County, Texas",28582,54328,4863,11668,698,2432,133500,48,067,17.01420474424463,94.35549086204108,5.64450913795892,8.508851724861803
"Castro County, Texas",7328,63485,1010,3579,95,797,94900,48,069,13.782751091703057,97.41426238432227,2.5857376156777354,10.876091703056769
"Chambers County, Texas",49178,108114,6381,24734,1811,5428,289900,48,071,12.975314164870472,93.17762290450179,6.8223770954982115,11.037455772906585
"Cherokee County, Texas",51143,59830,8578,21507,1328,4065,160300,48,073,16.77257884754512,94.1843661046639,5.815633895336107,7.948301820385977
"Childress County, Texas",6772,60333,525,2880,15,406,115100,48,075,7.752510336680449,99.48186528497409,0.5181347150259068,5.9952746603662135
"Clay County, Texas",10402,77355,1072,5006,94,1275,161300,48,077,10.305710440299942,98.15686274509804,1.843137254901961,12.25725821957316
"Cochran County, Texas",2520,42137,667,1099,68,123,57700,48,079,26.46825396825397,94.17309340188518,5.8269065981148245,4.880952380952381
"Coke County, Texas",3315,46431,449,1471,88,348,112900,48,081,13.544494720965309,94.35535599743426,5.644644002565747,10.497737556561086
"Coleman County, Texas",7765,52364,1154,3628,214,800,91200,48,083,14.86155827430779,94.42998438313379,5.570015616866216,10.3026400515132
"Collin County, Texas",1116601,117588,69846,613587,25247,250024,447600,48,085,6.255233516717251,96.04795612005623,3.9520438799437723,22.391525710616417
"Collingsworth County, Texas",2733,60165,698,1389,17,321,108400,48,087,25.539699963410172,98.79089615931721,1.209103840682788,11.745334796926453
"Colorado County, Texas",20736,68554,2140,9486,369,2294,194000,48,089,10.320216049382717,96.25570776255708,3.744292237442922,11.062885802469136
"Comal County, Texas",174552,99015,11144,87004,3043,33728,398800,48,091,6.384343920436317,96.62065365864493,3.3793463413550704,19.322608735505753
"Comanche County, Texas",13786,59946,1919,6728,453,1320,137800,48,093,13.91991875816045,93.69168639465255,6.308313605347444,9.574931089511098
"Concho County, Texas",3301,59632,323,1107,11,231,105800,48,095,9.784913662526506,99.01610017889088,0.9838998211091234,6.997879430475614
"Cooke County, Texas",42473,72472,5872,21491,924,4507,224600,48,097,13.825253690579897,95.87776042828463,4.122239571715369,10.61144727238481
"Coryell County, Texas",83772,68904,6650,27332,1775,6681,177400,48,099,7.938213245475816,93.90181056103343,6.098189438966572,7.975218450078786
"Cottle County, Texas",1302,58819,296,609,39,146,54100,48,101,22.734254992319507,93.98148148148148,6.018518518518518,11.213517665130567
"Crane County, Texas",4623,59915,368,2279,84,294,119900,48,103,7.960199004975125,96.44519678374948,3.5548032162505288,6.3595068137573
"Crockett County, Texas",2881,81739,92,1473,41,150,140000,48,105,3.1933356473446723,97.29194187582563,2.7080581241743724,5.206525511975009
"Crosby County, Texas",5072,52197,1097,2397,149,374,75500,48,107,21.62854889589905,94.14768263943441,5.852317360565594,7.373817034700315
"Culberson County, Texas",2181,42672,383,925,6,248,84500,48,109,17.56075194864741,99.35553168635876,0.644468313641246,11.370930765703806
"Dallam County, Texas",7180,72332,692,3910,56,598,140500,48,111,9.637883008356546,98.58799798285426,1.4120020171457388,8.328690807799441
"Dallas County, Texas",2603816,74149,359950,1390325,67955,363144,277900,48,113,13.823941476663482,95.34005815069808,4.659941849301917,13.94660759439223
"Dawson County, Texas",12311,55789,1863,5083,401,963,90800,48,115,15.132808057834456,92.68781911013858,7.312180889861415,7.822272764194622
"Deaf Smith County, Texas",18487,54114,2883,8554,280,886,116000,48,117,15.594742251311732,96.83042789223455,3.1695721077654517,4.7925569318980905
"Delta County, Texas",5345,62855,740,2434,81,547,149400,48,119,13.84471468662301,96.77932405566601,3.2206759443339963,10.233863423760523
"Denton County, Texas",945644,108185,65649,538872,21327,201939,403400,48,121,6.942253110049871,96.19296000171367,3.8070399982863234,21.35465354826975
"DeWitt County, Texas",19853,64014,2855,7908,329,1506,167200,48,123,14.380698131264797,96.00582736433168,3.994172635668326,7.585755301465773
"Dickens County, Texas",1641,50417,229,735,49,165,65000,48,125,13.954905545399146,93.75,6.25,10.054844606946983
"Dimmit County, Texas",8507,33409,3758,2677,183,282,80300,48,127,44.175384977077705,93.6013986013986,6.398601398601398,3.314917127071823
"Donley County, Texas",3276,56648,241,1355,0,242,90500,48,129,7.356532356532357,100.0,0.0,7.3870573870573875
"Duval County, Texas",9824,50081,2663,3770,299,280,86400,48,131,27.107084690553744,92.65175718849841,7.348242811501597,2.8501628664495113
"Eastland County, Texas",17846,51741,2485,8161,401,1844,121700,48,133,13.924689005939705,95.31651483298295,4.683485167017052,10.332847696962904
"Ector County, Texas",163206,71031,24626,80005,4469,11234,190500,48,135,15.08890604512089,94.70961479271729,5.290385207282714,6.8833253679399045
"Edwards County, Texas",1392,38500,343,742,0,202,78300,48,137,24.64080459770115,100.0,0.0,14.511494252873563
"Ellis County, Texas",203927,95898,16372,108076,4355,25022,306400,48,139,8.028363090713835,96.12651315028774,3.8734868497122683,12.270077037371216
"El Paso County, Texas",866275,58859,160998,396605,24609,92832,167300,48,141,18.585091339355287,94.15760159918712,5.842398400812889,10.716227525901129
"Erath County, Texas",43244,65351,6435,22436,1188,5509,251900,48,143,14.880677088150957,94.97121571283441,5.028784287165594,12.739339561557673
"Falls County, Texas",17063,55372,2198,6664,478,1190,97300,48,145,12.881673797104847,93.30719686362363,6.692803136376366,6.974154603528102
"Fannin County, Texas",36525,68377,4753,16310,740,3486,213500,48,147,13.013004791238878,95.65982404692082,4.3401759530791795,9.544147843942504
"Fayette County, Texas",24783,76541,2151,11387,333,3595,271100,48,149,8.67933664205302,97.15870307167236,2.8412969283276452,14.505911310172296
"Fisher County, Texas",3661,64700,374,1786,64,334,77600,48,151,10.215788036055724,96.54054054054055,3.4594594594594597,9.123190385140672
"Floyd County, Texas",5294,55461,947,2411,91,473,101000,48,153,17.888175292784283,96.36290967226219,3.6370903277378095,8.934642992066491
"Foard County, Texas",1079,42212,214,519,35,73,71400,48,155,19.833178869323447,93.68231046931407,6.31768953068592,6.765523632993513
"Fort Bend County, Texas",859721,113409,61205,437538,21887,164356,350300,48,157,7.119170056332229,95.2360015236437,4.763998476356314,19.11736481951703
"Franklin County, Texas",10522,66800,1153,4896,314,1431,213200,48,159,10.957992777038585,93.97312859884836,6.026871401151632,13.600076031172781
"Freestone County, Texas",19813,58460,2631,7506,139,1577,164400,48,161,13.279160147377983,98.18181818181819,1.8181818181818181,7.959420582445868
"Frio County, Texas",18019,60098,2835,7039,375,799,110100,48,163,15.73339253010711,94.94200161855947,5.057998381440518,4.434208335645708
"Gaines County, Texas",21904,76605,1603,9029,196,786,185300,48,165,7.318298027757487,97.87533875338752,2.124661246612466,3.5883856829802774
"Galveston County, Texas",354721,85348,38925,178597,9887,55058,284900,48,167,10.97341290760908,94.75446191719192,5.24553808280809,15.521494357537332
"Garza County, Texas",5435,50545,569,1883,130,272,79300,48,169,10.46918123275069,93.54197714853453,6.458022851465474,5.004599816007359
"Gillespie County, Texas",27202,67799,2549,12714,487,4526,432300,48,171,9.370634512168223,96.31088553897432,3.68911446102568,16.638482464524667
"Glasscock County, Texas",1070,106806,91,484,6,255,248600,48,173,8.504672897196262,98.77551020408163,1.2244897959183674,23.83177570093458
"Goliad County, Texas",7096,59556,645,3004,165,685,182800,48,175,9.089627959413754,94.79331019248974,5.206689807510256,9.653325817361894
"Gonzales County, Texas",19764,59355,2828,8794,127,1170,158900,48,177,14.308844363489174,98.57639278107835,1.4236072189216455,5.919854280510018
"Gray County, Texas",21131,56082,3162,9517,503,1682,100400,48,179,14.96379726468222,94.98003992015967,5.0199600798403194,7.959869386209833
"Grayson County, Texas",139988,70455,15280,68711,2442,15142,228300,48,181,10.915221304683259,96.56795918654167,3.4320408134583222,10.816641426407978
"Gregg County, Texas",124860,64809,20595,59089,2179,12333,185800,48,183,16.494473810667948,96.44349415681923,3.5565058431807794,9.877462758289283
"Grimes County, Texas",30385,67080,3563,12664,586,2630,226600,48,185,11.7261806812572,95.57735849056603,4.422641509433962,8.655586638143822
"Guadalupe County, Texas",178368,93776,15510,90010,3925,24432,285900,48,187,8.695505920344457,95.82157875126417,4.178421248735828,13.697524219590958
"Hale County, Texas",32247,52788,5731,14675,597,1927,106100,48,189,17.77219586318107,96.09088528025144,3.9091147197485596,5.975749682140974
"Hall County, Texas",2827,46728,455,1198,111,265,80200,48,191,16.094800141492748,91.52024446142093,8.479755538579067,9.37389458790237
"Hamilton County, Texas",8320,55339,1489,3651,223,1074,124800,48,193,17.896634615384617,94.24367578729995,5.756324212700052,12.908653846153847
"Hansford County, Texas",5182,68299,396,2627,145,753,132100,48,195,7.641837128521805,94.76911976911977,5.230880230880231,14.531069085295254
"Hardeman County, Texas",3529,61179,445,1821,29,305,76500,48,197,12.609804477189005,98.43243243243244,1.5675675675675675,8.64267497874752
"Hardin County, Texas",57126,72532,6955,25684,1323,6111,188200,48,199,12.174841578265589,95.10127004110046,4.898729958899545,10.697405734691735
"Harris County, Texas",4758579,73104,749481,2464059,158268,645298,255000,48,201,15.750101028059008,93.96459709258228,6.035402907417725,13.560728948705064
"Harrison County, Texas",69584,66040,11691,33530,2005,7031,178200,48,203,16.801276155438032,94.35767553116645,5.642324468833544,10.104334329730973
"Hartley County, Texas",5307,82122,263,1814,43,575,213200,48,205,4.955718861880535,97.68443726440495,2.3155627355950457,10.834746561145657
"Haskell County, Texas",5390,54044,726,2443,133,522,92000,48,207,13.46938775510204,94.83695652173914,5.163043478260869,9.684601113172542
"Hays County, Texas",256429,85827,29858,139229,6430,43152,371400,48,209,11.64376884049776,95.58558001908567,4.414419980914327,16.828049869554533
"Hemphill County, Texas",3311,72052,113,1601,77,459,214900,48,211,3.412866203563878,95.41120381406436,4.588796185935638,13.86288130474177
"Henderson County, Texas",83658,63955,11667,37011,1836,7857,189600,48,213,13.946066126371656,95.27376631400108,4.726233685998919,9.391809510148462
"Hidalgo County, Texas",880921,52281,237121,372548,28197,70640,124000,48,215,26.917396679157378,92.963854820397,7.03614517960299,8.018880240112338
"Hill County, Texas",36664,63147,5085,16537,702,3033,163100,48,217,13.869190486580843,95.92783804164975,4.072161958350253,8.27241981234999
"Hockley County, Texas",21455,54810,2628,10074,491,1742,112700,48,219,12.24889303192729,95.35257927117841,4.647420728821581,8.119319505942672
"Hood County, Texas",64198,86802,5191,30043,1848,10532,281300,48,221,8.08592167980311,94.20526167257219,5.794738327427801,16.405495498302127
"Hopkins County, Texas",37351,64725,4502,18160,824,3405,193200,48,223,12.053224813258012,95.65950273914876,4.340497260851244,9.116221787903939
"Houston County, Texas",22042,54563,3134,8313,546,1761,155100,48,225,14.218310498139914,93.83677615983746,6.163223840162547,7.989293167589148
"Howard County, Texas",33127,71457,4445,14374,713,2381,150300,48,227,13.418057777643613,95.27407701995095,4.725922980049049,7.187490566607299
"Hudspeth County, Texas",3331,39336,497,1063,127,237,57400,48,229,14.920444311017715,89.32773109243698,10.672268907563025,7.114980486340439
"Hunt County, Texas",104917,70112,12640,50359,2776,9967,210900,48,231,12.047618593745533,94.77557165709985,5.22442834290016,9.499890389546021
"Hutchinson County, Texas",20413,65470,2340,9255,214,1605,102200,48,233,11.463283201881154,97.73999366353362,2.260006336466364,7.862636555136433
"Irion County, Texas",1432,58125,107,644,4,205,152600,48,235,7.472067039106145,99.38271604938271,0.6172839506172839,14.315642458100559
"Jack County, Texas",8623,65693,1024,3466,339,659,174800,48,237,11.875217441725617,91.09067017082786,8.909329829172142,7.642351849704279
"Jackson County, Texas",15081,61752,2104,6519,359,1247,175500,48,239,13.951329487434519,94.78045943588252,5.219540564117476,8.268682448113521
"Jasper County, Texas",32807,49919,7032,14512,2037,1947,125900,48,241,21.434449964946506,87.6910991600701,12.308900839929905,5.934709055994148
"Jeff Davis County, Texas",1740,32625,534,559,0,265,234400,48,243,30.689655172413794,100.0,0.0,15.229885057471265
"Jefferson County, Texas",253939,59934,44758,109905,6082,22507,159600,48,245,17.625492736444578,94.7563088966867,5.243691103313303,8.863152174341081
"Jim Hogg County, Texas",4797,42230,1427,1893,159,331,125600,48,247,29.7477590160517,92.2514619883041,7.748538011695906,6.900145924536169
"Jim Wells County, Texas",38863,47492,8920,16182,902,2804,104800,48,249,22.95242261276793,94.72020604073987,5.279793959260126,7.215088902040501
"Johnson County, Texas",188820,81826,19933,93504,3322,20283,254600,48,251,10.556614765385023,96.56910334001198,3.4308966599880195,10.741976485541786
"Jones County, Texas",19968,63472,1761,6957,340,1285,92700,48,253,8.819110576923077,95.34055091133342,4.659449088666575,6.4352964743589745
"Karnes County, Texas",14819,59103,2419,5302,243,1107,136900,48,255,16.32363857210338,95.61767357980162,4.382326420198377,7.470139685538834
"Kaufman County, Texas",160718,88606,15419,82608,3967,18460,290800,48,257,9.59382272054157,95.41784579844065,4.582154201559342,11.485956768999117
"Kendall County, Texas",46971,110498,2353,22844,1076,10276,489800,48,259,5.009473930723212,95.50167224080268,4.498327759197324,21.877328564433373
"Kenedy County, Texas",52,-666666666,3,25,0,4,-666666666,48,261,5.769230769230769,100.0,0.0,7.6923076923076925
"Kent County, Texas",727,71420,56,284,25,81,108900,48,263,7.702888583218708,91.9093851132686,8.090614886731391,11.141678129298487
"Kerr County, Texas",53166,67927,5999,24280,712,7637,285100,48,265,11.283527066170109,97.15108834827144,2.848911651728553,14.36444344129707
"Kimble County, Texas",4355,65703,645,2033,23,560,173100,48,267,14.810562571756602,98.88132295719845,1.1186770428015564,12.85878300803674
"King County, Texas",189,70192,29,92,0,49,-666666666,48,269,15.343915343915343,100.0,0.0,25.925925925925924
"Kinney County, Texas",3140,66341,320,1483,24,268,88500,48,271,10.191082802547772,98.40743198407432,1.5925680159256803,8.535031847133757
"Kleberg County, Texas",30629,57612,8329,14374,1093,2602,152200,48,273,27.193182931208987,92.9333419538372,7.0666580461627975,8.495216951255347
"Knox County, Texas",3322,56304,364,1479,19,254,66800,48,275,10.957254665863937,98.73164218958611,1.268357810413885,7.645996387718242
"Lamar County, Texas",50421,61122,9301,23982,933,4733,175500,48,277,18.44667896313044,96.25526791089705,3.74473208910295,9.386961781797266
"Lamb County, Texas",12919,56997,2023,5911,171,802,76600,48,279,15.659106742007895,97.18842486024334,2.811575139756659,6.207910829011533
"Lampasas County, Texas",22267,76919,2022,9545,450,2367,236000,48,281,9.08070238469484,95.49774887443722,4.502251125562781,10.630080388018143
"La Salle County, Texas",6946,55469,1301,2150,53,176,101000,48,283,18.730204434206737,97.59418974126191,2.4058102587380845,2.5338324215375754
"Lavaca County, Texas",20479,61768,1892,9832,295,2123,220900,48,285,9.238732359978515,97.08699516144958,2.91300483855041,10.366717124859612
"Lee County, Texas",17758,66000,2121,8303,436,1769,247500,48,287,11.943912602770581,95.01087080901705,4.9891291909829505,9.961707399481924
"Leon County, Texas",16067,59975,2301,6546,255,1232,177400,48,289,14.321279641501214,96.25055138950155,3.7494486104984563,7.667890707661666
"Liberty County, Texas",97993,64773,16281,38720,2743,4950,167100,48,291,16.614452052697644,93.38446325639727,6.61553674360273,5.05138122110763
"Limestone County, Texas",22185,58109,4154,8693,274,2097,154400,48,293,18.724363308541808,96.94435151109624,3.055648488903758,9.452332657200811
"Lipscomb County, Texas",2964,71442,394,1367,101,373,128400,48,295,13.29284750337382,93.11989100817438,6.8801089918256135,12.584345479082321
"Live Oak County, Texas",11444,53869,1702,4059,219,735,142300,48,297,14.872422229989516,94.88078541374475,5.119214586255259,6.422579517651171
"Llano County, Texas",22011,65636,2542,9063,481,4004,322300,48,299,11.548771069010948,94.9601844090528,5.0398155909471924,18.190904547726134
"Loving County, Texas",54,51087,5,30,0,0,-666666666,48,301,9.25925925925926,100.0,0.0,0.0
"Lubbock County, Texas",314633,63367,51998,162882,7618,37942,199600,48,303,16.526556337065724,95.53196480938416,4.4680351906158355,12.05912920768006
"Lynn County, Texas",5667,57411,980,2627,113,580,130800,48,305,17.293100405858482,95.87591240875912,4.124087591240875,10.234692076936652
"McCulloch County, Texas",7565,51919,1082,3513,368,718,104400,48,307,14.302709847984138,90.51790775573306,9.482092244266942,9.491077329808329
"McLennan County, Texas",263608,63888,43507,127943,5753,27176,219200,48,309,16.504430821522867,95.69695428434657,4.303045715653423,10.309247063822038
"McMullen County, Texas",623,45833,57,253,0,49,108800,48,311,9.149277688603531,100.0,0.0,7.865168539325842
"Madison County, Texas",13574,67128,1505,5426,322,1013,149100,48,313,11.087372918815383,94.39805149617258,5.601948503827418,7.4627965227641075
"Marion County, Texas",9631,47447,1750,3972,334,958,110500,48,315,18.170491122417197,92.243381328379,7.756618671620993,9.947045997300384
"Martin County, Texas",5230,77083,419,2538,160,385,162200,48,317,8.011472275334608,94.06968124536694,5.930318754633062,7.361376673040152
"Mason County, Texas",3951,68750,253,1654,38,723,274600,48,319,6.403442166540116,97.75413711583924,2.2458628841607564,18.29916476841306
"Matagorda County, Texas",36274,55174,7816,16280,1128,3721,162200,48,321,21.54711363511055,93.52022058823529,6.4797794117647065,10.258036058885152
"Maverick County, Texas",57770,51270,12981,24275,1847,3794,151500,48,323,22.470140211182272,92.92933159788684,7.070668402113162,6.567422537649299
"Medina County, Texas",52419,73462,5641,22785,739,5016,220000,48,325,10.761365153856426,96.8585274613161,3.1414725386838973,9.569049390488182
"Menard County, Texas",1964,48191,405,840,121,233,105300,48,327,20.621181262729124,87.40894901144641,12.59105098855359,11.863543788187373
"Midland County, Texas",171496,93984,18048,88896,3289,22773,293000,48,329,10.523860614824835,96.432174431849,3.567825568151001,13.279026916079676
"Milam County, Texas",25268,59076,3907,11241,606,2283,168900,48,331,15.462244736425518,94.88478095720436,5.115219042795644,9.035143264207694
"Mills County, Texas",4499,64494,332,2030,79,617,200200,48,333,7.379417648366305,96.25414888572783,3.745851114272167,13.714158701933762
"Mitchell County, Texas",8989,56033,999,3855,182,511,85700,48,335,11.113583268439204,95.49170175873172,4.508298241268268,5.684725775948381
"Montague County, Texas",20599,62818,2739,8408,445,1886,189400,48,337,13.296761978736832,94.97345532587823,5.026544674121767,9.155784261371911
"Montgomery County, Texas",654722,97266,60445,326039,14921,105629,317500,48,339,9.232162658349651,95.62382684185829,4.376173158141718,16.133412349058073
"Moore County, Texas",21234,61325,3226,10167,219,1132,135400,48,341,15.192615616464161,97.89139225880994,2.1086077411900637,5.331072807761138
"Morris County, Texas",12014,55082,1985,5290,385,869,110200,48,343,16.522390544364907,93.215859030837,6.784140969162995,7.23322790078242
"Motley County, Texas",1267,62857,123,628,6,161,81100,48,345,9.707971586424625,99.05362776025235,0.9463722397476341,12.70718232044199
"Nacogdoches County, Texas",64897,51528,13307,31061,2222,6125,158200,48,347,20.50479991370942,93.32391911786799,6.67608088213202,9.438032574695287
"Navarro County, Texas",53735,59310,8814,24500,942,4059,159900,48,349,16.40271703731274,96.29746089143936,3.702539108560648,7.553735926305015
"Newton County, Texas",12193,41044,2689,5163,544,388,83100,48,351,22.053637332895924,90.46784650429296,9.532153495707027,3.1821536947428855
"Nolan County, Texas",14565,50160,2679,6827,388,823,98300,48,353,18.39340885684861,94.62231462231462,5.377685377685378,5.6505320974939925
"Nueces County, Texas",352829,66021,61023,169080,9446,35747,194700,48,355,17.29534703780018,94.708893942619,5.291106057380998,10.131536806781757
"Ochiltree County, Texas",9852,64988,1516,4933,55,758,137200,48,357,15.387738530247667,98.89735364875702,1.1026463512429832,7.693869265123833
"Oldham County, Texas",2097,76402,301,849,6,229,144800,48,359,14.353838817358131,99.29824561403508,0.7017543859649122,10.920362422508346
"Orange County, Texas",84993,73372,10663,40630,2577,7391,163400,48,361,12.545739060863836,94.03568866155948,5.96431133844053,8.696010259668444
"Palo Pinto County, Texas",28920,64972,4868,13137,1001,2477,167300,48,363,16.832641770401107,92.91979063516763,7.080209364832367,8.565006915629322
"Panola County, Texas",22624,62593,2635,9860,254,1932,146000,48,365,11.646923620933523,97.48862962230571,2.511370377694285,8.53960396039604
"Parker County, Texas",158079,102099,12122,79892,3118,22395,343600,48,367,7.6683177398642455,96.24382604505482,3.756173954945188,14.166967149336724
"Parmer County, Texas",9752,68164,931,4829,120,771,127300,48,369,9.546759639048402,97.57526773085472,2.424732269145282,7.9060705496308445
"Pecos County, Texas",14983,67689,3445,6035,75,815,142900,48,371,22.99272508843356,98.77250409165302,1.227495908346972,5.439498097844223
"Polk County, Texas",51780,59066,8675,20465,1838,3389,154000,48,373,16.75357280803399,91.75895619423396,8.24104380576604,6.544998068752414
"Potter County, Texas",116634,50448,23024,51016,2037,8945,134900,48,375,19.740384450503285,96.16044333025465,3.839556669745349,7.669290258415214
"Presidio County, Texas",6043,29014,2192,2631,292,458,123100,48,377,36.273374151911305,90.01026342798495,9.989736572015053,7.5790170445143135
"Rains County, Texas",12505,64874,1590,5463,131,1802,214900,48,379,12.714914034386245,97.65820521987845,2.3417947801215586,14.410235905637744
"Randall County, Texas",143791,80905,13392,75502,2200,20202,227500,48,381,9.31351753586803,97.16867004710303,2.831329952896965,14.049558039098414
"Reagan County, Texas",3259,70288,361,1474,122,191,163700,48,383,11.077017490027616,92.35588972431079,7.644110275689223,5.860693464252838
"Real County, Texas",2821,45417,521,732,51,293,-666666666,48,385,18.4686281460475,93.48659003831418,6.513409961685824,10.386387805742645
"Red River County, Texas",11621,46912,2389,4765,94,869,133800,48,387,20.557611221065315,98.06544556493105,1.9345544350689443,7.477841838051804
"Reeves County, Texas",13219,56056,2669,6025,242,472,113700,48,389,20.190634692488086,96.1385032711026,3.861496728897399,3.5706180497768365
"Refugio County, Texas",6693,58016,1128,2832,162,498,94400,48,391,16.85342895562528,94.58917835671342,5.410821643286573,7.440609592111161
"Roberts County, Texas",785,66118,50,367,2,90,176800,48,393,6.369426751592357,99.45799457994579,0.5420054200542005,11.464968152866243
"Robertson County, Texas",16973,66250,2768,7392,601,1555,172700,48,395,16.308254286219288,92.480920805705,7.519079194295008,9.161609615271313
"Rockwall County, Texas",116931,124917,4991,62830,2540,21333,386000,48,397,4.268329185588081,96.11442557748202,3.885574422517975,18.244092670036174
"Runnels County, Texas",9880,63490,1004,4772,203,884,103700,48,399,10.161943319838057,95.91959798994975,4.080402010050252,8.947368421052632
"Rusk County, Texas",52613,67506,6795,22305,842,4176,166900,48,401,12.91505901583259,96.36237957402687,3.637620425973128,7.937201832246783
"Sabine County, Texas",9998,59924,1414,3788,263,853,131900,48,403,14.142828565713142,93.50777585781287,6.492224142187114,8.531706341268254
"San Augustine County, Texas",7889,46338,2101,2942,277,409,83500,48,405,26.63201926733426,91.39484311898104,8.60515688101895,5.184434022056028
"San Jacinto County, Texas",27983,59526,4928,11417,809,1846,183100,48,407,17.610692205982204,93.38295435956158,6.61704564043841,6.596862380731158
"San Patricio County, Texas",69519,67512,10387,30968,1321,5313,180400,48,409,14.941239085717573,95.90882343832264,4.091176561677352,7.6425149959004015
"San Saba County, Texas",5802,54855,753,2486,72,620,161800,48,411,12.97828335056877,97.18530101641907,2.8146989835809224,10.685970355049983
"Schleicher County, Texas",2426,90141,216,1099,58,368,113400,48,413,8.903544929925804,94.98703543647365,5.012964563526361,15.169002473206925
"Scurry County, Texas",16633,62689,1411,6974,145,1464,110800,48,415,8.483135934587867,97.96319707824132,2.036802921758674,8.80177959478146
"Shackelford County, Texas",3169,64659,363,1680,102,614,176900,48,417,11.454717576522562,94.27609427609428,5.723905723905724,19.37519722309877
"Shelby County, Texas",24108,50436,5635,10595,433,1616,111700,48,419,23.3739837398374,96.07363075807037,3.926369241929634,6.703169072507052
"Sherman County, Texas",2434,74167,151,1200,38,258,125500,48,421,6.203779786359902,96.93053311793214,3.0694668820678515,10.599835661462613
"Smith County, Texas",238014,71923,28262,114273,4672,28778,220800,48,423,11.874091439999328,96.07213417966287,3.927865820337131,12.090885410101928
"Somervell County, Texas",9510,83382,607,4882,193,1252,253600,48,425,6.382754994742376,96.19704433497537,3.802955665024631,13.16508937960042
"Starr County, Texas",65809,38182,21862,27009,2917,3320,93300,48,427,33.220380191159265,90.25262313707144,9.747376862928556,5.044902672886687
"Stephens County, Texas",9278,54695,1187,4084,241,828,105700,48,429,12.793705539987066,94.42774566473989,5.572254335260116,8.924337141625351
"Sterling County, Texas",1389,78750,37,560,13,129,143200,48,431,2.663786897048236,97.73123909249564,2.2687609075043627,9.287257019438446
"Stonewall County, Texas",1244,61250,105,603,17,57,54700,48,433,8.440514469453376,97.25806451612902,2.741935483870968,4.581993569131833
"Sutton County, Texas",3306,75000,381,1635,73,162,140600,48,435,11.524500907441016,95.72599531615926,4.274004683840749,4.900181488203267
"Swisher County, Texas",6981,39031,1868,2779,120,702,89200,48,437,26.75834407677983,95.86064160055192,4.139358399448086,10.05586592178771
"Tarrant County, Texas",2135743,81905,229884,1133734,53014,314353,294100,48,439,10.763654615747306,95.53283426641545,4.467165733584552,14.718671675384165
"Taylor County, Texas",144259,66406,18686,68444,1558,16428,190300,48,441,12.953091314926626,97.7743493043056,2.2256506956944087,11.38785101796075
"Terrell County, Texas",851,46989,70,331,0,164,152200,48,443,8.225616921269095,100.0,0.0,19.27144535840188
"Terry County, Texas",11699,45905,2381,5076,192,547,111200,48,445,20.352166851867683,96.35535307517085,3.644646924829157,4.675613300282076
"Throckmorton County, Texas",1589,58864,222,754,20,208,84200,48,447,13.971050975456262,97.41602067183463,2.5839793281653747,13.089993706733793
"Titus County, Texas",31284,59220,5368,14064,509,2170,157900,48,449,17.158931082981717,96.50723941535718,3.4927605846428325,6.936453138984784
"Tom Green County, Texas",119398,66254,13394,57210,1766,12999,186700,48,451,11.217943349134826,97.0055615843733,2.9944384156266954,10.8871170371363
"Travis County, Texas",1307625,97169,140926,782184,33873,320283,487600,48,453,10.777248828983845,95.84918700531948,4.150812994680519,24.493490106108403
"Trinity County, Texas",13850,51663,2194,5469,389,1235,110100,48,455,15.84115523465704,93.35950836462956,6.6404916353704335,8.916967509025271
"Tyler County, Texas",20084,50647,3495,7246,647,1199,138400,48,457,17.401911969727145,91.80286329659192,8.197136703408082,5.969926309500099
"Upshur County, Texas",41864,62794,5460,18764,833,3642,171200,48,459,13.042231989298681,95.74934939021279,4.250650609787213,8.699598700554176
"Upton County, Texas",3227,52321,539,1458,56,144,106300,48,461,16.702819956616054,96.30118890356671,3.6988110964332894,4.462348930895569
"Uvalde County, Texas",24810,57849,5242,10804,341,2344,144400,48,463,21.1285771866183,96.94033198743831,3.059668012561687,9.447803305118905
"Val Verde County, Texas",47647,59673,8377,20368,981,3729,151500,48,465,17.58137973009843,95.40493699939108,4.595063000608928,7.8263059584024175
"Van Zandt County, Texas",61323,68274,6959,27508,1087,5264,199500,48,467,11.348107561600052,96.19863612519671,3.8013638748032874,8.58405492229669
"Victoria County, Texas",91281,70101,14288,43594,1876,8538,197600,48,469,15.652764540265773,95.87420277105784,4.12579722894216,9.353534689584908
"Walker County, Texas",78292,49862,11109,32913,2434,7528,207900,48,471,14.18918918918919,93.11398421365321,6.88601578634679,9.615286363868595
"Waller County, Texas",59455,76135,7387,28873,1776,6806,292000,48,473,12.424522748297031,94.20535743417403,5.794642565825965,11.447313093936591
"Ward County, Texas",11255,71719,1620,5380,218,555,138800,48,475,14.393602843180808,96.1057520543051,3.8942479456948913,4.931141714793426
"Washington County, Texas",36156,75085,4287,17187,447,5183,270100,48,477,11.856953202787919,97.465124191902,2.5348758080979925,14.335103440646089
"Webb County, Texas",267731,62506,55716,119744,6638,22416,178900,48,479,20.810440330032755,94.74766976309917,5.252330236900824,8.372582928387075
"Wharton County, Texas",41651,66100,5927,19545,1364,3900,182700,48,481,14.230150536601762,93.47649337605816,6.523506623941843,9.3635206837771
"Wheeler County, Texas",4902,67964,683,2383,82,596,97600,48,483,13.933088535291718,96.67342799188641,3.3265720081135903,12.158302733578132
"Wichita County, Texas",129842,62168,18767,60682,2097,13326,141600,48,485,14.4537206758984,96.65971104987337,3.3402889501266344,10.263243018437795
"Wilbarger County, Texas",12712,51626,2301,6107,601,1113,98800,48,487,18.101006922592823,91.04054859868813,8.959451401311865,8.755506607929515
"Willacy County, Texas",20218,45645,4593,8878,645,1212,60800,48,489,22.717380551983382,93.22692428856453,6.773075711435473,5.994658225343754
"Williamson County, Texas",643889,108309,40507,355971,14239,132922,414600,48,491,6.290991149095573,96.15380459739067,3.84619540260933,20.64362025131661
"Wilson County, Texas",51501,92461,4987,24822,958,6496,286300,48,493,9.683307120250092,96.28394103956556,3.716058960434445,12.613347313644397
"Winkler County, Texas",7540,91898,893,3552,69,421,121200,48,495,11.843501326259947,98.09444904722451,1.9055509527754766,5.583554376657824
"Wise County, Texas",72359,89897,6474,36661,1832,6900,277200,48,497,8.947055653063199,95.24069311303353,4.759306886966462,9.535786840614161
"Wood County, Texas",46094,62524,5600,18686,1068,4635,195100,48,499,12.149086649021564,94.59350005062265,5.406499949377341,10.055538681824098
"Yoakum County, Texas",7589,82261,908,3237,111,534,183000,48,501,11.964685729345105,96.68458781362007,3.315412186379928,7.036500197654499
"Young County, Texas",17963,63723,2952,8753,254,2104,165300,48,503,16.433780548906086,97.17997113356279,2.8200288664372155,11.712965540277237
"Zapata County, Texas",13855,36527,5092,5140,413,768,88800,48,505,36.752075063154095,92.56257878624167,7.437421213758329,5.543125225550343
"Zavala County, Texas",9532,41887,3438,3928,291,461,88100,48,507,36.06798153587915,93.10263095520266,6.897369044797346,4.8363407469576165
"Beaver County, Utah",7172,85603,514,3173,76,786,287600,49,001,7.166759620747351,97.6608187134503,2.3391812865497075,10.959286112660346
"Box Elder County, Utah",59725,77865,5111,28391,911,6763,357400,49,003,8.557555462536627,96.8909972015562,3.1090027984437922,11.323566345751361
"Cache County, Utah",137031,78292,17385,70772,1685,18207,392800,49,005,12.686910261181778,97.67448279669321,2.325517203306789,13.286774525472339
"Carbon County, Utah",20446,53673,3377,8899,493,1689,200700,49,007,16.516678078841824,94.75085178875638,5.249148211243612,8.260784505526754
"Daggett County, Utah",747,58750,72,338,29,41,242100,49,009,9.63855421686747,92.09809264305177,7.901907356948229,5.4886211512717535
"Davis County, Utah",366742,108058,21737,186649,4699,56085,470500,49,011,5.927054986884513,97.54426489955473,2.455735100445262,15.292767122391218
"Duchesne County, Utah",19932,74738,2605,8479,333,1417,253600,49,013,13.069436082681115,96.22106218792555,3.778937812074444,7.109171182018864
"Emery County, Utah",9968,69956,1112,4363,155,686,197100,49,015,11.15569823434992,96.5692784417884,3.4307215582115984,6.882022471910113
"Garfield County, Utah",5170,61688,557,2435,124,838,285800,49,017,10.773694390715667,95.15435717076983,4.845642829230168,16.208897485493228
"Grand County, Utah",9697,62521,1632,5466,161,1522,480900,49,019,16.829947406414355,97.1387950950773,2.8612049049226944,15.695575951325152
"Iron County, Utah",60201,65527,8099,29412,1007,6967,342900,49,021,13.45326489593196,96.68956901936289,3.3104309806371015,11.57289746017508
"Juab County, Utah",12273,89803,1091,5865,133,1011,369800,49,023,8.88943208669437,97.78259419806602,2.217405801933978,8.23759472011733
"Kane County, Utah",7996,75000,812,3654,169,1297,350900,49,025,10.155077538769385,95.5793879152498,4.4206120847501955,16.220610305152576
"Millard County, Utah",13179,70877,1142,5893,393,1451,246400,49,027,8.66530085742469,93.74801145402482,6.251988545975183,11.009940056149937
"Morgan County, Utah",12585,126092,214,5755,124,1752,600900,49,029,1.7004370282081842,97.8907977547202,2.1092022452798096,13.921334922526817
"Piute County, Utah",1705,44650,188,672,47,136,235400,49,031,11.026392961876832,93.46314325452016,6.536856745479833,7.976539589442816
"Rich County, Utah",2588,76875,244,1058,29,266,291200,49,033,9.428129829984544,97.33210671573137,2.667893284268629,10.278207109737249
"Salt Lake County, Utah",1184689,94658,97689,659418,24188,187544,484500,49,035,8.245961598360415,96.46170454911163,3.538295450888377,15.830652601653261
"San Juan County, Utah",14466,54890,2601,6001,729,1187,189900,49,037,17.98009124844463,89.16790490341754,10.832095096582467,8.205447255633901
"Sanpete County, Utah",29209,67459,4078,13026,657,2333,300400,49,039,13.961450237940362,95.19842139881605,4.801578601183951,7.9872641993906
"Sevier County, Utah",21854,73765,2258,9961,341,2186,274100,49,041,10.332204630731216,96.68996311395846,3.3100368860415452,10.002745492815961
"Summit County, Utah",42709,137058,1933,23434,482,10395,1000400,49,043,4.525978131073076,97.98461281150695,2.015387188493059,24.339132267203635
"Tooele County, Utah",76648,101846,3562,39710,1424,6972,391300,49,045,4.647218453188602,96.53814362814217,3.461856371857831,9.096127752844172
"Uintah County, Utah",36458,69861,3991,15680,904,2640,270200,49,047,10.946842942564047,94.5489628557646,5.451037144235408,7.241209062482858
"Utah County, Utah",683622,96877,58181,349793,12387,106191,489200,49,049,8.510697432206687,96.57987740902314,3.420122590976862,15.533584349245636
"Wasatch County, Utah",35808,115146,1829,18244,443,6809,724400,49,051,5.107797140303843,97.62936800984642,2.370631990153583,19.015303842716712
"Washington County, Utah",189827,76411,18540,85070,2822,25871,465600,49,053,9.76678765402182,96.78924134164657,3.2107586583534338,13.628725102330016
"Wayne County, Utah",2557,70074,231,1220,10,338,364800,49,055,9.034024247164647,99.1869918699187,0.8130081300813009,13.21861556511537
"Weber County, Utah",266183,87083,19731,139858,4195,32859,389200,49,057,7.412569548017717,97.08787737846487,2.9121226215351297,12.34451486383428
"Addison County, Vermont",37497,88478,2524,20649,781,6605,333700,50,001,6.731205163079713,96.35557629491367,3.6444237050863277,17.614742512734352
"Bennington County, Vermont",37312,71494,4128,18708,778,5782,257400,50,003,11.063464837049743,96.0073899209689,3.992610079031099,15.496355060034306
"Caledonia County, Vermont",30425,66075,3727,15962,415,4203,215900,50,005,12.249794576828265,97.4659583562313,2.5340416437687,13.814297452752673
"Chittenden County, Vermont",168831,94310,16606,99619,3695,35945,404500,50,007,9.835871374332914,96.4235244013396,3.5764755986603944,21.29052129052129
"Essex County, Vermont",5972,58985,850,2768,155,575,167500,50,009,14.233087742799732,94.69722887444406,5.302771125555935,9.628265237776288
"Franklin County, Vermont",50379,79078,5032,26327,738,6670,285500,50,011,9.988288771114949,97.27323111029004,2.726768889709957,13.239643502252923
"Grand Isle County, Vermont",7393,90625,559,3977,136,1466,363500,50,013,7.561206546733397,96.69341113542427,3.306588864575735,19.829568510753415
"Lamoille County, Vermont",26036,69897,2045,14830,533,5196,285200,50,015,7.854509141189123,96.53062552886806,3.4693744711319403,19.95698263942234
"Orange County, Vermont",29594,77328,2727,16304,458,4452,251000,50,017,9.21470568358451,97.26762916119795,2.7323708388020522,15.04358991687504
"Orleans County, Vermont",27492,66426,2891,14131,734,3552,213300,50,019,10.515786410592172,95.06222670702994,4.937773292970063,12.920122217372326
"Rutland County, Vermont",60484,64778,7068,29931,1235,9081,218400,50,021,11.68573507043185,96.03734839247899,3.9626516075210163,15.01388797037233
"Washington County, Vermont",59958,79853,5456,32415,964,12177,293900,50,023,9.099703125521199,97.11195661943138,2.8880433805686208,20.30921645151606
"Windham County, Vermont",45913,68021,5308,24496,1052,7673,265100,50,025,11.560995796397535,95.882260842336,4.117739157664005,16.71204234094919
"Windsor County, Vermont",57968,75247,4981,29956,1141,10840,267400,50,027,8.592671818934585,96.33083577193942,3.669164228060585,18.699972398564725
"Accomack County, Virginia",33326,57500,4883,15124,577,3086,193100,51,001,14.652223489167618,96.3250748359977,3.6749251640022926,9.2600372081858
"Albemarle County, Virginia",113683,102617,7141,58058,1939,23272,471000,51,003,6.281502071549835,96.76817174192043,3.2318282580795707,20.470958718541908
"Alleghany County, Virginia",14962,55160,1916,6227,157,975,122300,51,005,12.805774629060284,97.54072681704261,2.4592731829573933,6.516508488170031
"Amelia County, Virginia",13342,66339,1468,6399,337,1254,239700,51,007,11.002848148703343,94.99703087885986,5.002969121140143,9.398890721031329
"Amherst County, Virginia",31385,67298,3291,15498,595,3091,197200,51,009,10.485900908077108,96.30274032187907,3.697259678120922,9.848653815516967
"Appomattox County, Virginia",16424,62337,2007,7977,335,1774,189200,51,011,12.219922065270335,95.96968238691049,4.030317613089509,10.801266439357038
"Arlington County, Virginia",235463,140160,16573,150497,4913,61874,864800,51,013,7.038473135906703,96.83868476931985,3.161315230680137,26.277589260308414
"Augusta County, Virginia",77713,79972,5455,39214,1185,8972,281400,51,015,7.019417600658834,97.066759078195,2.9332409218049955,11.545043943741716
"Bath County, Virginia",4123,61709,841,1734,35,330,206000,51,017,20.397768615086104,98.02148106274731,1.978518937252685,8.003880669415473
"Bedford County, Virginia",80254,77644,6429,38396,1217,12205,276600,51,019,8.010815660278615,96.92777623507435,3.072223764925656,15.207964712039276
"Bland County, Virginia",6211,61375,668,2365,41,548,157100,51,021,10.75511189824505,98.29592684954281,1.7040731504571904,8.823055868620191
"Botetourt County, Virginia",33875,80467,2037,16576,436,4396,268900,51,023,6.013284132841328,97.43710322125558,2.562896778744416,12.977121771217712
"Brunswick County, Virginia",15868,52978,2090,6932,439,1144,132700,51,025,13.171162087219562,94.0442273775607,5.955772622439289,7.2094781951096545
"Buchanan County, Virginia",19857,42216,4485,6014,218,833,91400,51,027,22.586493428010275,96.50192554557124,3.4980744544287545,4.194994208591429
"Buckingham County, Virginia",16914,59199,2039,6964,339,1194,167800,51,029,12.055102282133143,95.35807202519513,4.641927974804875,7.059240865555161
"Campbell County, Virginia",55398,62608,5517,27951,1308,6777,199200,51,031,9.958843279540778,95.52958064185378,4.470419358146211,12.233293620708329
"Caroline County, Virginia",31541,86267,3496,16097,733,2994,283100,51,033,11.08398592308424,95.64468211527036,4.35531788472965,9.492406708728323
"Carroll County, Virginia",29158,52575,4688,13050,657,2575,144200,51,035,16.07792029631662,95.20682862770848,4.79317137229153,8.831195555250702
"Charles City County, Virginia",6686,70339,760,3462,170,609,224100,51,036,11.36703559676937,95.31938325991189,4.680616740088106,9.108585103200719
"Charlotte County, Virginia",11475,48892,2762,4751,111,862,144000,51,037,24.06971677559913,97.71698889345947,2.2830111065405183,7.5119825708061
"Chesterfield County, Virginia",371610,98910,25098,198489,9153,66439,336700,51,041,6.753854847824332,95.59193226803826,4.408067731961742,17.87869002448804
"Clarke County, Virginia",15060,114185,1014,7694,268,2578,538900,51,043,6.733067729083666,96.63401155488572,3.3659884451142927,17.11819389110226
"Craig County, Virginia",4881,67778,652,2011,47,364,210500,51,045,13.357918459332105,97.71622934888241,2.28377065111759,7.457488219627126
"Culpeper County, Virginia",53563,96098,4229,26628,770,6255,386400,51,047,7.895375539084816,97.18957588145119,2.810424118548799,11.67783731307059
"Cumberland County, Virginia",9745,57057,748,5069,147,719,220100,51,049,7.675731144176501,97.18174846625767,2.8182515337423313,7.378142637249872
"Dickenson County, Virginia",13920,43831,2716,4748,129,908,101100,51,051,19.51149425287356,97.35493131023169,2.6450686897683,6.522988505747127
"Dinwiddie County, Virginia",28083,83898,2923,14163,684,2587,246100,51,053,10.408432147562582,95.39300868862396,4.606991311376035,9.211978777196169
"Essex County, Virginia",10604,56481,1628,4492,283,861,228600,51,057,15.352697095435685,94.07329842931938,5.926701570680628,8.119577517917767
"Fairfax County, Virginia",1144474,150113,67276,635809,25479,250081,699700,51,059,5.878333627500494,96.14706451651928,3.8529354834807226,21.851173552217002
"Fauquier County, Virginia",73935,129495,4520,39944,939,12562,543700,51,061,6.113478055048353,97.70320181982731,2.2967981801726878,16.990599851220665
"Floyd County, Virginia",15560,61401,1282,8179,271,1654,215500,51,063,8.239074550128535,96.79289940828403,3.2071005917159763,10.629820051413882
"Fluvanna County, Virginia",27764,91959,2027,14033,531,4567,281700,51,065,7.3008212073188306,96.35402361988464,3.645976380115353,16.449358882005473
"Franklin County, Virginia",54958,68348,6179,25107,665,6237,222800,51,067,11.243131118308526,97.41968027316467,2.580319726835325,11.348666254230503
"Frederick County, Virginia",93355,95603,6479,47841,1977,11674,355000,51,069,6.94017460232446,96.03155485968927,3.9684451403107315,12.504954207059077
"Giles County, Virginia",16610,64819,1468,7520,171,1151,143500,51,071,8.838049367850692,97.77662202574437,2.2233779742556234,6.929560505719447
"Gloucester County, Virginia",39228,83689,2619,19618,651,4740,289200,51,073,6.676353624961761,96.78819872712023,3.211801272879767,12.083205873355766
"Goochland County, Virginia",25613,118695,950,12427,324,5121,483700,51,075,3.709053996017647,97.45902282173947,2.540977178260529,19.993753172217232
"Grayson County, Virginia",15323,42864,2595,6135,238,1102,132300,51,077,16.93532598055211,96.26549505727286,3.73450494272713,7.191803171702669
"Greene County, Virginia",20850,85268,2424,11048,338,2699,315300,51,079,11.62589928057554,97.03144212190409,2.968557878095907,12.94484412470024
"Greensville County, Virginia",11304,56759,1113,4234,283,854,159200,51,081,9.846072186836519,93.7347797210538,6.265220278946202,7.5548478414720455
"Halifax County, Virginia",33811,49244,5901,14191,565,2920,148900,51,083,17.45289994380527,96.17104906478721,3.828950935212795,8.636242642926858
"Hanover County, Virginia",111652,109504,5663,59860,1602,20550,372700,51,085,5.072009457958657,97.39351143796166,2.606488562038333,18.40540250062695
"Henrico County, Virginia",334434,86397,27912,183914,7128,61964,333600,51,087,8.346041371391664,96.2688832822102,3.7311167177898055,18.52802047638697
"Henry County, Virginia",50365,48445,7315,21345,865,3689,120300,51,089,14.523974982626825,96.10535794687078,3.894642053129221,7.3245309242529535
"Highland County, Virginia",2265,62946,233,1041,167,381,195700,51,091,10.286975717439294,86.17549668874173,13.82450331125828,16.821192052980134
"Isle of Wight County, Virginia",39444,96118,2891,19930,913,5023,333600,51,093,7.32937835919278,95.6196324905244,4.380367509475604,12.734509684616166
"James City County, Virginia",80046,107046,5119,36284,1286,15232,419200,51,095,6.395072833120956,96.57705616183124,3.4229438381687514,19.029058291482396
"King and Queen County, Virginia",6676,72851,1232,3494,172,749,240900,51,097,18.454164170161775,95.30823786142935,4.69176213857065,11.21929298981426
"King George County, Virginia",27468,110517,1764,14184,535,3981,395900,51,099,6.422018348623854,96.36524220395407,3.6347577960459274,14.493228484054171
"King William County, Virginia",18232,85212,1431,9942,351,2309,276500,51,101,7.848837209302325,96.58991547653746,3.4100845234625474,12.664545853444492
"Lancaster County, Virginia",10876,67169,1391,4438,444,1900,307600,51,103,12.789628539904378,90.90536665301107,9.094633346988939,17.469657962486206
"Lee County, Virginia",22042,42269,5617,7780,720,1514,98700,51,105,25.48316849650667,91.52941176470588,8.470588235294118,6.86870519916523
"Loudoun County, Virginia",427082,178707,16821,239822,7756,100120,701000,51,107,3.9385879058354134,96.86724991719782,3.1327500828021875,23.442804894610404
"Louisa County, Virginia",39012,80343,3916,19916,1143,4455,275600,51,109,10.037937045011791,94.57239185146493,5.427608148535068,11.419563211319595
"Lunenburg County, Virginia",11990,54460,1758,4638,169,667,145500,51,111,14.662218515429526,96.4842937382983,3.515706261701685,5.562969140950792
"Madison County, Virginia",13931,82972,967,7100,299,1430,331400,51,113,6.941353815232216,95.95891336667117,4.0410866333288284,10.264876893259636
"Mathews County, Virginia",8517,75487,665,3663,218,1418,348800,51,115,7.807913584595514,94.3828910074723,5.617108992527699,16.649054831513443
"Mecklenburg County, Virginia",30431,51691,5111,12870,385,2971,169400,51,117,16.795373139233018,97.0954356846473,2.904564315352697,9.763070553054451
"Middlesex County, Virginia",10774,74154,978,4625,204,1793,299800,51,119,9.077408576201968,95.77552288258438,4.224477117415614,16.64191572303694
"Montgomery County, Virginia",99159,70769,21057,48949,1626,12698,283600,51,121,21.235591323026654,96.78497281265447,3.2150271873455267,12.805695902540364
"Nelson County, Virginia",14777,68525,2118,6844,228,2465,283000,51,125,14.333085199972931,96.77601809954751,3.2239819004524892,16.68132909250863
"New Kent County, Virginia",24139,120125,1228,12772,343,4442,371500,51,127,5.087203280997556,97.38467403736179,2.6153259626382006,18.401756493640995
"Northampton County, Virginia",12115,55933,2021,5272,220,1751,279100,51,131,16.68179942220388,95.99417334304444,4.005826656955572,14.45315724308708
"Northumberland County, Virginia",12085,69500,1238,4566,171,1681,333100,51,133,10.244104261481175,96.39012032932236,3.609879670677644,13.909805544062886
"Nottoway County, Virginia",15597,62161,2608,6282,331,1399,179800,51,135,16.72116432647304,94.99470739452593,5.005292605474066,8.969673655190102
"Orange County, Virginia",37208,94175,3688,18259,674,4908,337300,51,137,9.911846914642013,96.44007817039032,3.559921829609676,13.190711674908624
"Page County, Virginia",23750,59396,2234,11596,583,1629,221800,51,139,9.406315789473684,95.21307168076196,4.786928319238033,6.858947368421052
"Patrick County, Virginia",17606,50938,1859,7587,155,1577,146500,51,141,10.558900374872202,97.99793335055541,2.002066649444588,8.957173690787231
"Pittsylvania County, Virginia",60148,54115,8812,26643,1330,4823,153000,51,143,14.650528695883489,95.24541522182103,4.754584778178958,8.0185542328922
"Powhatan County, Virginia",31074,110667,963,16558,510,5425,381300,51,145,3.099053871403746,97.01195219123507,2.9880478087649402,17.45832528802214
"Prince Edward County, Virginia",21932,55082,3646,8547,193,1808,203700,51,147,16.62411088819989,97.79176201372998,2.208237986270023,8.243662228706912
"Prince George County, Virginia",42873,88225,2878,17172,964,4202,268300,51,149,6.712849578989108,94.6846052051169,5.3153947948831055,9.801040281762415
"Prince William County, Virginia",484625,128873,29306,260939,11638,82378,500600,51,153,6.047149858137735,95.73038077313933,4.269619226860667,16.99829765282435
"Pulaski County, Virginia",33771,60767,4743,15537,556,3309,182500,51,155,14.044594474549168,96.54508171254584,3.4549182874541726,9.7983476947677
"Rappahannock County, Virginia",7409,98125,700,3760,273,1167,490200,51,157,9.447968686732352,93.23084552442351,6.769154475576494,15.751113510595221
"Richmond County, Virginia",9047,64184,692,3363,96,813,214200,51,159,7.6489444014590475,97.22463139635732,2.7753686036426712,8.986404332928043
"Roanoke County, Virginia",96793,82931,6858,48126,1410,17049,267300,51,161,7.0852231049766,97.15358527131784,2.8464147286821704,17.61387703656256
"Rockbridge County, Virginia",22578,63975,1773,10655,351,2727,238700,51,163,7.8527770395960665,96.81083045611484,3.1891695438851535,12.078129152272123
"Rockingham County, Virginia",84739,78468,7902,43333,1191,9613,287900,51,165,9.325104143310636,97.32503818165483,2.674961818345162,11.344245270772607
"Russell County, Virginia",25635,49020,4592,9445,413,1850,119600,51,167,17.913009557245953,95.81050923108135,4.1894907689186445,7.216695923542033
"Scott County, Virginia",21504,45136,3729,8106,238,1569,122300,51,169,17.340959821428573,97.14765100671141,2.8523489932885906,7.2963169642857135
"Shenandoah County, Virginia",44630,64437,5440,21355,833,3896,265800,51,171,12.189110463813577,96.24571840634577,3.7542815936542273,8.729554111584136
"Smyth County, Virginia",29585,46859,4772,12373,376,2517,125800,51,173,16.12979550447862,97.05074907835909,2.949250921640913,8.507689707622106
"Southampton County, Virginia",17988,68465,1427,8254,515,1619,208800,51,175,7.93306648877029,94.1270384308359,5.872961569164101,9.000444740938402
"Spotsylvania County, Virginia",143876,109576,9974,75169,3940,19808,375000,51,177,6.932358419750341,95.01953001554817,4.980469984451832,13.767410825989046
"Stafford County, Virginia",160520,133792,7940,80728,3100,26133,458800,51,179,4.946424121604784,96.3019516152121,3.698048384787899,16.28021430351358
"Surry County, Virginia",6552,71458,756,3285,163,902,235200,51,181,11.538461538461538,95.27262180974478,4.72737819025522,13.766788766788768
"Sussex County, Virginia",10793,62821,1107,4518,199,807,178500,51,183,10.256647827295469,95.7812168751325,4.2187831248675005,7.477068470304828
"Tazewell County, Virginia",39933,45788,7374,14737,703,3020,116100,51,185,18.46593043347607,95.44689119170985,4.553108808290155,7.5626674680089145
"Warren County, Virginia",41104,84331,4542,20993,1008,4356,315800,51,187,11.050019462826002,95.4183900731785,4.581609926821508,10.597508758271701
"Washington County, Virginia",53913,62774,5749,24552,912,7008,201800,51,191,10.663476341513178,96.41847313854855,3.581526861451461,12.998720160258193
"Westmoreland County, Virginia",18683,59766,2554,7700,581,1626,244000,51,193,13.67018144837553,92.98393913778528,7.016060862214708,8.703099074024514
"Wise County, Virginia",35727,50740,5807,13810,1165,2528,116500,51,195,16.253813642343324,92.220367278798,7.779632721202004,7.075880986368853
"Wythe County, Virginia",28219,55359,4354,13138,508,2317,172100,51,197,15.42932067047025,96.2772973765206,3.7227026234794076,8.210779970941564
"York County, Virginia",70590,108326,3694,33142,1423,12709,411200,51,199,5.233035840770647,95.88311876175322,4.116881238246782,18.00396656750248
"Alexandria city, Virginia",156788,113638,13037,98916,3315,37319,696800,51,510,8.315049621144475,96.75734366288113,3.242656337118878,23.80220425032528
"Bristol city, Virginia",17024,44706,3057,7704,338,1722,168700,51,520,17.95700187969925,95.79706540661526,4.20293459338473,10.115131578947368
"Buena Vista city, Virginia",6612,54458,1339,2954,66,627,153500,51,530,20.251058681185725,97.81456953642385,2.185430463576159,9.482758620689655
"Charlottesville city, Virginia",45863,69829,9701,25197,1178,7893,448400,51,540,21.152126986895755,95.53364928909953,4.466350710900474,17.209951376926934
"Chesapeake city, Virginia",251153,94189,21444,124023,6111,38094,359100,51,550,8.538221721420808,95.3040711881599,4.695928811840103,15.16764681289891
"Colonial Heights city, Virginia",18210,76250,1723,9150,337,2332,231700,51,570,9.461834157056561,96.44777063349848,3.5522293665015283,12.806150466776497
"Covington city, Virginia",5671,42724,1317,2115,50,228,80200,51,580,23.223417386704284,97.6905311778291,2.3094688221709005,4.0204549462175985
"Danville city, Virginia",42239,42778,10156,17612,870,3222,110200,51,590,24.04412983261914,95.2927172383941,4.707282761605887,7.62802149672104
"Emporia city, Virginia",5633,49375,729,2257,76,306,131100,51,595,12.941594177170245,96.7423917702529,3.257608229747107,5.432274099059116
"Fairfax city, Virginia",24478,132774,2346,13662,610,5300,677400,51,600,9.584116349374948,95.72589686098655,4.2741031390134525,21.65209575945747
"Falls Church city, Virginia",14593,154734,529,8303,525,2946,1005400,51,610,3.625025697252107,94.05301314000907,5.946986859990938,20.18776125539642
"Franklin city, Virginia",8212,65125,1340,3753,176,880,227200,51,620,16.31758402338042,95.52048867396284,4.4795113260371595,10.71602532878714
"Fredericksburg city, Virginia",28383,85368,4281,15601,719,4525,461500,51,630,15.082972201670014,95.59436274509804,4.405637254901961,15.94264172215763
"Galax city, Virginia",6698,41438,1503,2999,164,530,126800,51,640,22.439534189310244,94.81504900411002,5.184950995889978,7.912809793968349
"Hampton city, Virginia",137334,67758,17351,67155,4240,15923,234100,51,650,12.634161970087524,94.06120876812102,5.938791231878983,11.594361192421395
"Harrisonburg city, Virginia",51492,59752,11298,26681,1886,5060,278200,51,660,21.941272430668842,93.39797668638639,6.60202331361361,9.826769206867086
"Hopewell city, Virginia",22944,48681,5405,10611,991,1240,165100,51,670,23.557357043235704,91.4583692466816,8.541630753318394,5.404463040446304
"Lexington city, Virginia",7420,89598,665,2910,19,809,275300,51,678,8.962264150943396,99.351314441789,0.6486855582109935,10.902964959568733
"Lynchburg city, Virginia",79255,59808,11939,38298,1929,10511,211800,51,680,15.064033814901268,95.20471325229323,4.795286747706764,13.262254747334554
"Manassas city, Virginia",42674,117919,2838,23434,775,5805,434700,51,683,6.650419459155457,96.79871122309885,3.2012887769011527,13.60313071190889
"Manassas Park city, Virginia",16923,100668,979,10159,346,1702,381200,51,685,5.785026295574071,96.70633031889577,3.293669681104236,10.057318442356557
"Martinsville city, Virginia",13584,42434,2871,5783,256,1127,92500,51,690,21.135159010600706,95.76088756416625,4.239112435833747,8.296525323910483
"Newport News city, Virginia",184774,66718,26927,89756,5289,21332,243300,51,700,14.572937750982282,94.43526750486612,5.5647324951338835,11.544914327773387
"Norfolk city, Virginia",235037,64017,37182,109583,6678,29305,271900,51,710,15.819636908231468,94.25602738665589,5.743972613344114,12.468249679837642
"Norton city, Virginia",3620,38497,917,1551,84,254,100700,51,720,25.331491712707184,94.86238532110092,5.137614678899083,7.016574585635358
"Petersburg city, Virginia",33365,50741,6930,15940,1814,3518,157900,51,730,20.77026824516709,89.78258420637603,10.217415793623973,10.543983215944852
"Poquoson city, Virginia",12556,120919,724,6491,117,1930,403000,51,735,5.766167569289583,98.22941888619854,1.7705811138014529,15.371137304874164
"Portsmouth city, Virginia",97299,58972,16612,44471,2948,9798,229400,51,740,17.073145664395316,93.78308273055104,6.216917269448955,10.069990441833934
"Radford city, Virginia",16505,52791,4513,8652,659,1425,211700,51,750,27.343229324447137,92.92234990871012,7.077650091289872,8.633747349288095
"Richmond city, Virginia",227595,62671,40994,130491,7808,41917,328100,51,760,18.01181924031723,94.35426141909919,5.645738580900802,18.41736417759617
"Roanoke city, Virginia",98677,52671,19062,48868,2685,12180,180500,51,770,19.317571470555446,94.79176769538145,5.208232304618548,12.343301883924319
"Salem city, Virginia",25477,66716,2500,12880,440,3113,244800,51,775,9.812772304431448,96.69669669669669,3.303303303303303,12.21886407347804
"Staunton city, Virginia",25765,62586,3042,12905,647,3509,239300,51,790,11.8067145352222,95.22579693034238,4.774203069657615,13.61925092179313
"Suffolk city, Virginia",96638,90089,9454,47357,2501,13145,329600,51,800,9.782901136199012,94.98375386096514,5.016246139034859,13.602309650448063
"Virginia Beach city, Virginia",457066,90685,37541,233130,10036,79246,366300,51,810,8.21347464042392,95.87277826669846,4.127221733301531,17.337977447458353
"Waynesboro city, Virginia",22574,56364,2612,11452,438,2495,236600,51,820,11.57083370248959,96.31623212783852,3.68376787216148,11.05253831841942
"Williamsburg city, Virginia",15564,70206,1520,6974,494,1991,393200,51,830,9.766126959650476,93.3851098018211,6.614890198178896,12.792341300436904
"Winchester city, Virginia",27981,64648,5182,14804,868,3344,325900,51,840,18.519709803080662,94.46145992853496,5.538540071465033,11.95096672742218
"Adams County, Washington",20690,65042,4199,8729,354,1150,251300,53,001,20.294828419526343,96.10260927006496,3.8973907299350437,5.5582406959884
"Asotin County, Washington",22424,69107,3317,10373,597,2428,286200,53,003,14.79218694256154,94.55788514129443,5.442114858705561,10.827684623617552
"Benton County, Washington",210224,87316,23008,100263,5018,27497,369400,53,005,10.944516325443336,95.23370788651324,4.766292113486764,13.079857675622195
"Chelan County, Washington",79518,78306,7085,38337,1528,10806,454900,53,007,8.909932342362735,96.16706384046155,3.832936159538442,13.589375990341809
"Clallam County, Washington",77593,67999,8225,31389,1876,11064,385600,53,009,10.600183006199012,94.36043889974448,5.6395611002555235,14.259018210405577
"Clark County, Washington",510516,94948,42559,260148,13519,73646,487900,53,011,8.336467417279772,95.06005473805756,4.939945261942434,14.425796644963135
"Columbia County, Washington",3996,71528,357,1823,62,496,256100,53,013,8.933933933933934,96.71087533156498,3.2891246684350133,12.412412412412413
"Cowlitz County, Washington",111539,72932,14294,49301,2538,8973,367400,53,015,12.815248478110796,95.10407222361542,4.895927776384576,8.044719784111386
"Douglas County, Washington",43733,80374,3444,21918,887,4440,402900,53,017,7.875060023323348,96.11050208287656,3.8894979171234376,10.15251640637505
"Ferry County, Washington",7326,54650,1131,2754,277,635,274500,53,019,15.438165438165438,90.8611019465523,9.138898053447706,8.667758667758669
"Franklin County, Washington",97676,82755,12414,46583,2490,7269,345700,53,021,12.709365657889348,94.92592668065942,5.074073319340574,7.441950939841926
"Garfield County, Washington",2326,62411,247,972,73,261,214200,53,023,10.619088564058469,93.01435406698565,6.9856459330143545,11.22098022355976
"Grant County, Washington",100428,71115,14884,46936,2973,7995,275700,53,025,14.820567969092286,94.04315854855838,5.9568414514416235,7.960927231449396
"Grays Harbor County, Washington",76397,63539,10358,32004,2115,6461,279500,53,027,13.558124010105107,93.80110788710103,6.198892112898971,8.457138369307696
"Island County, Washington",86747,88358,5875,34895,1626,13735,535300,53,029,6.7725685038099295,95.54776703814244,4.452232961857561,15.833400578694365
"Jefferson County, Washington",33313,71143,4123,12816,983,6653,495100,53,031,12.376549695314141,92.87629538372346,7.123704616276543,19.97118242127698
"King County, Washington",2262713,122148,186954,1304643,59490,529842,811200,53,033,8.262382370190121,95.63898828046825,4.361011719531747,23.416226450283354
"Kitsap County, Washington",276581,98546,22299,127276,6125,45717,505700,53,035,8.06237594050206,95.40858014557611,4.591419854423879,16.52933498685738
"Kittitas County, Washington",44736,69928,6130,23089,1183,6588,459900,53,037,13.70261087267525,95.12607119314437,4.873928806855636,14.726394849785407
"Klickitat County, Washington",23082,70400,3155,10537,507,3144,388700,53,039,13.668659561563123,95.40927200289751,4.5907279971024995,13.621003379256564
"Lewis County, Washington",83925,69690,10756,37496,2219,7997,341500,53,041,12.816204944891272,94.41269041923707,5.587309580762936,9.528745904081024
"Lincoln County, Washington",11271,71227,1162,4863,267,1294,272300,53,043,10.309644219678821,94.7953216374269,5.204678362573099,11.48079141158726
"Mason County, Washington",66968,78359,8232,27883,1842,6977,377400,53,045,12.29243817942898,93.80319596299411,6.1968040370058874,10.418408792258989
"Okanogan County, Washington",42811,60293,7827,19200,921,4598,284200,53,047,18.28268435682418,95.42269270910988,4.577307290890115,10.740230314638762
"Pacific County, Washington",23750,62350,2709,9805,468,3108,274000,53,049,11.406315789473684,95.44436873357344,4.5556312664265555,13.086315789473685
"Pend Oreille County, Washington",13811,63750,1853,5410,363,1352,307800,53,051,13.41684164796177,93.7121080893816,6.287891910618396,9.789298385345015
"Pierce County, Washington",924106,96632,80115,462886,23332,120918,484400,53,053,8.669459997013329,95.20132944481693,4.798670555183066,13.084862559057079
"San Juan County, Washington",18266,83682,1892,8653,264,4624,726500,53,055,10.358042264316216,97.03936301446674,2.960636985533251,25.31479251067557
"Skagit County, Washington",130407,85474,14887,61137,2972,16796,486200,53,057,11.415798231690017,95.36414543979784,4.635854560202156,12.879676704471384
"Skamania County, Washington",12276,90085,1008,6092,348,1687,472600,53,059,8.211143695014663,94.59627329192547,5.403726708074534,13.742261322906485
"Snohomish County, Washington",834648,107982,65003,446727,19445,142015,644600,53,061,7.7880735351908825,95.82879280608874,4.17120719391126,17.014957203515735
"Spokane County, Washington",544323,73513,64956,267755,15346,76964,370500,53,063,11.933355746496106,94.57931974807578,5.420680251924225,14.13939884958012
"Stevens County, Washington",47470,67405,6072,19122,1006,4545,308000,53,065,12.791236570465559,95.00198728139905,4.998012718600954,9.574468085106384
"Thurston County, Washington",296640,93985,28292,143346,7504,48591,451500,53,067,9.537486515641854,95.02552204176334,4.974477958236659,16.380461165048544
"Wahkiakum County, Washington",4573,57091,714,1589,42,537,344500,53,069,15.613382899628252,97.42489270386267,2.575107296137339,11.74283839930024
"Walla Walla County, Washington",62102,72212,6738,29827,1698,6905,375600,53,071,10.849892112975427,94.61379857256146,5.386201427438541,11.118804547357573
"Whatcom County, Washington",228432,80989,28364,119342,6050,36442,536100,53,073,12.416824262800308,95.17513078984305,4.8248692101569475,15.95310639490089
"Whitman County, Washington",47042,52893,9743,25193,1634,6602,323300,53,075,20.711279282343437,93.90912140753717,6.0908785924628175,14.034267250542069
"Yakima County, Washington",256605,68015,39074,118580,8418,18944,281100,53,077,15.22729486954658,93.37154915825447,6.62845084174554,7.38255295103369
"Barbour County, West Virginia",15454,48347,3083,6373,658,807,126000,54,001,19.949527630386953,90.6414450291566,9.358554970843407,5.221949009965058
"Berkeley County, West Virginia",126165,77329,14159,66763,3174,13765,248000,54,003,11.222605318432212,95.46162975249153,4.538370247508472,10.910315856220029
"Boone County, West Virginia",21312,56152,3642,7695,675,1050,90300,54,005,17.088963963963963,91.93548387096774,8.064516129032258,4.926801801801802
"Braxton County, West Virginia",12345,44449,2236,4343,556,808,106400,54,007,18.112596192790605,88.6507450500102,11.349254949989794,6.54515998379911
"Brooke County, West Virginia",22053,52116,2552,10251,615,2225,127700,54,009,11.572121706797262,94.34014356709001,5.6598564329099945,10.089330249852628
"Cabell County, West Virginia",93300,52828,17623,43534,2514,11502,156100,54,011,18.888531618435156,94.54047949965255,5.459520500347463,12.327974276527332
"Calhoun County, West Virginia",6158,41421,2046,2057,224,308,111200,54,013,33.22507307567392,90.17974572555897,9.820254274441034,5.001623903864892
"Clay County, West Virginia",7946,42790,1952,2644,311,381,107100,54,015,24.565819280140953,89.47546531302876,10.524534686971235,4.794865341052102
"Doddridge County, West Virginia",7767,61164,966,2983,140,545,160000,54,017,12.437234453456933,95.51713096381684,4.482869036183157,7.0168662289172135
"Fayette County, West Virginia",39987,52672,7282,15591,1113,3218,104200,54,019,18.21091854852827,93.33692528735632,6.663074712643678,8.047615475029385
"Gilmer County, West Virginia",7376,50991,684,2294,186,642,83300,54,021,9.273318872017354,92.5,7.5,8.703904555314534
"Grant County, West Virginia",10972,61530,1458,5192,255,1003,167500,54,023,13.288370397375138,95.3185239581421,4.681476041857904,9.141450966095515
"Greenbrier County, West Virginia",32688,48662,6611,13737,575,3097,136300,54,025,20.224547234459127,95.98239239798771,4.017607602012297,9.474424865394028
"Hampshire County, West Virginia",23340,60299,3214,9998,720,1845,204600,54,027,13.770351328191946,93.28232879268519,6.7176712073147975,7.904884318766067
"Hancock County, West Virginia",28658,61017,4211,13761,1130,3174,119600,54,029,14.693977248935724,92.41152373917132,7.588476260828688,11.075441412520064
"Hardy County, West Virginia",14236,49302,2491,7027,398,907,159700,54,031,17.49789266647935,94.63973063973063,5.360269360269361,6.371171677437483
"Harrison County, West Virginia",65407,58326,8708,30303,1289,7372,158500,54,033,13.313559710734324,95.91985312737403,4.080146872625981,11.270964881434708
"Jackson County, West Virginia",27753,55671,4826,10765,467,2362,154600,54,035,17.389111087089685,95.84223646723646,4.157763532763533,8.510791626130509
"Jefferson County, West Virginia",58546,95523,5038,30267,1248,8646,324500,54,037,8.605199330441021,96.03998096144693,3.96001903855307,14.767874833464283
"Kanawha County, West Virginia",178198,58887,28216,81401,4475,22205,135000,54,039,15.834072211809335,94.7889980902697,5.211001909730309,12.460858146556077
"Lewis County, West Virginia",16808,52279,3222,6923,653,1377,135800,54,041,19.169443122322704,91.38067581837382,8.619324181626189,8.192527367920038
"Lincoln County, West Virginia",20170,48593,4099,7009,429,725,103400,54,043,20.322260783341598,94.2323205162678,5.767679483732186,3.5944471988101143
"Logan County, West Virginia",31826,47237,6621,11207,1101,1654,101500,54,045,20.803745365424493,91.05459863503413,8.945401364965875,5.197008734996544
"McDowell County, West Virginia",18413,29980,5054,4397,656,594,49200,54,047,27.447998696573073,87.01761329903029,12.98238670096972,3.2259816434041166
"Marion County, West Virginia",56042,67537,7414,27420,1448,6327,164300,54,049,13.229363691517076,94.9840654011362,5.015934598863794,11.289746975482675
"Marshall County, West Virginia",30129,60329,4396,13863,557,2740,139800,54,051,14.590593780078995,96.13730929264909,3.862690707350901,9.094228152278536
"Mason County, West Virginia",25214,53454,4366,9663,287,1959,127400,54,053,17.315776949313875,97.11557788944724,2.8844221105527637,7.76949313873245
"Mercer County, West Virginia",59062,47799,10372,23775,955,5678,118600,54,055,17.561206867359726,96.13829357056207,3.86170642943793,9.613626358741662
"Mineral County, West Virginia",26922,68049,3719,11949,711,2360,180400,54,057,13.813981130673799,94.38388625592417,5.616113744075829,8.766064928311417
"Mingo County, West Virginia",22979,39527,6804,6812,738,821,85600,54,059,29.60964358762348,90.22516556291392,9.774834437086092,3.572827364115062
"Monongalia County, West Virginia",106520,62704,20538,57503,2864,14422,254200,54,061,19.280886218550506,95.25568605363858,4.744313946361423,13.539241457003378
"Monroe County, West Virginia",12401,54508,1929,5076,507,888,146100,54,063,15.555197161519233,90.91886082751209,9.081139172487909,7.160712845738247
"Morgan County, West Virginia",17327,63805,1891,8440,289,1209,223100,54,065,10.91360304726727,96.68919692977431,3.3108030702256848,6.977549489236452
"Nicholas County, West Virginia",24446,49280,4323,9496,819,1872,114200,54,067,17.683874662521475,92.06010664081434,7.9398933591856515,7.657694510349342
"Ohio County, West Virginia",41904,57867,6216,19708,1134,5540,165300,54,069,14.833906071019474,94.55906342961327,5.440936570386719,13.220694921725851
"Pendleton County, West Virginia",6111,61738,982,2628,166,654,178600,54,071,16.069383079692358,94.05869720830351,5.941302791696493,10.702012763868433
"Pleasants County, West Virginia",7572,61038,565,3445,226,421,129300,54,073,7.461701003697834,93.84363933533098,6.156360664669028,5.5599577390385635
"Pocahontas County, West Virginia",7855,41200,1558,2753,292,523,139400,54,075,19.83450031826862,90.41050903119869,9.589490968801313,6.658179503500955
"Preston County, West Virginia",34204,61373,4284,14321,892,3006,157700,54,077,12.524850894632205,94.13659370275423,5.863406297245777,8.788445795813356
"Putnam County, West Virginia",57250,77871,6070,27028,878,6814,214200,54,079,10.602620087336243,96.85372321364582,3.146276786354189,11.902183406113537
"Raleigh County, West Virginia",73666,52055,15123,28849,1574,6835,142600,54,081,20.52914506013629,94.82628274660618,5.173717253393814,9.278364510086064
"Randolph County, West Virginia",27782,55057,3725,11650,816,2675,137800,54,083,13.407961989777553,93.45419541151934,6.545804588480668,9.628536462457706
"Ritchie County, West Virginia",8372,50256,1785,2994,51,662,107800,54,085,21.321070234113712,98.32512315270935,1.6748768472906401,7.907310081223125
"Roane County, West Virginia",13921,45194,2790,4704,426,949,121100,54,087,20.04166367358667,91.69590643274854,8.304093567251462,6.817039005818549
"Summers County, West Virginia",11833,42544,2105,3635,207,937,126100,54,089,17.789233499535197,94.6121811556481,5.3878188443519,7.9185329164201805
"Taylor County, West Virginia",16543,56807,2366,7253,697,1302,144000,54,091,14.30212174333555,91.23270440251572,8.767295597484278,7.870398355800036
"Tucker County, West Virginia",6698,53475,859,3138,193,652,144700,54,093,12.824723798148701,94.20594416091264,5.7940558390873615,9.734249029561063
"Tyler County, West Virginia",8181,58293,1426,3083,183,626,112100,54,095,17.4306319520841,94.39681567666871,5.603184323331292,7.651876298740985
"Upshur County, West Virginia",23758,51859,4093,9726,568,1591,160700,54,097,17.227881134775654,94.4822226539732,5.517777346026811,6.6966916407104975
"Wayne County, West Virginia",38498,55539,6015,15520,836,2772,124900,54,099,15.624188269520495,94.88872584984104,5.111274150158963,7.200374045404956
"Webster County, West Virginia",8253,42061,1812,2794,268,576,78000,54,101,21.955652490003637,91.24755062050947,8.752449379490528,6.9792802617230105
"Wetzel County, West Virginia",14233,53341,2303,5389,314,857,102800,54,103,16.18070680812197,94.49412589864984,5.505874101350167,6.021218295510433
"Wirt County, West Virginia",5131,54688,930,2027,67,429,112800,54,105,18.125121808614306,96.80038204393504,3.1996179560649476,8.36094328590918
"Wood County, West Virginia",83829,56193,12208,37730,2119,8617,153700,54,107,14.562979398537498,94.68242615874928,5.317573841250722,10.279258967660358
"Wyoming County, West Virginia",20948,48038,4699,6728,374,960,78400,54,109,22.43173572656101,94.73387778090678,5.266122219093213,4.582776398701547
"Adams County, Wisconsin",20928,59153,2785,8845,452,2122,184500,55,001,13.307530581039757,95.1382166290201,4.861783370979886,10.139525993883792
"Ashland County, Wisconsin",16050,57645,2525,7924,374,1637,160500,55,003,15.732087227414329,95.49288985297663,4.507110147023379,10.199376947040498
"Barron County, Wisconsin",46741,64619,4566,23507,727,4938,198300,55,005,9.768725530048565,97.00008252867872,2.999917471321284,10.564600671787082
"Bayfield County, Wisconsin",16410,69609,1453,7579,270,2785,228100,55,007,8.854357099329677,96.56007134666837,3.4399286533316342,16.971358927483244
"Brown County, Wisconsin",269425,77490,25754,146319,4096,41260,245900,55,009,9.558875382759581,97.27686733371007,2.7231326662899313,15.314094831585784
"Buffalo County, Wisconsin",13341,68722,1154,6960,180,1563,197600,55,011,8.650026234914925,97.47899159663865,2.5210084033613445,11.715763436024286
"Burnett County, Wisconsin",16741,61664,2178,7145,313,1974,215500,55,013,13.009975509228838,95.80316438723519,4.196835612764816,11.791410310017323
"Calumet County, Wisconsin",52626,87700,2964,29542,642,8793,252100,55,015,5.632197012883366,97.87304532202491,2.1269546779750863,16.708471097936382
"Chippewa County, Wisconsin",66558,74009,5892,34206,1013,8349,237700,55,017,8.852429460019833,97.12371163292542,2.8762883670745905,12.54394663301181
"Clark County, Wisconsin",34736,66250,4099,16555,541,2048,163800,55,019,11.800437586365732,96.83551708001872,3.164482919981282,5.89590050667895
"Columbia County, Wisconsin",58322,82792,4443,31281,946,7372,258700,55,021,7.618051507149961,97.06457318397617,2.935426816023831,12.64017009018895
"Crawford County, Wisconsin",16064,63496,1918,7150,219,1479,175100,55,023,11.939741035856574,97.02809065002036,2.9719093499796445,9.206922310756973
"Dane County, Wisconsin",564777,88108,57774,327177,7916,122398,366100,55,025,10.229524219293634,97.6376707361837,2.3623292638163136,21.671916526345797
"Dodge County, Wisconsin",88818,73992,6621,48153,1881,9239,218400,55,027,7.454570019590625,96.2405564216333,3.7594435783667106,10.4021707311581
"Door County, Wisconsin",30279,71785,2595,15050,509,5668,305800,55,029,8.570296244922224,96.72858152837586,3.271418471624141,18.7192443607781
"Douglas County, Wisconsin",44197,72579,4478,22919,800,6380,190400,55,031,10.131909405615765,96.62717652514861,3.3728234748513852,14.435368916442293
"Dunn County, Wisconsin",45349,71785,4504,25205,1051,5181,226200,55,033,9.931861783060265,95.99710542352224,4.0028945764777575,11.424728218924342
"Eau Claire County, Wisconsin",106328,71834,11821,60009,1869,16076,242400,55,035,11.117485516514936,96.97954038592069,3.0204596140793174,15.119253630276127
"Florence County, Wisconsin",4617,62786,384,2087,114,645,170000,55,037,8.317089018843404,94.82053611994547,5.17946388005452,13.97011046133853
"Fond du Lac County, Wisconsin",104053,73154,8792,55003,1690,10972,209800,55,039,8.449540138198802,97.01903233203394,2.9809676679660626,10.54462629621443
"Forest County, Wisconsin",9261,59727,1361,3875,135,813,170000,55,041,14.696037145016739,96.63341645885288,3.366583541147132,8.778749595076125
"Grant County, Wisconsin",51678,64349,6469,26651,736,4949,186300,55,043,12.517899299508494,97.31259356629057,2.687406433709424,9.576609001896358
"Green County, Wisconsin",37036,80248,2548,20348,730,4911,236900,55,045,6.879792634193757,96.53667330866305,3.463326691336939,13.260071281995897
"Green Lake County, Wisconsin",19165,66917,2492,9022,286,1993,206300,55,047,13.002869814766502,96.92737430167597,3.072625698324022,10.3991651447952
"Iowa County, Wisconsin",23832,83372,1815,13113,430,3280,248100,55,049,7.615810674723061,96.82492800708853,3.1750719929114672,13.763007720711649
"Iron County, Wisconsin",6164,59058,698,2777,80,845,155200,55,051,11.323815704088254,97.19985999299965,2.80014000700035,13.708630759247242
"Jackson County, Wisconsin",20971,65508,2493,9724,515,1629,186900,55,053,11.88784511945067,94.97021193475925,5.029788065240746,7.76786991559773
"Jefferson County, Wisconsin",85867,80604,6734,48089,1608,11666,253800,55,055,7.842360860400387,96.76439221683401,3.2356077831659857,13.586127383045874
"Juneau County, Wisconsin",26695,65150,3627,12384,517,2264,165200,55,057,13.586814010114253,95.99255871637857,4.007441283621425,8.48098894924143
"Kenosha County, Wisconsin",168413,79412,17302,91041,4399,22620,247800,55,059,10.273553704286487,95.39082145850797,4.609178541492037,13.431267182462161
"Kewaunee County, Wisconsin",20621,80085,1559,10856,176,2072,208900,55,061,7.560254109887979,98.40464104423495,1.5953589557650472,10.04800931089666
"La Crosse County, Wisconsin",120262,70704,14383,66030,2013,17289,243200,55,063,11.959721275215779,97.04157665005953,2.958423349940479,14.37611215512797
"Lafayette County, Wisconsin",16788,72091,1783,8574,215,1653,182100,55,065,10.620681439123183,97.55376038229605,2.4462396177039483,9.846318799142244
"Langlade County, Wisconsin",19473,57258,2323,9516,326,1744,145800,55,067,11.929338057823653,96.68766510871774,3.31233489128226,8.955990345606738
"Lincoln County, Wisconsin",28403,67726,2925,14173,500,2768,177700,55,069,10.29820793578143,96.59238056293873,3.407619437061269,9.745449424356583
"Manitowoc County, Wisconsin",81314,68611,7826,41229,850,9231,172900,55,071,9.624418919251298,97.97999001877422,2.0200099812257895,11.352288658779546
"Marathon County, Wisconsin",138067,76185,12159,74232,2140,18307,205500,55,073,8.806593900063014,97.19792594144451,2.8020740585554917,13.259504443494825
"Marinette County, Wisconsin",41907,63401,3713,20109,782,4200,154600,55,075,8.860094972200349,96.25676128476377,3.743238715236226,10.02219199656382
"Marquette County, Wisconsin",15706,63471,1843,7202,208,1288,201100,55,077,11.734369030943588,97.19298245614036,2.807017543859649,8.200687635298612
"Menominee County, Wisconsin",4256,59528,895,1553,174,309,97000,55,078,21.029135338345863,89.92472495657209,10.07527504342791,7.260338345864661
"Milwaukee County, Wisconsin",927656,62118,158786,472799,22015,134690,216500,55,079,17.116905404589634,95.55085345200419,4.449146547995812,14.51939080866183
"Monroe County, Wisconsin",46169,68213,5384,22216,625,4364,197200,55,081,11.66150447269813,97.26369248281598,2.736307517184011,9.452229851198856
"Oconto County, Wisconsin",39329,75886,3265,19878,437,3963,212000,55,083,8.301762058531873,97.84888013782918,2.15111986217081,10.076533855424751
"Oneida County, Wisconsin",38007,69621,3067,17704,392,5181,227500,55,085,8.069566132554531,97.83377541998232,2.1662245800176834,13.631699423790355
"Outagamie County, Wisconsin",191537,82857,12068,106016,3149,30177,244100,55,087,6.300610325942246,97.11537580726424,2.884624192735767,15.75518046121637
"Ozaukee County, Wisconsin",92345,96734,4119,50088,1241,20318,368900,55,089,4.46044723590882,97.58226343782268,2.4177365621773266,22.002274080892306
"Pepin County, Wisconsin",7372,74536,580,3661,79,899,196100,55,091,7.867607162235486,97.88770053475936,2.1122994652406417,12.194791101465002
"Pierce County, Wisconsin",42351,88802,3806,23908,725,5722,308600,55,093,8.986800783924819,97.05679373198555,2.9432062680144524,13.510897027224859
"Polk County, Wisconsin",45327,76208,3708,23054,798,5618,241200,55,095,8.180554636309484,96.65436860640617,3.3456313935938287,12.39437862642575
"Portage County, Wisconsin",70375,73284,6898,38940,1247,10863,230400,55,097,9.80177619893428,96.89700649463757,3.1029935053624307,15.43587921847247
"Price County, Wisconsin",14077,58720,1804,6341,176,1289,146000,55,099,12.815230517866022,97.29937087617002,2.700629123829983,9.156780564040634
"Racine County, Wisconsin",196888,75331,20736,100388,4261,25503,239400,55,101,10.531875990410793,95.92829362917945,4.071706370820553,12.953049449433179
"Richland County, Wisconsin",17229,62649,2447,8298,271,1805,182800,55,103,14.202797608683035,96.83743727389427,3.1625627261057296,10.4765221428986
"Rock County, Wisconsin",163944,74390,16058,85572,3382,20000,215900,55,105,9.79480798321378,96.19803493940688,3.8019650605931155,12.199287561606402
"Rusk County, Wisconsin",14146,58322,1737,6496,320,1282,152000,55,107,12.279089495263678,95.30516431924883,4.694835680751173,9.062632546302842
"St. Croix County, Wisconsin",94819,102482,6188,52187,1027,17919,349700,55,109,6.526118183064576,98.07005675198256,1.9299432480174392,18.898111138063044
"Sauk County, Wisconsin",65759,77648,5690,35342,929,8586,242400,55,111,8.65280798065664,97.43872515232555,2.5612748476744507,13.056767894888912
"Sawyer County, Wisconsin",18243,59055,2660,8243,457,2421,223300,55,113,14.58093515320945,94.74712643678161,5.252873563218391,13.27084361124815
"Shawano County, Wisconsin",40927,67032,4404,20300,671,3778,179100,55,115,10.760622571896302,96.80034333126699,3.199656668733012,9.231069953820215
"Sheboygan County, Wisconsin",117783,71898,9265,62286,1490,15177,218400,55,117,7.866160651367345,97.6636979427998,2.3363020572002005,12.885560734571202
"Taylor County, Wisconsin",19972,63142,1835,10043,286,1661,186500,55,119,9.187863008211496,97.23109691160809,2.768903088391906,8.31664330062087
"Trempealeau County, Wisconsin",30786,71295,2564,15745,342,2769,203300,55,121,8.328460988761126,97.87405979983838,2.125940200161621,8.994348080296238
"Vernon County, Wisconsin",30915,69556,4431,14164,407,3379,210600,55,123,14.332848131974771,97.20678059158602,2.793219408413973,10.929969270580624
"Vilas County, Wisconsin",23410,67132,2527,10830,447,3625,270700,55,125,10.794532251174711,96.03617983506251,3.963820164937484,15.484835540367364
"Walworth County, Wisconsin",105447,77359,9976,57216,1934,15303,275900,55,127,9.460676927745693,96.73034657650042,3.269653423499577,14.512503911917834
"Washburn County, Wisconsin",16749,61270,1940,7648,296,2141,207900,55,129,11.582781061555913,96.27391742195368,3.726082578046324,12.782852707624336
"Washington County, Wisconsin",137320,95851,7183,77177,2080,23647,316200,55,131,5.2308476551121466,97.37562612766065,2.6243738723393517,17.220361200116514
"Waukesha County, Wisconsin",409040,104100,21085,224031,5761,92523,373600,55,133,5.154752591433601,97.49295014621919,2.5070498537808104,22.619548210443966
"Waupaca County, Wisconsin",51714,71189,5067,26403,855,5639,192800,55,135,9.798120431604595,96.86330618534008,3.136693814659916,10.90420389062923
"Waushara County, Wisconsin",24752,64968,2631,11370,481,2229,186000,55,137,10.629444085326439,95.94127077883724,4.058729221162771,9.005332902391725
"Winnebago County, Wisconsin",171357,72873,17903,93123,2047,24993,208600,55,139,10.44777861423811,97.84911211516234,2.150887884837659,14.585339379190811
"Wood County, Wisconsin",74039,66417,7543,36996,1608,7733,168100,55,141,10.187873958319264,95.83462853590301,4.165371464096985,10.444495468604384
"Albany County, Wyoming",37713,59881,7328,22135,952,6101,322100,56,001,19.43096544957972,95.87646727595617,4.123532724043835,16.17744544321587
"Big Horn County, Wyoming",11737,60547,1372,5453,273,1182,198200,56,003,11.689528840419188,95.2322738386308,4.767726161369193,10.070716537445684
"Campbell County, Wyoming",47018,95253,4210,25066,852,4340,266400,56,005,8.954017610276916,96.71270931399027,3.287290686009723,9.230507465226083
"Carbon County, Wyoming",14549,66721,1752,6587,394,1796,214500,56,007,12.042064746717987,94.35610943990832,5.643890560091677,12.344491030311362
"Converse County, Wyoming",13759,79164,1541,6811,242,1245,269700,56,009,11.199941856239553,96.56883595633063,3.4311640436693605,9.048622719674395
"Crook County, Wyoming",7339,71209,451,3598,29,1026,276800,56,011,6.145251396648044,99.200441135925,0.7995588640749932,13.980106281509745
"Fremont County, Wyoming",39472,64646,4766,18921,1502,4016,252700,56,013,12.074381840291853,92.64554668755814,7.354453312441855,10.174300770166193
"Goshen County, Wyoming",12587,64882,1439,5781,152,1314,234600,56,015,11.432430285214904,97.43805831788302,2.5619416821169727,10.439342178438071
"Hot Springs County, Wyoming",4618,64375,618,2117,36,600,214400,56,017,13.382416630576008,98.32791453785416,1.672085462145843,12.9926375054136
"Johnson County, Wyoming",8602,63905,900,4148,91,1157,296000,56,019,10.462683096954196,97.85326728001887,2.1467327199811277,13.450360381306673
"Laramie County, Wyoming",100661,77884,9755,50286,1674,13646,324900,56,021,9.690942867644868,96.7782909930716,3.221709006928406,13.556392247245705
"Lincoln County, Wyoming",20158,86092,1418,10102,202,2225,334500,56,023,7.034428018652644,98.03959627329193,1.9604037267080745,11.03780136918345
"Natrona County, Wyoming",79735,71247,7620,41805,1568,9214,260400,56,025,9.556656424405844,96.3848477163212,3.615152283678787,11.55577851633536
"Niobrara County, Wyoming",2415,48987,386,1098,36,312,194200,56,027,15.98343685300207,96.82539682539682,3.1746031746031744,12.919254658385093
"Park County, Wyoming",30109,70533,2519,14764,318,4903,374200,56,029,8.36626922182736,97.89152632276887,2.1084736772311365,16.2841675246604
"Platte County, Wyoming",8606,66299,864,3882,180,728,248900,56,031,10.039507320474089,95.56868537666175,4.431314623338257,8.459214501510575
"Sheridan County, Wyoming",31585,70855,3012,15929,430,4732,352200,56,033,9.536172233655215,97.37147747417325,2.628522525826762,14.981795155928445
"Sublette County, Wyoming",8806,82791,731,4452,81,1315,350100,56,035,8.301158301158301,98.21310390469887,1.786896095301125,14.933000227117873
"Sweetwater County, Wyoming",41786,76464,5537,21674,1254,3648,242900,56,037,13.25084956684057,94.53070481507328,5.469295184926727,8.730196716603647
"Teton County, Wyoming",23358,112681,1633,15260,374,7297,1371900,56,039,6.991180751776693,97.60777791991812,2.392222080081873,31.239832177412453
"Uinta County, Wyoming",20605,82672,1533,10039,352,2064,255400,56,041,7.439941761708322,96.61245308439996,3.3875469156000384,10.016986168405726
"Washakie County, Wyoming",7708,62648,651,3986,81,815,188600,56,043,8.445770627919046,98.00835997049421,1.9916400295057781,10.57343020238713
"Weston County, Wyoming",6835,87545,668,3159,45,679,214000,56,045,9.773226042428677,98.59550561797754,1.4044943820224718,9.934162399414777
"Adjuntas Municipio, Puerto Rico",17975,18605,11107,6260,1339,1778,88800,72,001,61.791376912378304,82.37926042900382,17.620739570996182,9.891515994436716
"Aguada Municipio, Puerto Rico",37904,21694,17571,12505,756,5307,108500,72,003,46.35658505698607,94.29907246813966,5.7009275318603425,14.001160827353315
"Aguadilla Municipio, Puerto Rico",54486,19826,25791,18457,2951,6804,141800,72,005,47.33509525382667,86.21543348281017,13.784566517189836,12.487611496531219
"Aguas Buenas Municipio, Puerto Rico",23888,22361,10388,8923,398,2925,135200,72,007,43.48626925653048,95.7300718806995,4.269928119300504,12.244641661085064
"Aibonito Municipio, Puerto Rico",24610,21714,10973,8121,518,3139,120400,72,009,44.58756603006908,94.00393564069915,5.996064359300845,12.754977651361235
"Añasco Municipio, Puerto Rico",25316,23591,11327,9714,625,3342,112700,72,011,44.74245536419655,93.95492794274108,6.045072057258922,13.20113762047717
"Arecibo Municipio, Puerto Rico",86875,23175,36775,31620,5198,13883,110800,72,013,42.330935251798564,85.88190558965724,14.118094410342765,15.980431654676257
"Arroyo Municipio, Puerto Rico",15573,18931,8463,4787,423,2395,95200,72,015,54.34405702176844,91.8809980806142,8.119001919385797,15.379181917421178
"Barceloneta Municipio, Puerto Rico",22565,21750,10233,8763,1288,3045,121200,72,017,45.34899180146244,87.18535469107552,12.814645308924485,13.494349656547753
"Barranquitas Municipio, Puerto Rico",28984,22167,14289,10490,1588,3858,120900,72,019,49.29961357990615,86.8521278357344,13.147872164265607,13.310792161192381
"Bayamón Municipio, Puerto Rico",183456,30729,61516,75010,6431,32863,143400,72,021,33.53174603174603,92.10348595916062,7.896514040839381,17.913287109715682
"Cabo Rojo Municipio, Puerto Rico",46955,25720,18013,18933,2721,7491,117800,72,023,38.36226173996379,87.43419229703518,12.56580770296481,15.95357256948142
"Caguas Municipio, Puerto Rico",126239,30113,46022,53329,4830,22192,143300,72,025,36.45624569269402,91.69518045358413,8.30481954641586,17.579353448617304
"Camuy Municipio, Puerto Rico",32753,26094,12696,12069,397,3791,105500,72,027,38.76286141727475,96.81533771859458,3.1846622814054224,11.574512258419075
"Canóvanas Municipio, Puerto Rico",42037,27278,14219,19261,2947,5855,116200,72,029,33.824963722435,86.73000720461094,13.269992795389049,13.928206104146348
"Carolina Municipio, Puerto Rico",153226,35126,44711,69213,8116,29410,152300,72,031,29.179773667654313,89.5045843086035,10.4954156913965,19.193870491953064
"Cataño Municipio, Puerto Rico",22768,24307,10066,8637,1051,2757,134700,72,033,44.21117357695011,89.15152766308836,10.848472336911644,12.109100491918483
"Cayey Municipio, Puerto Rico",41231,28461,15617,15374,901,6226,141600,72,035,37.876840241565816,94.46390168970814,5.536098310291859,15.100288617787589
"Ceiba Municipio, Puerto Rico",11128,23204,4599,4061,419,1433,110900,72,037,41.32818116462976,90.64732142857143,9.352678571428571,12.877426312005753
"Ciales Municipio, Puerto Rico",16874,20614,9801,4916,728,1826,95400,72,039,58.083441981747065,87.10134656272147,12.898653437278526,10.821382007822686
"Cidra Municipio, Puerto Rico",39765,27149,14366,14262,764,5696,137800,72,041,36.12724757952974,94.91547983495275,5.084520165047252,14.32415440714196
"Coamo Municipio, Puerto Rico",34294,20797,17750,11873,836,4563,104000,72,043,51.75832507144107,93.42198442048941,6.578015579510583,13.305534495830173
"Comerío Municipio, Puerto Rico",18775,17254,9943,6537,985,2062,103500,72,045,52.958721704394144,86.90507843658601,13.094921563413987,10.982689747003995
"Corozal Municipio, Puerto Rico",34474,23933,15142,12358,1028,4274,117800,72,047,43.92295643093346,92.32033467802181,7.679665321978186,12.397749028253175
"Culebra Municipio, Puerto Rico",1281,27614,267,670,22,131,168200,72,049,20.843091334894616,96.82080924855492,3.1791907514450863,10.226385636221702
"Dorado Municipio, Puerto Rico",35816,33388,10439,14366,1638,6622,157800,72,051,29.146191646191642,89.76505873531617,10.23494126468383,18.488943488943487
"Fajardo Municipio, Puerto Rico",31756,25170,13114,13587,2485,5554,118400,72,053,41.29613301423353,84.5383275261324,15.461672473867596,17.489608263005415
"Florida Municipio, Puerto Rico",11624,21213,5863,4423,906,1195,104500,72,054,50.438747419132824,82.99868643272659,17.00131356727341,10.28045423262216
"Guánica Municipio, Puerto Rico",13266,16210,8474,4457,1190,1119,82800,72,055,63.877581788029545,78.92686382149815,21.07313617850186,8.43509724106739
"Guayama Municipio, Puerto Rico",35845,20273,16414,10710,746,3871,103500,72,057,45.791602733993585,93.48812849162012,6.511871508379888,10.799274654763567
"Guayanilla Municipio, Puerto Rico",17418,21400,8702,5716,1147,2429,84800,72,059,49.9598116890573,83.28719219000436,16.712807809995628,13.945343897117922
"Guaynabo Municipio, Puerto Rico",89503,46048,21393,40203,3025,20443,214500,72,061,23.901992111996247,93.00222078282594,6.997779217174053,22.840575176251075
"Gurabo Municipio, Puerto Rico",40383,39532,12871,19226,2502,7197,160100,72,063,31.8723225119481,88.48490427098675,11.515095729013254,17.821855731372114
"Hatillo Municipio, Puerto Rico",38266,28001,13868,14643,1083,6487,128500,72,065,36.241049495635814,93.11331552842427,6.886684471575734,16.952385930068466
"Hormigueros Municipio, Puerto Rico",15520,24862,6171,6093,823,2888,115600,72,067,39.76159793814433,88.10005783689995,11.899942163100057,18.608247422680414
"Humacao Municipio, Puerto Rico",50441,26083,19315,16511,928,7055,117900,72,069,38.29226224698162,94.67859395607546,5.3214060439245365,13.986637854126604
"Isabela Municipio, Puerto Rico",42878,20484,19837,14034,1138,6382,121800,72,071,46.26381827510612,92.49934089111521,7.500659108884787,14.884089742991744
"Jayuya Municipio, Puerto Rico",14653,18413,8025,4567,815,1628,105000,72,073,54.76694192315566,84.85693050910442,15.143069490895577,11.110352828772264
"Juana Díaz Municipio, Puerto Rico",46276,23823,19687,17601,3066,6989,102900,72,075,42.542570662978655,85.16475540717086,14.835244592829147,15.102861094303744
"Juncos Municipio, Puerto Rico",36895,28196,12527,15740,1467,4698,116700,72,077,33.95311017753083,91.47439995350729,8.525600046492707,12.733432714459955
"Lajas Municipio, Puerto Rico",23133,18920,12223,8591,1747,2932,102400,72,079,52.83793714606839,83.1011801122074,16.89881988779261,12.67453421519042
"Lares Municipio, Puerto Rico",27944,19323,15152,9941,1300,3280,102200,72,081,54.222731176638995,88.43519259852326,11.564807401476736,11.737761236759232
"Las Marías Municipio, Puerto Rico",8790,16170,4712,2648,188,878,89700,72,083,53.606370875995445,93.37094499294781,6.629055007052186,9.988623435722412
"Las Piedras Municipio, Puerto Rico",35034,25697,13111,12979,1021,5296,121300,72,085,37.423645601415764,92.70714285714286,7.292857142857143,15.116743734657762
"Loíza Municipio, Puerto Rico",23176,22500,10366,9257,1714,2553,111000,72,087,44.72730410769762,84.37699389299061,15.623006107009388,11.015705902657922
"Luquillo Municipio, Puerto Rico",17631,23769,7707,7414,1668,2154,125200,72,089,43.71277862855199,81.63400132129487,18.365998678705132,12.217117576995065
"Manatí Municipio, Puerto Rico",39152,20352,17869,13691,2330,5102,116000,72,091,45.64006947282387,85.45658822795082,14.543411772049186,13.031262770739682
"Maricao Municipio, Puerto Rico",5176,20541,2725,1329,0,271,103800,72,093,52.6468315301391,100.0,0.0,5.2357032457496135
"Maunabo Municipio, Puerto Rico",10482,19363,5535,3169,533,621,106000,72,095,52.804808242701775,85.60237709346299,14.397622906537007,5.924441900400687
"Mayagüez Municipio, Puerto Rico",71824,17963,37469,26344,5979,9171,107900,72,097,52.167799064379594,81.50233579803854,18.497664201961452,12.76871240810871
"Moca Municipio, Puerto Rico",37402,21415,17064,14517,2782,5061,116400,72,099,45.62322870434736,83.91814555754668,16.081854442453324,13.531361959253516
"Morovis Municipio, Puerto Rico",28534,23010,13879,10741,1409,3330,113800,72,101,48.64021868647929,88.40329218106996,11.59670781893004,11.67028807738137
"Naguabo Municipio, Puerto Rico",23205,21416,11099,7985,737,2997,105500,72,103,47.830209006679596,91.55010318734236,8.449896812657649,12.915319974143506
"Naranjito Municipio, Puerto Rico",29246,21399,14676,10394,1651,3372,106800,72,105,50.181221363605275,86.29306766293068,13.706932337069325,11.52978185050947
"Orocovis Municipio, Puerto Rico",21351,19062,11147,6804,952,2249,94700,72,107,52.208327478806616,87.72563176895306,12.274368231046932,10.533464474731863
"Patillas Municipio, Puerto Rico",15753,23422,7513,4939,502,1702,89200,72,109,47.69250301529867,90.77375482448079,9.226245175519205,10.804291246111852
"Peñuelas Municipio, Puerto Rico",20082,20959,10240,7014,655,3054,88000,72,111,50.99093715765362,91.45912113704526,8.540878862954752,15.207648640573648
"Ponce Municipio, Puerto Rico",134676,18827,66952,43795,6160,20715,108200,72,113,49.71338620095637,87.66890201181063,12.33109798818937,15.381359707743028
"Quebradillas Municipio, Puerto Rico",23486,23624,10559,7913,638,2741,109700,72,115,44.95869879928468,92.53888434101275,7.461115658987253,11.670782593885718
"Rincón Municipio, Puerto Rico",15276,25223,6800,5602,346,2303,154900,72,117,44.51427075150563,94.18291862811029,5.817081371889711,15.075936108929039
"Río Grande Municipio, Puerto Rico",46478,26745,17042,20970,3460,7171,128900,72,119,36.666810103704975,85.8370855505526,14.1629144494474,15.428805026033823
"Sabana Grande Municipio, Puerto Rico",22541,20564,9984,7858,1064,4073,100300,72,121,44.2926223326383,88.07442277516252,11.92557722483748,18.069295949602946
"Salinas Municipio, Puerto Rico",25397,21611,12122,8637,605,2853,91700,72,123,47.73004685592787,93.45379787924692,6.546202120753083,11.233610268929402
"San Germán Municipio, Puerto Rico",31514,17921,16193,8491,560,4272,100100,72,125,51.38351208986482,93.81283836040217,6.187161639597835,13.555879926381925
"San Juan Municipio, Puerto Rico",338661,26981,132143,152022,21973,64267,171400,72,127,39.019255243444036,87.3714761918446,12.628523808155407,18.97679390304759
"San Lorenzo Municipio, Puerto Rico",37515,21320,16674,13254,969,3722,114500,72,129,44.44622151139544,93.18709133094283,6.81290866905716,9.921364787418366
"San Sebastián Municipio, Puerto Rico",39168,17834,20408,13186,1819,5172,110500,72,131,52.10375816993464,87.87737420859713,12.122625791402866,13.204656862745098
"Santa Isabel Municipio, Puerto Rico",20064,23197,9169,8099,500,3327,106100,72,133,45.698763955342905,94.18537039190603,5.814629608093965,16.58193779904306
"Toa Alta Municipio, Puerto Rico",66536,33349,22427,29644,2418,10284,152000,72,135,33.70656486713959,92.45836192377269,7.54163807622731,15.456294336900326
"Toa Baja Municipio, Puerto Rico",73987,29648,24898,33630,3113,11324,137800,72,137,33.65185775879546,91.52763791742645,8.472362082573552,15.305391487693784
"Trujillo Alto Municipio, Puerto Rico",67329,38773,18871,32091,2313,14570,163000,72,139,28.028041408605503,93.27694454133241,6.723055458667597,21.64000653507404
"Utuado Municipio, Puerto Rico",27896,17624,14852,9578,2562,3940,103600,72,141,53.240607972469164,78.89621087314663,21.10378912685338,14.123888729566964
"Vega Alta Municipio, Puerto Rico",35114,25235,14391,14413,2803,4331,134500,72,143,40.983653243720454,83.71863382899627,16.281366171003718,12.334111750299027
"Vega Baja Municipio, Puerto Rico",54058,23877,22724,19815,2660,7798,117700,72,145,42.03633134781161,88.1646273637375,11.835372636262514,14.42524695697214
"Vieques Municipio, Puerto Rico",8147,17531,4850,2606,223,330,113100,72,147,59.53111574812815,92.11735595616825,7.882644043831742,4.050570762243771
"Villalba Municipio, Puerto Rico",21778,24882,9065,7823,1057,2722,103300,72,149,41.62457525943613,88.09684684684684,11.903153153153154,12.498852052530077
"Yabucoa Municipio, Puerto Rico",29868,21279,14826,9439,913,3266,95600,72,151,49.638408999598234,91.18044822256569,8.819551777434311,10.934779697334939
"Yauco Municipio, Puerto Rico",33509,21918,14855,11844,1547,5117,98800,72,153,44.33137366080754,88.44746471510716,11.552535284892839,15.270524336745353
